candidate,network_type,preferred_name,gene_id,gene_symbol,degree,weighted_degree,component_id,component_size,consensus_rank,disease_direction,predicted_drug_direction,measured_drug_direction,reversal_pattern,candidate_role,biology_scope
Mocetinostat,physical,BIRC5,332,BIRC5,1,0.875,1,30,1.0,up,down,down,disease_up_drug_down,core_candidate,primary_network_and_pathway
Mocetinostat,physical,TCF21,6943,TCF21,0,0.0,144,1,2.0,down,up,up,disease_down_drug_up,core_candidate,primary_network_and_pathway
Mocetinostat,physical,LYVE1,10894,LYVE1,0,0.0,84,1,3.0,down,up,up,disease_down_drug_up,core_candidate,primary_network_and_pathway
Mocetinostat,physical,FOSB,2354,FOSB,2,1.876,2,3,4.0,down,up,up,disease_down_drug_up,core_candidate,primary_network_and_pathway
Mocetinostat,physical,TEK,7010,TEK,0,0.0,145,1,5.0,down,up,up,disease_down_drug_up,core_candidate,primary_network_and_pathway
Mocetinostat,physical,NR4A3,8013,NR4A3,0,0.0,97,1,6.0,down,up,up,disease_down_drug_up,core_candidate,primary_network_and_pathway
Mocetinostat,physical,GINS2,51659,GINS2,1,0.862,1,30,7.0,up,down,down,disease_up_drug_down,core_candidate,primary_network_and_pathway
Mocetinostat,physical,RAD51,5888,RAD51,4,3.152,1,30,8.0,up,down,down,disease_up_drug_down,core_candidate,primary_network_and_pathway
Mocetinostat,physical,PLK1,5347,PLK1,5,4.056,1,30,9.0,up,down,down,disease_up_drug_down,core_candidate,primary_network_and_pathway
Mocetinostat,physical,CCNA2,890,CCNA2,4,3.631,1,30,10.0,up,down,down,disease_up_drug_down,core_candidate,primary_network_and_pathway
Mocetinostat,physical,GPM6A,2823,GPM6A,0,0.0,62,1,11.0,down,up,up,disease_down_drug_up,core_candidate,primary_network_and_pathway
Mocetinostat,physical,HBB,3043,HBB,0,0.0,65,1,12.0,down,up,up,disease_down_drug_up,core_candidate,primary_network_and_pathway
Mocetinostat,physical,BUB1,699,BUB1,6,5.056,1,30,13.0,up,down,down,disease_up_drug_down,core_candidate,primary_network_and_pathway
Mocetinostat,physical,MCM10,55388,MCM10,2,1.682,1,30,14.0,up,down,down,disease_up_drug_down,core_candidate,primary_network_and_pathway
Mocetinostat,physical,HJURP,55355,HJURP,0,0.0,66,1,15.0,up,down,down,disease_up_drug_down,core_candidate,primary_network_and_pathway
Mocetinostat,physical,TPX2,22974,TPX2,1,0.999,1,30,16.0,up,down,down,disease_up_drug_down,core_candidate,primary_network_and_pathway
Mocetinostat,physical,CDCA3,83461,CDCA3,0,0.0,32,1,17.0,up,down,down,disease_up_drug_down,core_candidate,primary_network_and_pathway
Mocetinostat,physical,ASF1B,55723,ASF1B,0,0.0,21,1,18.0,up,down,down,disease_up_drug_down,core_candidate,primary_network_and_pathway
Mocetinostat,physical,KCNK3,3777,KCNK3,0,0.0,73,1,19.0,down,up,up,disease_down_drug_up,core_candidate,primary_network_and_pathway
Mocetinostat,physical,CKAP2,26586,CKAP2,0,0.0,37,1,20.0,up,down,down,disease_up_drug_down,core_candidate,primary_network_and_pathway
Mocetinostat,physical,WASF3,10810,WASF3,0,0.0,155,1,21.0,down,up,up,disease_down_drug_up,core_candidate,primary_network_and_pathway
Mocetinostat,physical,ATF3,467,ATF3,2,1.864,2,3,22.0,down,up,up,disease_down_drug_up,core_candidate,primary_network_and_pathway
Mocetinostat,physical,KIF22,3835,KIF22,0,0.0,75,1,23.0,up,down,down,disease_up_drug_down,core_candidate,primary_network_and_pathway
Mocetinostat,physical,DUSP1,1843,DUSP1,0,0.0,50,1,24.0,down,up,up,disease_down_drug_up,core_candidate,primary_network_and_pathway
Mocetinostat,physical,MAN1A1,4121,MAN1A1,0,0.0,85,1,25.0,down,up,up,disease_down_drug_up,core_candidate,primary_network_and_pathway
Mocetinostat,physical,ABCB1,5243,ABCB1,0,0.0,10,1,26.0,down,up,up,disease_down_drug_up,core_candidate,primary_network_and_pathway
Mocetinostat,physical,UBE2C,11065,UBE2C,5,4.154999999999999,1,30,27.0,up,down,down,disease_up_drug_down,core_candidate,primary_network_and_pathway
Mocetinostat,physical,ADH1B,125,ADH1B,0,0.0,13,1,28.0,down,up,up,disease_down_drug_up,core_candidate,primary_network_and_pathway
Mocetinostat,physical,RACGAP1,29127,RACGAP1,1,0.931,4,3,29.0,up,down,down,disease_up_drug_down,core_candidate,primary_network_and_pathway
Mocetinostat,physical,AQP7,364,AQP7,0,0.0,20,1,30.0,down,up,up,disease_down_drug_up,core_candidate,primary_network_and_pathway
Mocetinostat,physical,PDK4,5166,PDK4,0,0.0,108,1,31.0,down,up,up,disease_down_drug_up,core_candidate,primary_network_and_pathway
Mocetinostat,physical,PRELP,5549,PRELP,0,0.0,115,1,32.0,down,up,up,disease_down_drug_up,core_candidate,primary_network_and_pathway
Mocetinostat,physical,LTBP4,8425,LTBP4,0,0.0,83,1,33.0,down,up,up,disease_down_drug_up,core_candidate,primary_network_and_pathway
Mocetinostat,physical,SCN11A,11280,SCN11A,0,0.0,131,1,34.0,down,up,up,disease_down_drug_up,core_candidate,primary_network_and_pathway
Mocetinostat,physical,AOC3,8639,AOC3,0,0.0,18,1,35.0,down,up,up,disease_down_drug_up,core_candidate,primary_network_and_pathway
Mocetinostat,physical,SCN3A,6328,SCN3A,0,0.0,132,1,36.0,down,up,up,disease_down_drug_up,core_candidate,primary_network_and_pathway
Mocetinostat,physical,PDE2A,5138,PDE2A,0,0.0,105,1,37.0,down,up,up,disease_down_drug_up,core_candidate,primary_network_and_pathway
Mocetinostat,physical,STARD8,9754,STARD8,0,0.0,139,1,38.0,down,up,up,disease_down_drug_up,core_candidate,primary_network_and_pathway
Mocetinostat,physical,XPNPEP2,7512,XPNPEP2,0,0.0,157,1,39.0,down,up,up,disease_down_drug_up,core_candidate,primary_network_and_pathway
Mocetinostat,physical,PDGFRA,5156,PDGFRA,0,0.0,107,1,40.0,down,up,up,disease_down_drug_up,core_candidate,primary_network_and_pathway
Mocetinostat,physical,PRKAR2B,5577,PRKAR2B,0,0.0,116,1,41.0,down,up,up,disease_down_drug_up,core_candidate,primary_network_and_pathway
Mocetinostat,physical,FRMD1,79981,FRMD1,0,0.0,55,1,42.0,down,up,up,disease_down_drug_up,core_candidate,primary_network_and_pathway
Mocetinostat,physical,WLS,79971,WLS,0,0.0,156,1,43.0,down,up,up,disease_down_drug_up,core_candidate,primary_network_and_pathway
Mocetinostat,physical,ADRA1A,148,ADRA1A,0,0.0,14,1,44.0,down,up,up,disease_down_drug_up,core_candidate,primary_network_and_pathway
Mocetinostat,physical,CCDC86,79080,CCDC86,0,0.0,28,1,45.0,up,down,down,disease_up_drug_down,core_candidate,primary_network_and_pathway
Mocetinostat,physical,CHRDL1,91851,CHRDL1,0,0.0,36,1,46.0,down,up,up,disease_down_drug_up,core_candidate,primary_network_and_pathway
Mocetinostat,physical,OGN,4969,OGN,0,0.0,98,1,47.0,down,up,up,disease_down_drug_up,core_candidate,primary_network_and_pathway
Mocetinostat,physical,ZNF331,55422,ZNF331,0,0.0,160,1,48.0,down,up,up,disease_down_drug_up,core_candidate,primary_network_and_pathway
Mocetinostat,physical,TXNIP,10628,TXNIP,0,0.0,153,1,49.0,down,up,up,disease_down_drug_up,core_candidate,primary_network_and_pathway
Mocetinostat,physical,AURKA,6790,AURKA,6,5.284000000000001,1,30,50.0,up,down,down,disease_up_drug_down,core_candidate,primary_network_and_pathway
Mocetinostat,physical,LIFR,3977,LIFR,0,0.0,78,1,51.0,down,up,up,disease_down_drug_up,core_candidate,primary_network_and_pathway
Mocetinostat,physical,RASGRP2,10235,RASGRP2,0,0.0,123,1,52.0,down,up,up,disease_down_drug_up,core_candidate,primary_network_and_pathway
Mocetinostat,physical,FOS,2353,FOS,2,1.984,2,3,53.0,down,up,up,disease_down_drug_up,core_candidate,primary_network_and_pathway
Mocetinostat,physical,CLEC3B,7123,CLEC3B,0,0.0,39,1,54.0,down,up,up,disease_down_drug_up,core_candidate,primary_network_and_pathway
Mocetinostat,physical,TSPAN7,7102,TSPAN7,0,0.0,151,1,55.0,down,up,up,disease_down_drug_up,core_candidate,primary_network_and_pathway
Mocetinostat,physical,ATP1B2,482,ATP1B2,2,1.62,3,3,56.0,down,up,up,disease_down_drug_up,core_candidate,primary_network_and_pathway
Mocetinostat,physical,HSD17B6,8630,HSD17B6,0,0.0,68,1,57.0,down,up,up,disease_down_drug_up,core_candidate,primary_network_and_pathway
Mocetinostat,physical,KIF20A,10112,KIF20A,2,1.687,4,3,58.0,up,down,down,disease_up_drug_down,core_candidate,primary_network_and_pathway
Mocetinostat,physical,CCNB2,9133,CCNB2,2,1.6,1,30,59.0,up,down,down,disease_up_drug_down,core_candidate,primary_network_and_pathway
Mocetinostat,physical,TOP2A,7153,TOP2A,0,0.0,148,1,60.0,up,down,down,disease_up_drug_down,core_candidate,primary_network_and_pathway
Mocetinostat,physical,FOXM1,2305,FOXM1,2,1.71,1,30,61.0,up,down,down,disease_up_drug_down,core_candidate,primary_network_and_pathway
Mocetinostat,physical,AKAP12,9590,AKAP12,0,0.0,15,1,62.0,down,up,up,disease_down_drug_up,core_candidate,primary_network_and_pathway
Mocetinostat,physical,CDC20,991,CDC20,6,5.6530000000000005,1,30,63.0,up,down,down,disease_up_drug_down,core_candidate,primary_network_and_pathway
Mocetinostat,physical,SCN7A,6332,SCN7A,0,0.0,133,1,64.0,down,up,up,disease_down_drug_up,core_candidate,primary_network_and_pathway
Mocetinostat,physical,RERGL,79785,RERGL,0,0.0,125,1,65.0,down,up,up,disease_down_drug_up,core_candidate,primary_network_and_pathway
Mocetinostat,physical,KIF14,9928,KIF14,1,0.756,4,3,66.0,up,down,down,disease_up_drug_down,core_candidate,primary_network_and_pathway
Mocetinostat,physical,TTK,7272,TTK,0,0.0,152,1,67.0,up,down,down,disease_up_drug_down,core_candidate,primary_network_and_pathway
Mocetinostat,physical,NCAPG,64151,NCAPG,1,0.999,7,2,68.0,up,down,down,disease_up_drug_down,core_candidate,primary_network_and_pathway
Mocetinostat,physical,DLGAP5,9787,DLGAP5,0,0.0,46,1,69.0,up,down,down,disease_up_drug_down,core_candidate,primary_network_and_pathway
Mocetinostat,physical,AMT,275,AMT,0,0.0,17,1,70.0,down,up,up,disease_down_drug_up,core_candidate,primary_network_and_pathway
Mocetinostat,physical,CEP55,55165,CEP55,0,0.0,34,1,71.0,up,down,down,disease_up_drug_down,core_candidate,primary_network_and_pathway
Mocetinostat,physical,NCAPH,23397,NCAPH,1,0.999,7,2,72.0,up,down,down,disease_up_drug_down,core_candidate,primary_network_and_pathway
Mocetinostat,physical,TRHDE,29953,TRHDE,0,0.0,150,1,73.0,down,up,up,disease_down_drug_up,core_candidate,primary_network_and_pathway
Mocetinostat,physical,SEMA3D,223117,SEMA3D,0,0.0,134,1,74.0,down,up,up,disease_down_drug_up,core_candidate,primary_network_and_pathway
Mocetinostat,physical,GPR17,2840,GPR17,0,0.0,63,1,75.0,down,up,up,disease_down_drug_up,core_candidate,primary_network_and_pathway
Mocetinostat,physical,PPP1R1A,5502,PPP1R1A,0,0.0,114,1,76.0,down,up,up,disease_down_drug_up,core_candidate,primary_network_and_pathway
Mocetinostat,physical,PEG3,5178,PEG3,0,0.0,109,1,77.0,down,up,up,disease_down_drug_up,core_candidate,primary_network_and_pathway
Mocetinostat,physical,ITGA8,8516,ITGA8,0,0.0,71,1,78.0,down,up,up,disease_down_drug_up,core_candidate,primary_network_and_pathway
Mocetinostat,physical,TACC3,10460,TACC3,1,0.984,1,30,79.0,up,down,down,disease_up_drug_down,core_candidate,primary_network_and_pathway
Mocetinostat,physical,EZH2,2146,EZH2,3,2.815,1,30,80.0,up,down,down,disease_up_drug_down,core_candidate,primary_network_and_pathway
Mocetinostat,physical,PELI2,57161,PELI2,0,0.0,110,1,81.0,down,up,up,disease_down_drug_up,core_candidate,primary_network_and_pathway
Mocetinostat,physical,DEPDC1,55635,DEPDC1,0,0.0,43,1,82.0,up,down,down,disease_up_drug_down,core_candidate,primary_network_and_pathway
Mocetinostat,physical,FXYD1,5348,FXYD1,2,1.62,3,3,83.0,down,up,up,disease_down_drug_up,core_candidate,primary_network_and_pathway
Mocetinostat,physical,SUV39H1,6839,SUV39H1,1,0.925,1,30,84.0,up,down,down,disease_up_drug_down,core_candidate,primary_network_and_pathway
Mocetinostat,physical,EMCN,51705,EMCN,0,0.0,51,1,85.0,down,up,up,disease_down_drug_up,core_candidate,primary_network_and_pathway
Mocetinostat,physical,PTPRB,5787,PTPRB,0,0.0,119,1,86.0,down,up,up,disease_down_drug_up,core_candidate,primary_network_and_pathway
Mocetinostat,physical,UBE2S,27338,UBE2S,4,3.326,1,30,87.0,up,down,down,disease_up_drug_down,core_candidate,primary_network_and_pathway
Mocetinostat,physical,PLN,5350,PLN,2,1.44,3,3,88.0,down,up,up,disease_down_drug_up,core_candidate,primary_network_and_pathway
Mocetinostat,physical,SKA1,220134,SKA1,1,0.72,1,30,89.0,up,down,down,disease_up_drug_down,core_candidate,primary_network_and_pathway
Mocetinostat,physical,RFC2,5982,RFC2,0,0.0,127,1,90.0,up,down,down,disease_up_drug_down,core_candidate,primary_network_and_pathway
Mocetinostat,physical,CCDC69,26112,CCDC69,0,0.0,27,1,91.0,down,up,up,disease_down_drug_up,core_candidate,primary_network_and_pathway
Mocetinostat,physical,STON1,11037,STON1,0,0.0,141,1,92.0,down,up,up,disease_down_drug_up,core_candidate,primary_network_and_pathway
Mocetinostat,physical,CKS2,1164,CKS2,1,0.894,1,30,93.0,up,down,down,disease_up_drug_down,core_candidate,primary_network_and_pathway
Mocetinostat,physical,PDE8B,8622,PDE8B,0,0.0,106,1,94.0,down,up,up,disease_down_drug_up,core_candidate,primary_network_and_pathway
Mocetinostat,physical,PTGIS,5740,PTGIS,0,0.0,118,1,95.0,down,up,up,disease_down_drug_up,core_candidate,primary_network_and_pathway
Mocetinostat,physical,GIPC2,54810,GIPC2,0,0.0,58,1,96.0,down,up,up,disease_down_drug_up,core_candidate,primary_network_and_pathway
Mocetinostat,physical,BRMS1,25855,BRMS1,0,0.0,26,1,97.0,up,down,down,disease_up_drug_down,core_candidate,primary_network_and_pathway
Mocetinostat,physical,GPC3,2719,GPC3,0,0.0,61,1,98.0,down,up,up,disease_down_drug_up,core_candidate,primary_network_and_pathway
Mocetinostat,physical,LDB2,9079,LDB2,0,0.0,77,1,99.0,down,up,up,disease_down_drug_up,core_candidate,primary_network_and_pathway
Mocetinostat,physical,ZWINT,11130,ZWINT,2,1.629,1,30,100.0,up,down,down,disease_up_drug_down,core_candidate,primary_network_and_pathway
Mocetinostat,physical,KIF15,56992,KIF15,0,0.0,74,1,101.0,up,down,down,disease_up_drug_down,core_candidate,primary_network_and_pathway
Mocetinostat,physical,PKNOX2,63876,PKNOX2,0,0.0,111,1,102.0,down,up,up,disease_down_drug_up,core_candidate,primary_network_and_pathway
Mocetinostat,physical,PRKG1,5592,PRKG1,0,0.0,117,1,103.0,down,up,up,disease_down_drug_up,core_candidate,primary_network_and_pathway
Mocetinostat,physical,FEN1,2237,FEN1,1,0.969,6,2,104.0,up,down,down,disease_up_drug_down,core_candidate,primary_network_and_pathway
Mocetinostat,physical,PAIP2B,400961,PAIP2B,0,0.0,99,1,105.0,down,up,up,disease_down_drug_up,core_candidate,primary_network_and_pathway
Mocetinostat,physical,NFASC,23114,NFASC,0,0.0,91,1,106.0,down,up,up,disease_down_drug_up,core_candidate,primary_network_and_pathway
Mocetinostat,physical,HSD11B1,3290,HSD11B1,0,0.0,67,1,107.0,down,up,up,disease_down_drug_up,core_candidate,primary_network_and_pathway
Mocetinostat,physical,GAB1,2549,GAB1,0,0.0,56,1,108.0,down,up,up,disease_down_drug_up,core_candidate,primary_network_and_pathway
Mocetinostat,physical,EPAS1,2034,EPAS1,0,0.0,52,1,109.0,down,up,up,disease_down_drug_up,core_candidate,primary_network_and_pathway
Mocetinostat,physical,RRM2,6241,RRM2,0,0.0,129,1,110.0,up,down,down,disease_up_drug_down,core_candidate,primary_network_and_pathway
Mocetinostat,physical,CD1C,911,CD1C,0,0.0,30,1,111.0,down,up,up,disease_down_drug_up,core_candidate,primary_network_and_pathway
Mocetinostat,physical,LIG1,3978,LIG1,1,0.969,6,2,112.0,up,down,down,disease_up_drug_down,core_candidate,primary_network_and_pathway
Mocetinostat,physical,PCDHGB6,56100,PCDHGB6,0,0.0,104,1,113.0,down,up,up,disease_down_drug_up,core_candidate,primary_network_and_pathway
Mocetinostat,physical,TGFBR2,7048,TGFBR2,0,0.0,146,1,114.0,down,up,up,disease_down_drug_up,core_candidate,primary_network_and_pathway
Mocetinostat,physical,ALDH1A2,8854,ALDH1A2,0,0.0,16,1,115.0,down,up,up,disease_down_drug_up,core_candidate,primary_network_and_pathway
Mocetinostat,physical,KLHL4,56062,KLHL4,0,0.0,76,1,116.0,down,up,up,disease_down_drug_up,core_candidate,primary_network_and_pathway
Mocetinostat,physical,FANCI,55215,FANCI,1,0.879,1,30,117.0,up,down,down,disease_up_drug_down,core_candidate,primary_network_and_pathway
Mocetinostat,physical,MAPK10,5602,MAPK10,0,0.0,86,1,118.0,down,up,up,disease_down_drug_up,core_candidate,primary_network_and_pathway
Mocetinostat,physical,MYL3,4634,MYL3,0,0.0,89,1,119.0,down,up,up,disease_down_drug_up,core_candidate,primary_network_and_pathway
Mocetinostat,physical,PUF60,22827,PUF60,1,0.791,9,2,120.0,up,down,down,disease_up_drug_down,core_candidate,primary_network_and_pathway
Mocetinostat,physical,HGF,3082,HGF,1,0.704,5,2,121.0,down,up,up,disease_down_drug_up,core_candidate,primary_network_and_pathway
Mocetinostat,physical,DNAJC9,23234,DNAJC9,0,0.0,48,1,122.0,up,down,down,disease_up_drug_down,core_candidate,primary_network_and_pathway
Mocetinostat,physical,SNRPF,6636,SNRPF,1,0.791,9,2,123.0,up,down,down,disease_up_drug_down,core_candidate,primary_network_and_pathway
Mocetinostat,physical,RNPS1,10921,RNPS1,0,0.0,128,1,124.0,up,down,down,disease_up_drug_down,core_candidate,primary_network_and_pathway
Mocetinostat,physical,SAC3D1,29901,SAC3D1,0,0.0,130,1,125.0,up,down,down,disease_up_drug_down,core_candidate,primary_network_and_pathway
Mocetinostat,physical,TPI1,7167,TPI1,0,0.0,149,1,126.0,up,down,down,disease_up_drug_down,core_candidate,primary_network_and_pathway
Mocetinostat,physical,BEX1,55859,BEX1,0,0.0,24,1,127.0,down,up,up,disease_down_drug_up,core_candidate,primary_network_and_pathway
Mocetinostat,physical,NOP16,51491,NOP16,0,0.0,93,1,128.0,up,down,down,disease_up_drug_down,core_candidate,primary_network_and_pathway
Mocetinostat,physical,DNAJC2,27000,DNAJC2,0,0.0,47,1,129.0,up,down,down,disease_up_drug_down,core_candidate,primary_network_and_pathway
Mocetinostat,physical,MAD2L1,4085,MAD2L1,2,1.803,1,30,130.0,up,down,down,disease_up_drug_down,core_candidate,primary_network_and_pathway
Mocetinostat,physical,PALB2,79728,PALB2,2,1.871,1,30,131.0,up,down,down,disease_up_drug_down,core_candidate,primary_network_and_pathway
Mocetinostat,physical,FILIP1L,11259,FILIP1L,0,0.0,54,1,132.0,down,up,up,disease_down_drug_up,core_candidate,primary_network_and_pathway
Mocetinostat,physical,UBAP2L,9898,UBAP2L,2,1.8,1,30,133.0,up,down,down,disease_up_drug_down,core_candidate,primary_network_and_pathway
Mocetinostat,physical,PPIA,5478,PPIA,0,0.0,113,1,134.0,up,down,down,disease_up_drug_down,core_candidate,primary_network_and_pathway
Mocetinostat,physical,REEP4,80346,REEP4,0,0.0,124,1,135.0,up,down,down,disease_up_drug_down,core_candidate,primary_network_and_pathway
Mocetinostat,physical,IL1R1,3554,IL1R1,0,0.0,70,1,136.0,down,up,up,disease_down_drug_up,core_candidate,primary_network_and_pathway
Mocetinostat,physical,PALLD,23022,PALLD,0,0.0,100,1,137.0,down,up,up,disease_down_drug_up,core_candidate,primary_network_and_pathway
Mocetinostat,physical,NR4A2,4929,NR4A2,0,0.0,96,1,138.0,down,up,up,disease_down_drug_up,core_candidate,primary_network_and_pathway
Mocetinostat,physical,MOCS1,4337,MOCS1,0,0.0,88,1,139.0,down,up,up,disease_down_drug_up,core_candidate,primary_network_and_pathway
Mocetinostat,physical,CDC25A,993,CDC25A,0,0.0,31,1,140.0,up,down,down,disease_up_drug_down,core_candidate,primary_network_and_pathway
Mocetinostat,physical,FARSA,2193,FARSA,0,0.0,53,1,141.0,up,down,down,disease_up_drug_down,core_candidate,primary_network_and_pathway
Mocetinostat,physical,GNA14,9630,GNA14,0,0.0,59,1,142.0,down,up,up,disease_down_drug_up,core_candidate,primary_network_and_pathway
Mocetinostat,physical,RAP1A,5906,RAP1A,0,0.0,122,1,143.0,down,up,up,disease_down_drug_up,core_candidate,primary_network_and_pathway
Mocetinostat,physical,SERPINA5,5104,SERPINA5,0,0.0,135,1,144.0,down,up,up,disease_down_drug_up,core_candidate,primary_network_and_pathway
Mocetinostat,physical,DCN,1634,DCN,1,0.704,5,2,145.0,down,up,up,disease_down_drug_up,core_candidate,primary_network_and_pathway
Mocetinostat,physical,ZNF282,8427,ZNF282,0,0.0,159,1,146.0,up,down,down,disease_up_drug_down,core_candidate,primary_network_and_pathway
Mocetinostat,physical,MAPK4,5596,MAPK4,0,0.0,87,1,147.0,down,up,up,disease_down_drug_up,core_candidate,primary_network_and_pathway
Mocetinostat,physical,ZFP64,55734,ZFP64,0,0.0,158,1,148.0,up,down,down,disease_up_drug_down,core_candidate,primary_network_and_pathway
Mocetinostat,physical,DIRAS3,9077,DIRAS3,0,0.0,44,1,149.0,down,up,up,disease_down_drug_up,core_candidate,primary_network_and_pathway
Mocetinostat,physical,REXO4,57109,REXO4,0,0.0,126,1,150.0,up,down,down,disease_up_drug_down,core_candidate,primary_network_and_pathway
Mocetinostat,physical,LMO3,55885,LMO3,0,0.0,80,1,151.0,down,up,up,disease_down_drug_up,core_candidate,primary_network_and_pathway
Mocetinostat,physical,CBX7,23492,CBX7,5,4.05,1,30,152.0,down,up,up,disease_down_drug_up,core_candidate,primary_network_and_pathway
Mocetinostat,physical,AQP1,358,AQP1,0,0.0,19,1,153.0,down,up,up,disease_down_drug_up,core_candidate,primary_network_and_pathway
Mocetinostat,physical,SH3BGR,6450,SH3BGR,0,0.0,137,1,154.0,down,up,up,disease_down_drug_up,core_candidate,primary_network_and_pathway
Mocetinostat,physical,DLG2,1740,DLG2,0,0.0,45,1,155.0,down,up,up,disease_down_drug_up,core_candidate,primary_network_and_pathway
Mocetinostat,physical,CDC6,990,CDC6,2,1.922,1,30,156.0,up,down,down,disease_up_drug_down,core_candidate,primary_network_and_pathway
Mocetinostat,physical,RAN,5901,RAN,0,0.0,121,1,157.0,up,down,down,disease_up_drug_down,core_candidate,primary_network_and_pathway
Mocetinostat,physical,ABHD6,57406,ABHD6,0,0.0,12,1,158.0,down,up,up,disease_down_drug_up,core_candidate,primary_network_and_pathway
Mocetinostat,physical,TCEAL2,140597,TCEAL2,0,0.0,143,1,159.0,down,up,up,disease_down_drug_up,core_candidate,primary_network_and_pathway
Mocetinostat,physical,LRRC2,79442,LRRC2,0,0.0,82,1,160.0,down,up,up,disease_down_drug_up,core_candidate,primary_network_and_pathway
Mocetinostat,physical,CPVL,54504,CPVL,0,0.0,40,1,161.0,down,up,up,disease_down_drug_up,core_candidate,primary_network_and_pathway
Mocetinostat,physical,CES1,1066,CES1,0,0.0,35,1,162.0,down,up,up,disease_down_drug_up,core_candidate,primary_network_and_pathway
Mocetinostat,physical,DBF4,10926,DBF4,0,0.0,41,1,163.0,up,down,down,disease_up_drug_down,core_candidate,primary_network_and_pathway
Mocetinostat,physical,NLGN3,54413,NLGN3,1,0.995,8,2,164.0,down,up,up,disease_down_drug_up,core_candidate,primary_network_and_pathway
Mocetinostat,physical,CLEC10A,10462,CLEC10A,0,0.0,38,1,165.0,down,up,up,disease_down_drug_up,core_candidate,primary_network_and_pathway
Mocetinostat,physical,LMOD1,25802,LMOD1,0,0.0,81,1,166.0,down,up,up,disease_down_drug_up,core_candidate,primary_network_and_pathway
Mocetinostat,physical,CCNF,899,CCNF,0,0.0,29,1,167.0,up,down,down,disease_up_drug_down,core_candidate,primary_network_and_pathway
Mocetinostat,physical,STIL,6491,STIL,0,0.0,140,1,168.0,up,down,down,disease_up_drug_down,core_candidate,primary_network_and_pathway
Mocetinostat,physical,NRXN1,9378,NRXN1,1,0.995,8,2,169.0,down,up,up,disease_down_drug_up,core_candidate,primary_network_and_pathway
Mocetinostat,physical,LIMS2,55679,LIMS2,0,0.0,79,1,170.0,down,up,up,disease_down_drug_up,core_candidate,primary_network_and_pathway
Mocetinostat,physical,BCHE,590,BCHE,0,0.0,23,1,171.0,down,up,up,disease_down_drug_up,core_candidate,primary_network_and_pathway
Mocetinostat,physical,NOS1,4842,NOS1,0,0.0,95,1,172.0,down,up,up,disease_down_drug_up,core_candidate,primary_network_and_pathway
Mocetinostat,physical,B3GALT2,8707,B3GALT2,0,0.0,22,1,173.0,down,up,up,disease_down_drug_up,core_candidate,primary_network_and_pathway
Mocetinostat,physical,TNS1,7145,TNS1,0,0.0,147,1,174.0,down,up,up,disease_down_drug_up,core_candidate,primary_network_and_pathway
Mocetinostat,physical,GFRA2,2675,GFRA2,0,0.0,57,1,175.0,down,up,up,disease_down_drug_up,core_candidate,primary_network_and_pathway
Mocetinostat,physical,SOCS2,8835,SOCS2,0,0.0,138,1,176.0,down,up,up,disease_down_drug_up,core_candidate,primary_network_and_pathway
Mocetinostat,physical,BRIX1,55299,BRIX1,0,0.0,25,1,177.0,up,down,down,disease_up_drug_down,core_candidate,primary_network_and_pathway
Mocetinostat,physical,NOP56,10528,NOP56,0,0.0,94,1,178.0,up,down,down,disease_up_drug_down,core_candidate,primary_network_and_pathway
Mocetinostat,physical,USP53,54532,USP53,0,0.0,154,1,179.0,down,up,up,disease_down_drug_up,core_candidate,primary_network_and_pathway
Mocetinostat,physical,RAE1,8480,RAE1,2,1.585,1,30,180.0,up,down,down,disease_up_drug_down,core_candidate,primary_network_and_pathway
Mocetinostat,physical,HSPB6,126393,HSPB6,0,0.0,69,1,181.0,down,up,up,disease_down_drug_up,core_candidate,primary_network_and_pathway
Mocetinostat,physical,DDX56,54606,DDX56,0,0.0,42,1,182.0,up,down,down,disease_up_drug_down,core_candidate,primary_network_and_pathway
Mocetinostat,physical,PYGM,5837,PYGM,0,0.0,120,1,183.0,down,up,up,disease_down_drug_up,core_candidate,primary_network_and_pathway
Mocetinostat,physical,POLA2,23649,POLA2,0,0.0,112,1,184.0,up,down,down,disease_up_drug_down,core_candidate,primary_network_and_pathway
Mocetinostat,physical,NME1,4830,NME1,0,0.0,92,1,185.0,up,down,down,disease_up_drug_down,core_candidate,primary_network_and_pathway
Mocetinostat,physical,GPX3,2878,GPX3,0,0.0,64,1,186.0,down,up,up,disease_down_drug_up,core_candidate,primary_network_and_pathway
Mocetinostat,physical,PALM,5064,PALM,0,0.0,101,1,187.0,down,up,up,disease_down_drug_up,core_candidate,primary_network_and_pathway
Mocetinostat,physical,TIPIN,54962,TIPIN,2,1.596,1,30,188.0,up,down,down,disease_up_drug_down,core_candidate,primary_network_and_pathway
Mocetinostat,physical,ZWILCH,55055,ZWILCH,1,0.703,1,30,189.0,up,down,down,disease_up_drug_down,core_candidate,primary_network_and_pathway
Mocetinostat,physical,NCAM1,4684,NCAM1,0,0.0,90,1,190.0,down,up,up,disease_down_drug_up,core_candidate,primary_network_and_pathway
Mocetinostat,physical,KCNB1,3745,KCNB1,0,0.0,72,1,191.0,down,up,up,disease_down_drug_up,core_candidate,primary_network_and_pathway
Mocetinostat,physical,PCCA,5095,PCCA,0,0.0,102,1,192.0,down,up,up,disease_down_drug_up,core_candidate,primary_network_and_pathway
Mocetinostat,physical,TBRG4,9238,TBRG4,0,0.0,142,1,193.0,up,down,down,disease_up_drug_down,core_candidate,primary_network_and_pathway
Mocetinostat,physical,GNG7,2788,GNG7,0,0.0,60,1,194.0,down,up,up,disease_down_drug_up,core_candidate,primary_network_and_pathway
Mocetinostat,physical,NUP85,79902,NUP85,1,0.801,1,30,195.0,up,down,down,disease_up_drug_down,core_candidate,primary_network_and_pathway
Mocetinostat,physical,CENPN,55839,CENPN,0,0.0,33,1,196.0,up,down,down,disease_up_drug_down,core_candidate,primary_network_and_pathway
Mocetinostat,physical,DRD1,1812,DRD1,0,0.0,49,1,197.0,down,up,up,disease_down_drug_up,core_candidate,primary_network_and_pathway
Mocetinostat,physical,ABCC9,10060,ABCC9,0,0.0,11,1,198.0,down,up,up,disease_down_drug_up,core_candidate,primary_network_and_pathway
Mocetinostat,physical,PCDHGB5,56101,PCDHGB5,0,0.0,103,1,199.0,down,up,up,disease_down_drug_up,core_candidate,primary_network_and_pathway
Mocetinostat,physical,SGCD,6444,SGCD,0,0.0,136,1,200.0,down,up,up,disease_down_drug_up,core_candidate,primary_network_and_pathway
Mocetinostat,functional,BIRC5,332,BIRC5,34,30.234000000000005,1,66,1.0,up,down,down,disease_up_drug_down,core_candidate,primary_network_and_pathway
Mocetinostat,functional,TCF21,6943,TCF21,0,0.0,89,1,2.0,down,up,up,disease_down_drug_up,core_candidate,primary_network_and_pathway
Mocetinostat,functional,LYVE1,10894,LYVE1,1,0.746,2,11,3.0,down,up,up,disease_down_drug_up,core_candidate,primary_network_and_pathway
Mocetinostat,functional,FOSB,2354,FOSB,5,4.443,3,6,4.0,down,up,up,disease_down_drug_up,core_candidate,primary_network_and_pathway
Mocetinostat,functional,TEK,7010,TEK,3,2.548,2,11,5.0,down,up,up,disease_down_drug_up,core_candidate,primary_network_and_pathway
Mocetinostat,functional,NR4A3,8013,NR4A3,2,1.5779999999999998,3,6,6.0,down,up,up,disease_down_drug_up,core_candidate,primary_network_and_pathway
Mocetinostat,functional,GINS2,51659,GINS2,9,7.295999999999999,1,66,7.0,up,down,down,disease_up_drug_down,core_candidate,primary_network_and_pathway
Mocetinostat,functional,RAD51,5888,RAD51,23,18.889,1,66,8.0,up,down,down,disease_up_drug_down,core_candidate,primary_network_and_pathway
Mocetinostat,functional,PLK1,5347,PLK1,33,29.351,1,66,9.0,up,down,down,disease_up_drug_down,core_candidate,primary_network_and_pathway
Mocetinostat,functional,CCNA2,890,CCNA2,40,35.75400000000001,1,66,10.0,up,down,down,disease_up_drug_down,core_candidate,primary_network_and_pathway
Mocetinostat,functional,GPM6A,2823,GPM6A,0,0.0,38,1,11.0,down,up,up,disease_down_drug_up,core_candidate,primary_network_and_pathway
Mocetinostat,functional,HBB,3043,HBB,0,0.0,41,1,12.0,down,up,up,disease_down_drug_up,core_candidate,primary_network_and_pathway
Mocetinostat,functional,BUB1,699,BUB1,34,31.01600000000001,1,66,13.0,up,down,down,disease_up_drug_down,core_candidate,primary_network_and_pathway
Mocetinostat,functional,MCM10,55388,MCM10,26,21.177,1,66,14.0,up,down,down,disease_up_drug_down,core_candidate,primary_network_and_pathway
Mocetinostat,functional,HJURP,55355,HJURP,26,22.674,1,66,15.0,up,down,down,disease_up_drug_down,core_candidate,primary_network_and_pathway
Mocetinostat,functional,TPX2,22974,TPX2,32,28.545,1,66,16.0,up,down,down,disease_up_drug_down,core_candidate,primary_network_and_pathway
Mocetinostat,functional,CDCA3,83461,CDCA3,26,22.19,1,66,17.0,up,down,down,disease_up_drug_down,core_candidate,primary_network_and_pathway
Mocetinostat,functional,ASF1B,55723,ASF1B,14,10.785,1,66,18.0,up,down,down,disease_up_drug_down,core_candidate,primary_network_and_pathway
Mocetinostat,functional,KCNK3,3777,KCNK3,0,0.0,47,1,19.0,down,up,up,disease_down_drug_up,core_candidate,primary_network_and_pathway
Mocetinostat,functional,CKAP2,26586,CKAP2,11,8.876,1,66,20.0,up,down,down,disease_up_drug_down,core_candidate,primary_network_and_pathway
Mocetinostat,functional,WASF3,10810,WASF3,0,0.0,97,1,21.0,down,up,up,disease_down_drug_up,core_candidate,primary_network_and_pathway
Mocetinostat,functional,ATF3,467,ATF3,4,3.518,3,6,22.0,down,up,up,disease_down_drug_up,core_candidate,primary_network_and_pathway
Mocetinostat,functional,KIF22,3835,KIF22,14,11.222,1,66,23.0,up,down,down,disease_up_drug_down,core_candidate,primary_network_and_pathway
Mocetinostat,functional,DUSP1,1843,DUSP1,3,2.658,3,6,24.0,down,up,up,disease_down_drug_up,core_candidate,primary_network_and_pathway
Mocetinostat,functional,MAN1A1,4121,MAN1A1,0,0.0,54,1,25.0,down,up,up,disease_down_drug_up,core_candidate,primary_network_and_pathway
Mocetinostat,functional,ABCB1,5243,ABCB1,0,0.0,13,1,26.0,down,up,up,disease_down_drug_up,core_candidate,primary_network_and_pathway
Mocetinostat,functional,UBE2C,11065,UBE2C,30,27.015,1,66,27.0,up,down,down,disease_up_drug_down,core_candidate,primary_network_and_pathway
Mocetinostat,functional,ADH1B,125,ADH1B,1,0.813,6,3,28.0,down,up,up,disease_down_drug_up,core_candidate,primary_network_and_pathway
Mocetinostat,functional,RACGAP1,29127,RACGAP1,26,21.931000000000004,1,66,29.0,up,down,down,disease_up_drug_down,core_candidate,primary_network_and_pathway
Mocetinostat,functional,AQP7,364,AQP7,1,0.748,10,2,30.0,down,up,up,disease_down_drug_up,core_candidate,primary_network_and_pathway
Mocetinostat,functional,PDK4,5166,PDK4,0,0.0,67,1,31.0,down,up,up,disease_down_drug_up,core_candidate,primary_network_and_pathway
Mocetinostat,functional,PRELP,5549,PRELP,1,0.8,2,11,32.0,down,up,up,disease_down_drug_up,core_candidate,primary_network_and_pathway
Mocetinostat,functional,LTBP4,8425,LTBP4,0,0.0,53,1,33.0,down,up,up,disease_down_drug_up,core_candidate,primary_network_and_pathway
Mocetinostat,functional,SCN11A,11280,SCN11A,0,0.0,78,1,34.0,down,up,up,disease_down_drug_up,core_candidate,primary_network_and_pathway
Mocetinostat,functional,AOC3,8639,AOC3,0,0.0,18,1,35.0,down,up,up,disease_down_drug_up,core_candidate,primary_network_and_pathway
Mocetinostat,functional,SCN3A,6328,SCN3A,0,0.0,79,1,36.0,down,up,up,disease_down_drug_up,core_candidate,primary_network_and_pathway
Mocetinostat,functional,PDE2A,5138,PDE2A,0,0.0,65,1,37.0,down,up,up,disease_down_drug_up,core_candidate,primary_network_and_pathway
Mocetinostat,functional,STARD8,9754,STARD8,0,0.0,86,1,38.0,down,up,up,disease_down_drug_up,core_candidate,primary_network_and_pathway
Mocetinostat,functional,XPNPEP2,7512,XPNPEP2,0,0.0,99,1,39.0,down,up,up,disease_down_drug_up,core_candidate,primary_network_and_pathway
Mocetinostat,functional,PDGFRA,5156,PDGFRA,3,2.578,2,11,40.0,down,up,up,disease_down_drug_up,core_candidate,primary_network_and_pathway
Mocetinostat,functional,PRKAR2B,5577,PRKAR2B,1,0.812,1,66,41.0,down,up,up,disease_down_drug_up,core_candidate,primary_network_and_pathway
Mocetinostat,functional,FRMD1,79981,FRMD1,0,0.0,35,1,42.0,down,up,up,disease_down_drug_up,core_candidate,primary_network_and_pathway
Mocetinostat,functional,WLS,79971,WLS,0,0.0,98,1,43.0,down,up,up,disease_down_drug_up,core_candidate,primary_network_and_pathway
Mocetinostat,functional,ADRA1A,148,ADRA1A,1,0.7,7,3,44.0,down,up,up,disease_down_drug_up,core_candidate,primary_network_and_pathway
Mocetinostat,functional,CCDC86,79080,CCDC86,0,0.0,23,1,45.0,up,down,down,disease_up_drug_down,core_candidate,primary_network_and_pathway
Mocetinostat,functional,CHRDL1,91851,CHRDL1,0,0.0,25,1,46.0,down,up,up,disease_down_drug_up,core_candidate,primary_network_and_pathway
Mocetinostat,functional,OGN,4969,OGN,2,1.511,2,11,47.0,down,up,up,disease_down_drug_up,core_candidate,primary_network_and_pathway
Mocetinostat,functional,ZNF331,55422,ZNF331,0,0.0,102,1,48.0,down,up,up,disease_down_drug_up,core_candidate,primary_network_and_pathway
Mocetinostat,functional,TXNIP,10628,TXNIP,0,0.0,95,1,49.0,down,up,up,disease_down_drug_up,core_candidate,primary_network_and_pathway
Mocetinostat,functional,AURKA,6790,AURKA,34,29.529,1,66,50.0,up,down,down,disease_up_drug_down,core_candidate,primary_network_and_pathway
Mocetinostat,functional,LIFR,3977,LIFR,0,0.0,49,1,51.0,down,up,up,disease_down_drug_up,core_candidate,primary_network_and_pathway
Mocetinostat,functional,RASGRP2,10235,RASGRP2,1,0.993,12,2,52.0,down,up,up,disease_down_drug_up,core_candidate,primary_network_and_pathway
Mocetinostat,functional,FOS,2353,FOS,4,3.737,3,6,53.0,down,up,up,disease_down_drug_up,core_candidate,primary_network_and_pathway
Mocetinostat,functional,CLEC3B,7123,CLEC3B,0,0.0,26,1,54.0,down,up,up,disease_down_drug_up,core_candidate,primary_network_and_pathway
Mocetinostat,functional,TSPAN7,7102,TSPAN7,0,0.0,94,1,55.0,down,up,up,disease_down_drug_up,core_candidate,primary_network_and_pathway
Mocetinostat,functional,ATP1B2,482,ATP1B2,3,2.565,4,5,56.0,down,up,up,disease_down_drug_up,core_candidate,primary_network_and_pathway
Mocetinostat,functional,HSD17B6,8630,HSD17B6,1,0.908,6,3,57.0,down,up,up,disease_down_drug_up,core_candidate,primary_network_and_pathway
Mocetinostat,functional,KIF20A,10112,KIF20A,32,29.187,1,66,58.0,up,down,down,disease_up_drug_down,core_candidate,primary_network_and_pathway
Mocetinostat,functional,CCNB2,9133,CCNB2,31,28.540000000000003,1,66,59.0,up,down,down,disease_up_drug_down,core_candidate,primary_network_and_pathway
Mocetinostat,functional,TOP2A,7153,TOP2A,35,30.976,1,66,60.0,up,down,down,disease_up_drug_down,core_candidate,primary_network_and_pathway
Mocetinostat,functional,FOXM1,2305,FOXM1,26,22.546,1,66,61.0,up,down,down,disease_up_drug_down,core_candidate,primary_network_and_pathway
Mocetinostat,functional,AKAP12,9590,AKAP12,0,0.0,16,1,62.0,down,up,up,disease_down_drug_up,core_candidate,primary_network_and_pathway
Mocetinostat,functional,CDC20,991,CDC20,38,34.865,1,66,63.0,up,down,down,disease_up_drug_down,core_candidate,primary_network_and_pathway
Mocetinostat,functional,SCN7A,6332,SCN7A,0,0.0,80,1,64.0,down,up,up,disease_down_drug_up,core_candidate,primary_network_and_pathway
Mocetinostat,functional,RERGL,79785,RERGL,0,0.0,75,1,65.0,down,up,up,disease_down_drug_up,core_candidate,primary_network_and_pathway
Mocetinostat,functional,KIF14,9928,KIF14,20,17.031,1,66,66.0,up,down,down,disease_up_drug_down,core_candidate,primary_network_and_pathway
Mocetinostat,functional,TTK,7272,TTK,32,28.03,1,66,67.0,up,down,down,disease_up_drug_down,core_candidate,primary_network_and_pathway
Mocetinostat,functional,NCAPG,64151,NCAPG,29,25.866999999999997,1,66,68.0,up,down,down,disease_up_drug_down,core_candidate,primary_network_and_pathway
Mocetinostat,functional,DLGAP5,9787,DLGAP5,34,30.682,1,66,69.0,up,down,down,disease_up_drug_down,core_candidate,primary_network_and_pathway
Mocetinostat,functional,AMT,275,AMT,0,0.0,17,1,70.0,down,up,up,disease_down_drug_up,core_candidate,primary_network_and_pathway
Mocetinostat,functional,CEP55,55165,CEP55,28,25.104000000000003,1,66,71.0,up,down,down,disease_up_drug_down,core_candidate,primary_network_and_pathway
Mocetinostat,functional,NCAPH,23397,NCAPH,21,17.206999999999997,1,66,72.0,up,down,down,disease_up_drug_down,core_candidate,primary_network_and_pathway
Mocetinostat,functional,TRHDE,29953,TRHDE,0,0.0,93,1,73.0,down,up,up,disease_down_drug_up,core_candidate,primary_network_and_pathway
Mocetinostat,functional,SEMA3D,223117,SEMA3D,0,0.0,81,1,74.0,down,up,up,disease_down_drug_up,core_candidate,primary_network_and_pathway
Mocetinostat,functional,GPR17,2840,GPR17,0,0.0,39,1,75.0,down,up,up,disease_down_drug_up,core_candidate,primary_network_and_pathway
Mocetinostat,functional,PPP1R1A,5502,PPP1R1A,0,0.0,71,1,76.0,down,up,up,disease_down_drug_up,core_candidate,primary_network_and_pathway
Mocetinostat,functional,PEG3,5178,PEG3,0,0.0,68,1,77.0,down,up,up,disease_down_drug_up,core_candidate,primary_network_and_pathway
Mocetinostat,functional,ITGA8,8516,ITGA8,0,0.0,45,1,78.0,down,up,up,disease_down_drug_up,core_candidate,primary_network_and_pathway
Mocetinostat,functional,TACC3,10460,TACC3,15,12.247,1,66,79.0,up,down,down,disease_up_drug_down,core_candidate,primary_network_and_pathway
Mocetinostat,functional,EZH2,2146,EZH2,5,4.398,1,66,80.0,up,down,down,disease_up_drug_down,core_candidate,primary_network_and_pathway
Mocetinostat,functional,PELI2,57161,PELI2,0,0.0,69,1,81.0,down,up,up,disease_down_drug_up,core_candidate,primary_network_and_pathway
Mocetinostat,functional,DEPDC1,55635,DEPDC1,20,16.517,1,66,82.0,up,down,down,disease_up_drug_down,core_candidate,primary_network_and_pathway
Mocetinostat,functional,FXYD1,5348,FXYD1,2,1.719,4,5,83.0,down,up,up,disease_down_drug_up,core_candidate,primary_network_and_pathway
Mocetinostat,functional,SUV39H1,6839,SUV39H1,1,0.957,1,66,84.0,up,down,down,disease_up_drug_down,core_candidate,primary_network_and_pathway
Mocetinostat,functional,EMCN,51705,EMCN,2,1.5,2,11,85.0,down,up,up,disease_down_drug_up,core_candidate,primary_network_and_pathway
Mocetinostat,functional,PTPRB,5787,PTPRB,2,1.608,2,11,86.0,down,up,up,disease_down_drug_up,core_candidate,primary_network_and_pathway
Mocetinostat,functional,UBE2S,27338,UBE2S,7,5.842999999999999,1,66,87.0,up,down,down,disease_up_drug_down,core_candidate,primary_network_and_pathway
Mocetinostat,functional,PLN,5350,PLN,4,3.231,4,5,88.0,down,up,up,disease_down_drug_up,core_candidate,primary_network_and_pathway
Mocetinostat,functional,SKA1,220134,SKA1,18,13.840000000000002,1,66,89.0,up,down,down,disease_up_drug_down,core_candidate,primary_network_and_pathway
Mocetinostat,functional,RFC2,5982,RFC2,5,4.161,1,66,90.0,up,down,down,disease_up_drug_down,core_candidate,primary_network_and_pathway
Mocetinostat,functional,CCDC69,26112,CCDC69,0,0.0,22,1,91.0,down,up,up,disease_down_drug_up,core_candidate,primary_network_and_pathway
Mocetinostat,functional,STON1,11037,STON1,0,0.0,87,1,92.0,down,up,up,disease_down_drug_up,core_candidate,primary_network_and_pathway
Mocetinostat,functional,CKS2,1164,CKS2,10,8.563,1,66,93.0,up,down,down,disease_up_drug_down,core_candidate,primary_network_and_pathway
Mocetinostat,functional,PDE8B,8622,PDE8B,0,0.0,66,1,94.0,down,up,up,disease_down_drug_up,core_candidate,primary_network_and_pathway
Mocetinostat,functional,PTGIS,5740,PTGIS,0,0.0,72,1,95.0,down,up,up,disease_down_drug_up,core_candidate,primary_network_and_pathway
Mocetinostat,functional,GIPC2,54810,GIPC2,0,0.0,36,1,96.0,down,up,up,disease_down_drug_up,core_candidate,primary_network_and_pathway
Mocetinostat,functional,BRMS1,25855,BRMS1,0,0.0,21,1,97.0,up,down,down,disease_up_drug_down,core_candidate,primary_network_and_pathway
Mocetinostat,functional,GPC3,2719,GPC3,0,0.0,37,1,98.0,down,up,up,disease_down_drug_up,core_candidate,primary_network_and_pathway
Mocetinostat,functional,LDB2,9079,LDB2,2,1.674,8,3,99.0,down,up,up,disease_down_drug_up,core_candidate,primary_network_and_pathway
Mocetinostat,functional,ZWINT,11130,ZWINT,24,20.794,1,66,100.0,up,down,down,disease_up_drug_down,core_candidate,primary_network_and_pathway
Mocetinostat,functional,KIF15,56992,KIF15,25,21.44,1,66,101.0,up,down,down,disease_up_drug_down,core_candidate,primary_network_and_pathway
Mocetinostat,functional,PKNOX2,63876,PKNOX2,0,0.0,70,1,102.0,down,up,up,disease_down_drug_up,core_candidate,primary_network_and_pathway
Mocetinostat,functional,PRKG1,5592,PRKG1,2,1.858,4,5,103.0,down,up,up,disease_down_drug_up,core_candidate,primary_network_and_pathway
Mocetinostat,functional,FEN1,2237,FEN1,14,11.582999999999997,1,66,104.0,up,down,down,disease_up_drug_down,core_candidate,primary_network_and_pathway
Mocetinostat,functional,PAIP2B,400961,PAIP2B,0,0.0,59,1,105.0,down,up,up,disease_down_drug_up,core_candidate,primary_network_and_pathway
Mocetinostat,functional,NFASC,23114,NFASC,1,0.712,2,11,106.0,down,up,up,disease_down_drug_up,core_candidate,primary_network_and_pathway
Mocetinostat,functional,HSD11B1,3290,HSD11B1,0,0.0,42,1,107.0,down,up,up,disease_down_drug_up,core_candidate,primary_network_and_pathway
Mocetinostat,functional,GAB1,2549,GAB1,2,1.769,2,11,108.0,down,up,up,disease_down_drug_up,core_candidate,primary_network_and_pathway
Mocetinostat,functional,EPAS1,2034,EPAS1,0,0.0,32,1,109.0,down,up,up,disease_down_drug_up,core_candidate,primary_network_and_pathway
Mocetinostat,functional,RRM2,6241,RRM2,29,25.104,1,66,110.0,up,down,down,disease_up_drug_down,core_candidate,primary_network_and_pathway
Mocetinostat,functional,CD1C,911,CD1C,2,1.477,5,4,111.0,down,up,up,disease_down_drug_up,core_candidate,primary_network_and_pathway
Mocetinostat,functional,LIG1,3978,LIG1,3,2.631,1,66,112.0,up,down,down,disease_up_drug_down,core_candidate,primary_network_and_pathway
Mocetinostat,functional,PCDHGB6,56100,PCDHGB6,0,0.0,64,1,113.0,down,up,up,disease_down_drug_up,core_candidate,primary_network_and_pathway
Mocetinostat,functional,TGFBR2,7048,TGFBR2,0,0.0,90,1,114.0,down,up,up,disease_down_drug_up,core_candidate,primary_network_and_pathway
Mocetinostat,functional,ALDH1A2,8854,ALDH1A2,2,1.721,6,3,115.0,down,up,up,disease_down_drug_up,core_candidate,primary_network_and_pathway
Mocetinostat,functional,KLHL4,56062,KLHL4,0,0.0,48,1,116.0,down,up,up,disease_down_drug_up,core_candidate,primary_network_and_pathway
Mocetinostat,functional,FANCI,55215,FANCI,7,5.656,1,66,117.0,up,down,down,disease_up_drug_down,core_candidate,primary_network_and_pathway
Mocetinostat,functional,MAPK10,5602,MAPK10,0,0.0,55,1,118.0,down,up,up,disease_down_drug_up,core_candidate,primary_network_and_pathway
Mocetinostat,functional,MYL3,4634,MYL3,0,0.0,57,1,119.0,down,up,up,disease_down_drug_up,core_candidate,primary_network_and_pathway
Mocetinostat,functional,PUF60,22827,PUF60,1,0.858,11,2,120.0,up,down,down,disease_up_drug_down,core_candidate,primary_network_and_pathway
Mocetinostat,functional,HGF,3082,HGF,4,3.434,2,11,121.0,down,up,up,disease_down_drug_up,core_candidate,primary_network_and_pathway
Mocetinostat,functional,DNAJC9,23234,DNAJC9,0,0.0,30,1,122.0,up,down,down,disease_up_drug_down,core_candidate,primary_network_and_pathway
Mocetinostat,functional,SNRPF,6636,SNRPF,1,0.858,11,2,123.0,up,down,down,disease_up_drug_down,core_candidate,primary_network_and_pathway
Mocetinostat,functional,RNPS1,10921,RNPS1,1,0.839,1,66,124.0,up,down,down,disease_up_drug_down,core_candidate,primary_network_and_pathway
Mocetinostat,functional,SAC3D1,29901,SAC3D1,0,0.0,77,1,125.0,up,down,down,disease_up_drug_down,core_candidate,primary_network_and_pathway
Mocetinostat,functional,TPI1,7167,TPI1,0,0.0,92,1,126.0,up,down,down,disease_up_drug_down,core_candidate,primary_network_and_pathway
Mocetinostat,functional,BEX1,55859,BEX1,1,0.88,8,3,127.0,down,up,up,disease_down_drug_up,core_candidate,primary_network_and_pathway
Mocetinostat,functional,NOP16,51491,NOP16,0,0.0,58,1,128.0,up,down,down,disease_up_drug_down,core_candidate,primary_network_and_pathway
Mocetinostat,functional,DNAJC2,27000,DNAJC2,0,0.0,29,1,129.0,up,down,down,disease_up_drug_down,core_candidate,primary_network_and_pathway
Mocetinostat,functional,MAD2L1,4085,MAD2L1,29,25.174000000000003,1,66,130.0,up,down,down,disease_up_drug_down,core_candidate,primary_network_and_pathway
Mocetinostat,functional,PALB2,79728,PALB2,2,1.987,1,66,131.0,up,down,down,disease_up_drug_down,core_candidate,primary_network_and_pathway
Mocetinostat,functional,FILIP1L,11259,FILIP1L,0,0.0,34,1,132.0,down,up,up,disease_down_drug_up,core_candidate,primary_network_and_pathway
Mocetinostat,functional,UBAP2L,9898,UBAP2L,2,1.806,1,66,133.0,up,down,down,disease_up_drug_down,core_candidate,primary_network_and_pathway
Mocetinostat,functional,PPIA,5478,PPIA,1,0.773,1,66,134.0,up,down,down,disease_up_drug_down,core_candidate,primary_network_and_pathway
Mocetinostat,functional,REEP4,80346,REEP4,0,0.0,74,1,135.0,up,down,down,disease_up_drug_down,core_candidate,primary_network_and_pathway
Mocetinostat,functional,IL1R1,3554,IL1R1,0,0.0,44,1,136.0,down,up,up,disease_down_drug_up,core_candidate,primary_network_and_pathway
Mocetinostat,functional,PALLD,23022,PALLD,0,0.0,60,1,137.0,down,up,up,disease_down_drug_up,core_candidate,primary_network_and_pathway
Mocetinostat,functional,NR4A2,4929,NR4A2,4,3.278,3,6,138.0,down,up,up,disease_down_drug_up,core_candidate,primary_network_and_pathway
Mocetinostat,functional,MOCS1,4337,MOCS1,1,0.8,1,66,139.0,down,up,up,disease_down_drug_up,core_candidate,primary_network_and_pathway
Mocetinostat,functional,CDC25A,993,CDC25A,8,7.054,1,66,140.0,up,down,down,disease_up_drug_down,core_candidate,primary_network_and_pathway
Mocetinostat,functional,FARSA,2193,FARSA,0,0.0,33,1,141.0,up,down,down,disease_up_drug_down,core_candidate,primary_network_and_pathway
Mocetinostat,functional,GNA14,9630,GNA14,2,1.4209999999999998,7,3,142.0,down,up,up,disease_down_drug_up,core_candidate,primary_network_and_pathway
Mocetinostat,functional,RAP1A,5906,RAP1A,1,0.993,12,2,143.0,down,up,up,disease_down_drug_up,core_candidate,primary_network_and_pathway
Mocetinostat,functional,SERPINA5,5104,SERPINA5,0,0.0,82,1,144.0,down,up,up,disease_down_drug_up,core_candidate,primary_network_and_pathway
Mocetinostat,functional,DCN,1634,DCN,3,2.374,2,11,145.0,down,up,up,disease_down_drug_up,core_candidate,primary_network_and_pathway
Mocetinostat,functional,ZNF282,8427,ZNF282,0,0.0,101,1,146.0,up,down,down,disease_up_drug_down,core_candidate,primary_network_and_pathway
Mocetinostat,functional,MAPK4,5596,MAPK4,0,0.0,56,1,147.0,down,up,up,disease_down_drug_up,core_candidate,primary_network_and_pathway
Mocetinostat,functional,ZFP64,55734,ZFP64,0,0.0,100,1,148.0,up,down,down,disease_up_drug_down,core_candidate,primary_network_and_pathway
Mocetinostat,functional,DIRAS3,9077,DIRAS3,0,0.0,28,1,149.0,down,up,up,disease_down_drug_up,core_candidate,primary_network_and_pathway
Mocetinostat,functional,REXO4,57109,REXO4,0,0.0,76,1,150.0,up,down,down,disease_up_drug_down,core_candidate,primary_network_and_pathway
Mocetinostat,functional,LMO3,55885,LMO3,1,0.794,8,3,151.0,down,up,up,disease_down_drug_up,core_candidate,primary_network_and_pathway
Mocetinostat,functional,CBX7,23492,CBX7,5,4.082999999999999,1,66,152.0,down,up,up,disease_down_drug_up,core_candidate,primary_network_and_pathway
Mocetinostat,functional,AQP1,358,AQP1,1,0.748,10,2,153.0,down,up,up,disease_down_drug_up,core_candidate,primary_network_and_pathway
Mocetinostat,functional,SH3BGR,6450,SH3BGR,0,0.0,84,1,154.0,down,up,up,disease_down_drug_up,core_candidate,primary_network_and_pathway
Mocetinostat,functional,DLG2,1740,DLG2,2,1.554,9,3,155.0,down,up,up,disease_down_drug_up,core_candidate,primary_network_and_pathway
Mocetinostat,functional,CDC6,990,CDC6,24,20.055,1,66,156.0,up,down,down,disease_up_drug_down,core_candidate,primary_network_and_pathway
Mocetinostat,functional,RAN,5901,RAN,4,3.02,1,66,157.0,up,down,down,disease_up_drug_down,core_candidate,primary_network_and_pathway
Mocetinostat,functional,ABHD6,57406,ABHD6,0,0.0,15,1,158.0,down,up,up,disease_down_drug_up,core_candidate,primary_network_and_pathway
Mocetinostat,functional,TCEAL2,140597,TCEAL2,0,0.0,88,1,159.0,down,up,up,disease_down_drug_up,core_candidate,primary_network_and_pathway
Mocetinostat,functional,LRRC2,79442,LRRC2,0,0.0,52,1,160.0,down,up,up,disease_down_drug_up,core_candidate,primary_network_and_pathway
Mocetinostat,functional,CPVL,54504,CPVL,0,0.0,27,1,161.0,down,up,up,disease_down_drug_up,core_candidate,primary_network_and_pathway
Mocetinostat,functional,CES1,1066,CES1,0,0.0,24,1,162.0,down,up,up,disease_down_drug_up,core_candidate,primary_network_and_pathway
Mocetinostat,functional,DBF4,10926,DBF4,5,4.053999999999999,1,66,163.0,up,down,down,disease_up_drug_down,core_candidate,primary_network_and_pathway
Mocetinostat,functional,NLGN3,54413,NLGN3,2,1.775,9,3,164.0,down,up,up,disease_down_drug_up,core_candidate,primary_network_and_pathway
Mocetinostat,functional,CLEC10A,10462,CLEC10A,1,0.75,5,4,165.0,down,up,up,disease_down_drug_up,core_candidate,primary_network_and_pathway
Mocetinostat,functional,LMOD1,25802,LMOD1,0,0.0,51,1,166.0,down,up,up,disease_down_drug_up,core_candidate,primary_network_and_pathway
Mocetinostat,functional,CCNF,899,CCNF,9,7.393000000000001,1,66,167.0,up,down,down,disease_up_drug_down,core_candidate,primary_network_and_pathway
Mocetinostat,functional,STIL,6491,STIL,2,1.485,1,66,168.0,up,down,down,disease_up_drug_down,core_candidate,primary_network_and_pathway
Mocetinostat,functional,NRXN1,9378,NRXN1,2,1.777,9,3,169.0,down,up,up,disease_down_drug_up,core_candidate,primary_network_and_pathway
Mocetinostat,functional,LIMS2,55679,LIMS2,0,0.0,50,1,170.0,down,up,up,disease_down_drug_up,core_candidate,primary_network_and_pathway
Mocetinostat,functional,BCHE,590,BCHE,0,0.0,20,1,171.0,down,up,up,disease_down_drug_up,core_candidate,primary_network_and_pathway
Mocetinostat,functional,NOS1,4842,NOS1,1,0.751,4,5,172.0,down,up,up,disease_down_drug_up,core_candidate,primary_network_and_pathway
Mocetinostat,functional,B3GALT2,8707,B3GALT2,0,0.0,19,1,173.0,down,up,up,disease_down_drug_up,core_candidate,primary_network_and_pathway
Mocetinostat,functional,TNS1,7145,TNS1,0,0.0,91,1,174.0,down,up,up,disease_down_drug_up,core_candidate,primary_network_and_pathway
Mocetinostat,functional,GFRA2,2675,GFRA2,1,0.738,5,4,175.0,down,up,up,disease_down_drug_up,core_candidate,primary_network_and_pathway
Mocetinostat,functional,SOCS2,8835,SOCS2,0,0.0,85,1,176.0,down,up,up,disease_down_drug_up,core_candidate,primary_network_and_pathway
Mocetinostat,functional,BRIX1,55299,BRIX1,2,1.887,1,66,177.0,up,down,down,disease_up_drug_down,core_candidate,primary_network_and_pathway
Mocetinostat,functional,NOP56,10528,NOP56,3,2.527,1,66,178.0,up,down,down,disease_up_drug_down,core_candidate,primary_network_and_pathway
Mocetinostat,functional,USP53,54532,USP53,0,0.0,96,1,179.0,down,up,up,disease_down_drug_up,core_candidate,primary_network_and_pathway
Mocetinostat,functional,RAE1,8480,RAE1,4,3.474,1,66,180.0,up,down,down,disease_up_drug_down,core_candidate,primary_network_and_pathway
Mocetinostat,functional,HSPB6,126393,HSPB6,0,0.0,43,1,181.0,down,up,up,disease_down_drug_up,core_candidate,primary_network_and_pathway
Mocetinostat,functional,DDX56,54606,DDX56,3,2.5860000000000003,1,66,182.0,up,down,down,disease_up_drug_down,core_candidate,primary_network_and_pathway
Mocetinostat,functional,PYGM,5837,PYGM,0,0.0,73,1,183.0,down,up,up,disease_down_drug_up,core_candidate,primary_network_and_pathway
Mocetinostat,functional,POLA2,23649,POLA2,5,4.241,1,66,184.0,up,down,down,disease_up_drug_down,core_candidate,primary_network_and_pathway
Mocetinostat,functional,NME1,4830,NME1,2,1.596,1,66,185.0,up,down,down,disease_up_drug_down,core_candidate,primary_network_and_pathway
Mocetinostat,functional,GPX3,2878,GPX3,0,0.0,40,1,186.0,down,up,up,disease_down_drug_up,core_candidate,primary_network_and_pathway
Mocetinostat,functional,PALM,5064,PALM,0,0.0,61,1,187.0,down,up,up,disease_down_drug_up,core_candidate,primary_network_and_pathway
Mocetinostat,functional,TIPIN,54962,TIPIN,5,4.188000000000001,1,66,188.0,up,down,down,disease_up_drug_down,core_candidate,primary_network_and_pathway
Mocetinostat,functional,ZWILCH,55055,ZWILCH,9,7.362999999999999,1,66,189.0,up,down,down,disease_up_drug_down,core_candidate,primary_network_and_pathway
Mocetinostat,functional,NCAM1,4684,NCAM1,2,1.465,5,4,190.0,down,up,up,disease_down_drug_up,core_candidate,primary_network_and_pathway
Mocetinostat,functional,KCNB1,3745,KCNB1,0,0.0,46,1,191.0,down,up,up,disease_down_drug_up,core_candidate,primary_network_and_pathway
Mocetinostat,functional,PCCA,5095,PCCA,0,0.0,62,1,192.0,down,up,up,disease_down_drug_up,core_candidate,primary_network_and_pathway
Mocetinostat,functional,TBRG4,9238,TBRG4,1,0.756,1,66,193.0,up,down,down,disease_up_drug_down,core_candidate,primary_network_and_pathway
Mocetinostat,functional,GNG7,2788,GNG7,1,0.721,7,3,194.0,down,up,up,disease_down_drug_up,core_candidate,primary_network_and_pathway
Mocetinostat,functional,NUP85,79902,NUP85,3,2.467,1,66,195.0,up,down,down,disease_up_drug_down,core_candidate,primary_network_and_pathway
Mocetinostat,functional,CENPN,55839,CENPN,14,10.956999999999995,1,66,196.0,up,down,down,disease_up_drug_down,core_candidate,primary_network_and_pathway
Mocetinostat,functional,DRD1,1812,DRD1,0,0.0,31,1,197.0,down,up,up,disease_down_drug_up,core_candidate,primary_network_and_pathway
Mocetinostat,functional,ABCC9,10060,ABCC9,0,0.0,14,1,198.0,down,up,up,disease_down_drug_up,core_candidate,primary_network_and_pathway
Mocetinostat,functional,PCDHGB5,56101,PCDHGB5,0,0.0,63,1,199.0,down,up,up,disease_down_drug_up,core_candidate,primary_network_and_pathway
Mocetinostat,functional,SGCD,6444,SGCD,0,0.0,83,1,200.0,down,up,up,disease_down_drug_up,core_candidate,primary_network_and_pathway
NCH-51,physical,UBE2C,11065,UBE2C,1,0.778,1,25,1.0,up,down,down,disease_up_drug_down,secondary_candidate,primary_network_and_pathway
NCH-51,physical,TCF21,6943,TCF21,0,0.0,137,1,2.0,down,up,up,disease_down_drug_up,secondary_candidate,primary_network_and_pathway
NCH-51,physical,GPX3,2878,GPX3,0,0.0,61,1,3.0,down,up,up,disease_down_drug_up,secondary_candidate,primary_network_and_pathway
NCH-51,physical,FOSB,2354,FOSB,1,0.878,6,2,4.0,down,up,up,disease_down_drug_up,secondary_candidate,primary_network_and_pathway
NCH-51,physical,LYVE1,10894,LYVE1,0,0.0,78,1,5.0,down,up,up,disease_down_drug_up,secondary_candidate,primary_network_and_pathway
NCH-51,physical,ATP1B2,482,ATP1B2,0,0.0,23,1,6.0,down,up,up,disease_down_drug_up,secondary_candidate,primary_network_and_pathway
NCH-51,physical,MCM2,4171,MCM2,7,6.658,2,8,7.0,up,down,down,disease_up_drug_down,secondary_candidate,primary_network_and_pathway
NCH-51,physical,AOX1,316,AOX1,0,0.0,18,1,8.0,down,up,up,disease_down_drug_up,secondary_candidate,primary_network_and_pathway
NCH-51,physical,LIFR,3977,LIFR,0,0.0,75,1,9.0,down,up,up,disease_down_drug_up,secondary_candidate,primary_network_and_pathway
NCH-51,physical,CCDC69,26112,CCDC69,0,0.0,27,1,10.0,down,up,up,disease_down_drug_up,secondary_candidate,primary_network_and_pathway
NCH-51,physical,RGN,9104,RGN,0,0.0,121,1,11.0,down,up,up,disease_down_drug_up,secondary_candidate,primary_network_and_pathway
NCH-51,physical,PDGFRA,5156,PDGFRA,0,0.0,99,1,12.0,down,up,up,disease_down_drug_up,secondary_candidate,primary_network_and_pathway
NCH-51,physical,TXNIP,10628,TXNIP,0,0.0,148,1,13.0,down,up,up,disease_down_drug_up,secondary_candidate,primary_network_and_pathway
NCH-51,physical,CENPM,79019,CENPM,1,0.974,4,3,14.0,up,down,down,disease_up_drug_down,secondary_candidate,primary_network_and_pathway
NCH-51,physical,CDT1,81620,CDT1,3,2.704,2,8,15.0,up,down,down,disease_up_drug_down,secondary_candidate,primary_network_and_pathway
NCH-51,physical,CCNB2,9133,CCNB2,2,1.6,1,25,16.0,up,down,down,disease_up_drug_down,secondary_candidate,primary_network_and_pathway
NCH-51,physical,KIF20A,10112,KIF20A,2,1.691,3,4,17.0,up,down,down,disease_up_drug_down,secondary_candidate,primary_network_and_pathway
NCH-51,physical,PLK1,5347,PLK1,7,5.851999999999999,1,25,18.0,up,down,down,disease_up_drug_down,secondary_candidate,primary_network_and_pathway
NCH-51,physical,CCNA2,890,CCNA2,2,1.755,1,25,19.0,up,down,down,disease_up_drug_down,secondary_candidate,primary_network_and_pathway
NCH-51,physical,FOXM1,2305,FOXM1,3,2.415,1,25,20.0,up,down,down,disease_up_drug_down,secondary_candidate,primary_network_and_pathway
NCH-51,physical,HJURP,55355,HJURP,1,0.995,4,3,21.0,up,down,down,disease_up_drug_down,secondary_candidate,primary_network_and_pathway
NCH-51,physical,GTSE1,51512,GTSE1,1,0.926,1,25,22.0,up,down,down,disease_up_drug_down,secondary_candidate,primary_network_and_pathway
NCH-51,physical,NAALAD2,10003,NAALAD2,0,0.0,86,1,23.0,down,up,up,disease_down_drug_up,secondary_candidate,primary_network_and_pathway
NCH-51,physical,BUB1,699,BUB1,5,4.013999999999999,1,25,24.0,up,down,down,disease_up_drug_down,secondary_candidate,primary_network_and_pathway
NCH-51,physical,CDCA3,83461,CDCA3,0,0.0,30,1,25.0,up,down,down,disease_up_drug_down,secondary_candidate,primary_network_and_pathway
NCH-51,physical,KIF18B,146909,KIF18B,0,0.0,71,1,26.0,up,down,down,disease_up_drug_down,secondary_candidate,primary_network_and_pathway
NCH-51,physical,NCAPH,23397,NCAPH,1,0.999,1,25,27.0,up,down,down,disease_up_drug_down,secondary_candidate,primary_network_and_pathway
NCH-51,physical,GPM6A,2823,GPM6A,0,0.0,58,1,28.0,down,up,up,disease_down_drug_up,secondary_candidate,primary_network_and_pathway
NCH-51,physical,TROAP,10024,TROAP,0,0.0,145,1,29.0,up,down,down,disease_up_drug_down,secondary_candidate,primary_network_and_pathway
NCH-51,physical,FGL2,10875,FGL2,0,0.0,53,1,30.0,down,up,up,disease_down_drug_up,secondary_candidate,primary_network_and_pathway
NCH-51,physical,TPX2,22974,TPX2,2,1.76,1,25,31.0,up,down,down,disease_up_drug_down,secondary_candidate,primary_network_and_pathway
NCH-51,physical,CDCA8,55143,CDCA8,1,0.999,1,25,32.0,up,down,down,disease_up_drug_down,secondary_candidate,primary_network_and_pathway
NCH-51,physical,DLGAP5,9787,DLGAP5,0,0.0,40,1,33.0,up,down,down,disease_up_drug_down,secondary_candidate,primary_network_and_pathway
NCH-51,physical,FAM107A,11170,FAM107A,0,0.0,50,1,34.0,down,up,up,disease_down_drug_up,secondary_candidate,primary_network_and_pathway
NCH-51,physical,DEPDC1,55635,DEPDC1,0,0.0,39,1,35.0,up,down,down,disease_up_drug_down,secondary_candidate,primary_network_and_pathway
NCH-51,physical,KIF4A,24137,KIF4A,1,0.76,3,4,36.0,up,down,down,disease_up_drug_down,secondary_candidate,primary_network_and_pathway
NCH-51,physical,MELK,9833,MELK,1,0.705,1,25,37.0,up,down,down,disease_up_drug_down,secondary_candidate,primary_network_and_pathway
NCH-51,physical,HIF3A,64344,HIF3A,1,0.991,10,2,38.0,down,up,up,disease_down_drug_up,secondary_candidate,primary_network_and_pathway
NCH-51,physical,CENPA,1058,CENPA,2,1.969,4,3,39.0,up,down,down,disease_up_drug_down,secondary_candidate,primary_network_and_pathway
NCH-51,physical,HMMR,3161,HMMR,1,0.761,1,25,40.0,up,down,down,disease_up_drug_down,secondary_candidate,primary_network_and_pathway
NCH-51,physical,CENPF,1063,CENPF,2,1.7120000000000002,1,25,41.0,up,down,down,disease_up_drug_down,secondary_candidate,primary_network_and_pathway
NCH-51,physical,PRC1,9055,PRC1,0,0.0,107,1,42.0,up,down,down,disease_up_drug_down,secondary_candidate,primary_network_and_pathway
NCH-51,physical,KIF15,56992,KIF15,0,0.0,70,1,43.0,up,down,down,disease_up_drug_down,secondary_candidate,primary_network_and_pathway
NCH-51,physical,CKAP2,26586,CKAP2,0,0.0,32,1,44.0,up,down,down,disease_up_drug_down,secondary_candidate,primary_network_and_pathway
NCH-51,physical,TACC3,10460,TACC3,1,0.984,1,25,45.0,up,down,down,disease_up_drug_down,secondary_candidate,primary_network_and_pathway
NCH-51,physical,KIFC1,3833,KIFC1,0,0.0,73,1,46.0,up,down,down,disease_up_drug_down,secondary_candidate,primary_network_and_pathway
NCH-51,physical,ZWINT,11130,ZWINT,3,2.518,1,25,47.0,up,down,down,disease_up_drug_down,secondary_candidate,primary_network_and_pathway
NCH-51,physical,PKNOX2,63876,PKNOX2,0,0.0,103,1,48.0,down,up,up,disease_down_drug_up,secondary_candidate,primary_network_and_pathway
NCH-51,physical,KCNK3,3777,KCNK3,0,0.0,69,1,49.0,down,up,up,disease_down_drug_up,secondary_candidate,primary_network_and_pathway
NCH-51,physical,C7,730,C7,0,0.0,25,1,50.0,down,up,up,disease_down_drug_up,secondary_candidate,primary_network_and_pathway
NCH-51,physical,AKAP12,9590,AKAP12,0,0.0,15,1,51.0,down,up,up,disease_down_drug_up,secondary_candidate,primary_network_and_pathway
NCH-51,physical,RERGL,79785,RERGL,0,0.0,118,1,52.0,down,up,up,disease_down_drug_up,secondary_candidate,primary_network_and_pathway
NCH-51,physical,NEIL3,55247,NEIL3,0,0.0,88,1,53.0,up,down,down,disease_up_drug_down,secondary_candidate,primary_network_and_pathway
NCH-51,physical,GNG7,2788,GNG7,0,0.0,57,1,54.0,down,up,up,disease_down_drug_up,secondary_candidate,primary_network_and_pathway
NCH-51,physical,FEN1,2237,FEN1,1,0.969,11,2,55.0,up,down,down,disease_up_drug_down,secondary_candidate,primary_network_and_pathway
NCH-51,physical,DNASE1L3,1776,DNASE1L3,0,0.0,43,1,56.0,down,up,up,disease_down_drug_up,secondary_candidate,primary_network_and_pathway
NCH-51,physical,SKA1,220134,SKA1,2,1.62,1,25,57.0,up,down,down,disease_up_drug_down,secondary_candidate,primary_network_and_pathway
NCH-51,physical,ZNF331,55422,ZNF331,0,0.0,155,1,58.0,down,up,up,disease_down_drug_up,secondary_candidate,primary_network_and_pathway
NCH-51,physical,DAAM2,23500,DAAM2,0,0.0,37,1,59.0,down,up,up,disease_down_drug_up,secondary_candidate,primary_network_and_pathway
NCH-51,physical,RNASEH2A,10535,RNASEH2A,0,0.0,122,1,60.0,up,down,down,disease_up_drug_down,secondary_candidate,primary_network_and_pathway
NCH-51,physical,PRR7,80758,PRR7,0,0.0,110,1,61.0,up,down,down,disease_up_drug_down,secondary_candidate,primary_network_and_pathway
NCH-51,physical,ABCB1,5243,ABCB1,0,0.0,13,1,62.0,down,up,up,disease_down_drug_up,secondary_candidate,primary_network_and_pathway
NCH-51,physical,RACGAP1,29127,RACGAP1,2,1.929,3,4,63.0,up,down,down,disease_up_drug_down,secondary_candidate,primary_network_and_pathway
NCH-51,physical,SH3BGR,6450,SH3BGR,0,0.0,128,1,64.0,down,up,up,disease_down_drug_up,secondary_candidate,primary_network_and_pathway
NCH-51,physical,TRHDE,29953,TRHDE,0,0.0,144,1,65.0,down,up,up,disease_down_drug_up,secondary_candidate,primary_network_and_pathway
NCH-51,physical,ITIH3,3699,ITIH3,0,0.0,66,1,66.0,down,up,up,disease_down_drug_up,secondary_candidate,primary_network_and_pathway
NCH-51,physical,OLFML1,283298,OLFML1,0,0.0,93,1,67.0,down,up,up,disease_down_drug_up,secondary_candidate,primary_network_and_pathway
NCH-51,physical,FANCI,55215,FANCI,0,0.0,52,1,68.0,up,down,down,disease_up_drug_down,secondary_candidate,primary_network_and_pathway
NCH-51,physical,GPRASP1,9737,GPRASP1,0,0.0,60,1,69.0,down,up,up,disease_down_drug_up,secondary_candidate,primary_network_and_pathway
NCH-51,physical,BIRC5,332,BIRC5,2,1.874,1,25,70.0,up,down,down,disease_up_drug_down,secondary_candidate,primary_network_and_pathway
NCH-51,physical,PDE7B,27115,PDE7B,0,0.0,98,1,71.0,down,up,up,disease_down_drug_up,secondary_candidate,primary_network_and_pathway
NCH-51,physical,RAP1A,5906,RAP1A,0,0.0,116,1,72.0,down,up,up,disease_down_drug_up,secondary_candidate,primary_network_and_pathway
NCH-51,physical,RASGRP2,10235,RASGRP2,0,0.0,117,1,73.0,down,up,up,disease_down_drug_up,secondary_candidate,primary_network_and_pathway
NCH-51,physical,PAIP2B,400961,PAIP2B,0,0.0,94,1,74.0,down,up,up,disease_down_drug_up,secondary_candidate,primary_network_and_pathway
NCH-51,physical,HSPB6,126393,HSPB6,0,0.0,64,1,75.0,down,up,up,disease_down_drug_up,secondary_candidate,primary_network_and_pathway
NCH-51,physical,NR4A3,8013,NR4A3,0,0.0,92,1,76.0,down,up,up,disease_down_drug_up,secondary_candidate,primary_network_and_pathway
NCH-51,physical,RAN,5901,RAN,0,0.0,115,1,77.0,up,down,down,disease_up_drug_down,secondary_candidate,primary_network_and_pathway
NCH-51,physical,MCM7,4176,MCM7,6,5.802,2,8,78.0,up,down,down,disease_up_drug_down,secondary_candidate,primary_network_and_pathway
NCH-51,physical,DNAJB4,11080,DNAJB4,0,0.0,41,1,79.0,down,up,up,disease_down_drug_up,secondary_candidate,primary_network_and_pathway
NCH-51,physical,PRKAR2B,5577,PRKAR2B,0,0.0,109,1,80.0,down,up,up,disease_down_drug_up,secondary_candidate,primary_network_and_pathway
NCH-51,physical,AURKA,6790,AURKA,6,5.284000000000001,1,25,81.0,up,down,down,disease_up_drug_down,secondary_candidate,primary_network_and_pathway
NCH-51,physical,TYMS,7298,TYMS,0,0.0,149,1,82.0,up,down,down,disease_up_drug_down,secondary_candidate,primary_network_and_pathway
NCH-51,physical,DNAJC9,23234,DNAJC9,1,0.915,2,8,83.0,up,down,down,disease_up_drug_down,secondary_candidate,primary_network_and_pathway
NCH-51,physical,STX12,23673,STX12,0,0.0,135,1,84.0,down,up,up,disease_down_drug_up,secondary_candidate,primary_network_and_pathway
NCH-51,physical,XPNPEP2,7512,XPNPEP2,0,0.0,151,1,85.0,down,up,up,disease_down_drug_up,secondary_candidate,primary_network_and_pathway
NCH-51,physical,AOC3,8639,AOC3,0,0.0,17,1,86.0,down,up,up,disease_down_drug_up,secondary_candidate,primary_network_and_pathway
NCH-51,physical,TEK,7010,TEK,0,0.0,138,1,87.0,down,up,up,disease_down_drug_up,secondary_candidate,primary_network_and_pathway
NCH-51,physical,PDE2A,5138,PDE2A,0,0.0,97,1,88.0,down,up,up,disease_down_drug_up,secondary_candidate,primary_network_and_pathway
NCH-51,physical,MAD2L1,4085,MAD2L1,2,1.765,1,25,89.0,up,down,down,disease_up_drug_down,secondary_candidate,primary_network_and_pathway
NCH-51,physical,PEG3,5178,PEG3,0,0.0,100,1,90.0,down,up,up,disease_down_drug_up,secondary_candidate,primary_network_and_pathway
NCH-51,physical,AQP7,364,AQP7,0,0.0,20,1,91.0,down,up,up,disease_down_drug_up,secondary_candidate,primary_network_and_pathway
NCH-51,physical,TSPAN7,7102,TSPAN7,0,0.0,146,1,92.0,down,up,up,disease_down_drug_up,secondary_candidate,primary_network_and_pathway
NCH-51,physical,CLEC3B,7123,CLEC3B,0,0.0,33,1,93.0,down,up,up,disease_down_drug_up,secondary_candidate,primary_network_and_pathway
NCH-51,physical,SLC14A1,6563,SLC14A1,0,0.0,130,1,94.0,down,up,up,disease_down_drug_up,secondary_candidate,primary_network_and_pathway
NCH-51,physical,SMC4,10051,SMC4,2,1.952,1,25,95.0,up,down,down,disease_up_drug_down,secondary_candidate,primary_network_and_pathway
NCH-51,physical,PHYHIP,9796,PHYHIP,0,0.0,101,1,96.0,down,up,up,disease_down_drug_up,secondary_candidate,primary_network_and_pathway
NCH-51,physical,RNPS1,10921,RNPS1,0,0.0,123,1,97.0,up,down,down,disease_up_drug_down,secondary_candidate,primary_network_and_pathway
NCH-51,physical,POLE2,5427,POLE2,5,4.441,2,8,98.0,up,down,down,disease_up_drug_down,secondary_candidate,primary_network_and_pathway
NCH-51,physical,UCK2,7371,UCK2,0,0.0,150,1,99.0,up,down,down,disease_up_drug_down,secondary_candidate,primary_network_and_pathway
NCH-51,physical,TRIP13,9319,TRIP13,1,0.961,1,25,100.0,up,down,down,disease_up_drug_down,secondary_candidate,primary_network_and_pathway
NCH-51,physical,LIMS2,55679,LIMS2,0,0.0,76,1,101.0,down,up,up,disease_down_drug_up,secondary_candidate,primary_network_and_pathway
NCH-51,physical,LSM7,51690,LSM7,0,0.0,77,1,102.0,up,down,down,disease_up_drug_down,secondary_candidate,primary_network_and_pathway
NCH-51,physical,CSDC2,27254,CSDC2,0,0.0,35,1,103.0,down,up,up,disease_down_drug_up,secondary_candidate,primary_network_and_pathway
NCH-51,physical,SUV39H1,6839,SUV39H1,1,0.981,8,2,104.0,up,down,down,disease_up_drug_down,secondary_candidate,primary_network_and_pathway
NCH-51,physical,TNS1,7145,TNS1,0,0.0,140,1,105.0,down,up,up,disease_down_drug_up,secondary_candidate,primary_network_and_pathway
NCH-51,physical,ZFP64,55734,ZFP64,0,0.0,153,1,106.0,up,down,down,disease_up_drug_down,secondary_candidate,primary_network_and_pathway
NCH-51,physical,PPP1R14B,26472,PPP1R14B,0,0.0,106,1,107.0,up,down,down,disease_up_drug_down,secondary_candidate,primary_network_and_pathway
NCH-51,physical,NCAM1,4684,NCAM1,0,0.0,87,1,108.0,down,up,up,disease_down_drug_up,secondary_candidate,primary_network_and_pathway
NCH-51,physical,PUS1,80324,PUS1,0,0.0,114,1,109.0,up,down,down,disease_up_drug_down,secondary_candidate,primary_network_and_pathway
NCH-51,physical,PRELP,5549,PRELP,0,0.0,108,1,110.0,down,up,up,disease_down_drug_up,secondary_candidate,primary_network_and_pathway
NCH-51,physical,HSD17B6,8630,HSD17B6,0,0.0,63,1,111.0,down,up,up,disease_down_drug_up,secondary_candidate,primary_network_and_pathway
NCH-51,physical,MAN1A1,4121,MAN1A1,0,0.0,79,1,112.0,down,up,up,disease_down_drug_up,secondary_candidate,primary_network_and_pathway
NCH-51,physical,SLC17A7,57030,SLC17A7,0,0.0,131,1,113.0,down,up,up,disease_down_drug_up,secondary_candidate,primary_network_and_pathway
NCH-51,physical,PCCA,5095,PCCA,0,0.0,95,1,114.0,down,up,up,disease_down_drug_up,secondary_candidate,primary_network_and_pathway
NCH-51,physical,TIMP3,7078,TIMP3,0,0.0,139,1,115.0,down,up,up,disease_down_drug_up,secondary_candidate,primary_network_and_pathway
NCH-51,physical,KCNB1,3745,KCNB1,0,0.0,68,1,116.0,down,up,up,disease_down_drug_up,secondary_candidate,primary_network_and_pathway
NCH-51,physical,TOP2A,7153,TOP2A,0,0.0,142,1,117.0,up,down,down,disease_up_drug_down,secondary_candidate,primary_network_and_pathway
NCH-51,physical,RUNDC3B,154661,RUNDC3B,0,0.0,125,1,118.0,down,up,up,disease_down_drug_up,secondary_candidate,primary_network_and_pathway
NCH-51,physical,GPR17,2840,GPR17,0,0.0,59,1,119.0,down,up,up,disease_down_drug_up,secondary_candidate,primary_network_and_pathway
NCH-51,physical,PID1,55022,PID1,0,0.0,102,1,120.0,down,up,up,disease_down_drug_up,secondary_candidate,primary_network_and_pathway
NCH-51,physical,STIL,6491,STIL,0,0.0,133,1,121.0,up,down,down,disease_up_drug_down,secondary_candidate,primary_network_and_pathway
NCH-51,physical,ECHDC3,79746,ECHDC3,0,0.0,46,1,122.0,down,up,up,disease_down_drug_up,secondary_candidate,primary_network_and_pathway
NCH-51,physical,TTK,7272,TTK,0,0.0,147,1,123.0,up,down,down,disease_up_drug_down,secondary_candidate,primary_network_and_pathway
NCH-51,physical,ASPM,259266,ASPM,0,0.0,22,1,124.0,up,down,down,disease_up_drug_down,secondary_candidate,primary_network_and_pathway
NCH-51,physical,GFRA2,2675,GFRA2,0,0.0,55,1,125.0,down,up,up,disease_down_drug_up,secondary_candidate,primary_network_and_pathway
NCH-51,physical,PTBP1,5725,PTBP1,0,0.0,112,1,126.0,up,down,down,disease_up_drug_down,secondary_candidate,primary_network_and_pathway
NCH-51,physical,MKI67,4288,MKI67,0,0.0,82,1,127.0,up,down,down,disease_up_drug_down,secondary_candidate,primary_network_and_pathway
NCH-51,physical,PUF60,22827,PUF60,0,0.0,113,1,128.0,up,down,down,disease_up_drug_down,secondary_candidate,primary_network_and_pathway
NCH-51,physical,CBX3,11335,CBX3,1,0.981,8,2,129.0,up,down,down,disease_up_drug_down,secondary_candidate,primary_network_and_pathway
NCH-51,physical,NR3C2,4306,NR3C2,0,0.0,91,1,130.0,down,up,up,disease_down_drug_up,secondary_candidate,primary_network_and_pathway
NCH-51,physical,SPC25,57405,SPC25,2,1.593,1,25,131.0,up,down,down,disease_up_drug_down,secondary_candidate,primary_network_and_pathway
NCH-51,physical,LMNB1,4001,LMNB1,1,0.724,1,25,132.0,up,down,down,disease_up_drug_down,secondary_candidate,primary_network_and_pathway
NCH-51,physical,CDC45,8318,CDC45,6,5.609000000000001,2,8,133.0,up,down,down,disease_up_drug_down,secondary_candidate,primary_network_and_pathway
NCH-51,physical,KANK3,256949,KANK3,0,0.0,67,1,134.0,down,up,up,disease_down_drug_up,secondary_candidate,primary_network_and_pathway
NCH-51,physical,ZNF282,8427,ZNF282,0,0.0,154,1,135.0,up,down,down,disease_up_drug_down,secondary_candidate,primary_network_and_pathway
NCH-51,physical,AQP4,361,AQP4,0,0.0,19,1,136.0,down,up,up,disease_down_drug_up,secondary_candidate,primary_network_and_pathway
NCH-51,physical,PLP1,5354,PLP1,0,0.0,104,1,137.0,down,up,up,disease_down_drug_up,secondary_candidate,primary_network_and_pathway
NCH-51,physical,ADH1A,124,ADH1A,1,0.971,5,2,138.0,down,up,up,disease_down_drug_up,secondary_candidate,primary_network_and_pathway
NCH-51,physical,EPAS1,2034,EPAS1,1,0.991,10,2,139.0,down,up,up,disease_down_drug_up,secondary_candidate,primary_network_and_pathway
NCH-51,physical,ACO1,48,ACO1,0,0.0,14,1,140.0,down,up,up,disease_down_drug_up,secondary_candidate,primary_network_and_pathway
NCH-51,physical,KIF22,3835,KIF22,0,0.0,72,1,141.0,up,down,down,disease_up_drug_down,secondary_candidate,primary_network_and_pathway
NCH-51,physical,TNXB,7148,TNXB,0,0.0,141,1,142.0,down,up,up,disease_down_drug_up,secondary_candidate,primary_network_and_pathway
NCH-51,physical,SLC25A20,788,SLC25A20,0,0.0,132,1,143.0,down,up,up,disease_down_drug_up,secondary_candidate,primary_network_and_pathway
NCH-51,physical,MPP1,4354,MPP1,0,0.0,84,1,144.0,down,up,up,disease_down_drug_up,secondary_candidate,primary_network_and_pathway
NCH-51,physical,ITGA8,8516,ITGA8,0,0.0,65,1,145.0,down,up,up,disease_down_drug_up,secondary_candidate,primary_network_and_pathway
NCH-51,physical,REXO4,57109,REXO4,0,0.0,119,1,146.0,up,down,down,disease_up_drug_down,secondary_candidate,primary_network_and_pathway
NCH-51,physical,DDX56,54606,DDX56,0,0.0,38,1,147.0,up,down,down,disease_up_drug_down,secondary_candidate,primary_network_and_pathway
NCH-51,physical,EPM2A,7957,EPM2A,0,0.0,48,1,148.0,down,up,up,disease_down_drug_up,secondary_candidate,primary_network_and_pathway
NCH-51,physical,EXO1,9156,EXO1,0,0.0,49,1,149.0,up,down,down,disease_up_drug_down,secondary_candidate,primary_network_and_pathway
NCH-51,physical,SEMA3D,223117,SEMA3D,0,0.0,126,1,150.0,down,up,up,disease_down_drug_up,secondary_candidate,primary_network_and_pathway
NCH-51,physical,NFIL3,4783,NFIL3,0,0.0,89,1,151.0,down,up,up,disease_down_drug_up,secondary_candidate,primary_network_and_pathway
NCH-51,physical,SCN3B,55800,SCN3B,1,0.755,12,2,152.0,down,up,up,disease_down_drug_up,secondary_candidate,primary_network_and_pathway
NCH-51,physical,ATF3,467,ATF3,1,0.878,6,2,153.0,down,up,up,disease_down_drug_up,secondary_candidate,primary_network_and_pathway
NCH-51,physical,ALDH6A1,4329,ALDH6A1,0,0.0,16,1,154.0,down,up,up,disease_down_drug_up,secondary_candidate,primary_network_and_pathway
NCH-51,physical,STON1,11037,STON1,0,0.0,134,1,155.0,down,up,up,disease_down_drug_up,secondary_candidate,primary_network_and_pathway
NCH-51,physical,DUSP1,1843,DUSP1,0,0.0,45,1,156.0,down,up,up,disease_down_drug_up,secondary_candidate,primary_network_and_pathway
NCH-51,physical,CYP4F12,66002,CYP4F12,0,0.0,36,1,157.0,down,up,up,disease_down_drug_up,secondary_candidate,primary_network_and_pathway
NCH-51,physical,HGF,3082,HGF,0,0.0,62,1,158.0,down,up,up,disease_down_drug_up,secondary_candidate,primary_network_and_pathway
NCH-51,physical,ECT2,1894,ECT2,1,0.998,3,4,159.0,up,down,down,disease_up_drug_down,secondary_candidate,primary_network_and_pathway
NCH-51,physical,PRX,57716,PRX,0,0.0,111,1,160.0,down,up,up,disease_down_drug_up,secondary_candidate,primary_network_and_pathway
NCH-51,physical,MPDZ,8777,MPDZ,0,0.0,83,1,161.0,down,up,up,disease_down_drug_up,secondary_candidate,primary_network_and_pathway
NCH-51,physical,LIG1,3978,LIG1,1,0.969,11,2,162.0,up,down,down,disease_up_drug_down,secondary_candidate,primary_network_and_pathway
NCH-51,physical,CDK4,1019,CDK4,1,0.989,1,25,163.0,up,down,down,disease_up_drug_down,secondary_candidate,primary_network_and_pathway
NCH-51,physical,EMCN,51705,EMCN,0,0.0,47,1,164.0,down,up,up,disease_down_drug_up,secondary_candidate,primary_network_and_pathway
NCH-51,physical,YARS2,51067,YARS2,0,0.0,152,1,165.0,up,down,down,disease_up_drug_down,secondary_candidate,primary_network_and_pathway
NCH-51,physical,GIMAP5,55340,GIMAP5,0,0.0,56,1,166.0,down,up,up,disease_down_drug_up,secondary_candidate,primary_network_and_pathway
NCH-51,physical,CCDC86,79080,CCDC86,0,0.0,28,1,167.0,up,down,down,disease_up_drug_down,secondary_candidate,primary_network_and_pathway
NCH-51,physical,TPI1,7167,TPI1,0,0.0,143,1,168.0,up,down,down,disease_up_drug_down,secondary_candidate,primary_network_and_pathway
NCH-51,physical,NCAPG2,54892,NCAPG2,2,1.7959999999999998,1,25,169.0,up,down,down,disease_up_drug_down,secondary_candidate,primary_network_and_pathway
NCH-51,physical,MAPK10,5602,MAPK10,0,0.0,80,1,170.0,down,up,up,disease_down_drug_up,secondary_candidate,primary_network_and_pathway
NCH-51,physical,GINS1,9837,GINS1,5,4.853999999999999,2,8,171.0,up,down,down,disease_up_drug_down,secondary_candidate,primary_network_and_pathway
NCH-51,physical,DTYMK,1841,DTYMK,0,0.0,44,1,172.0,up,down,down,disease_up_drug_down,secondary_candidate,primary_network_and_pathway
NCH-51,physical,COMMD4,54939,COMMD4,0,0.0,34,1,173.0,up,down,down,disease_up_drug_down,secondary_candidate,primary_network_and_pathway
NCH-51,physical,BTG2,7832,BTG2,0,0.0,24,1,174.0,down,up,up,disease_down_drug_up,secondary_candidate,primary_network_and_pathway
NCH-51,physical,DNAJC2,27000,DNAJC2,0,0.0,42,1,175.0,up,down,down,disease_up_drug_down,secondary_candidate,primary_network_and_pathway
NCH-51,physical,NMT2,9397,NMT2,0,0.0,90,1,176.0,down,up,up,disease_down_drug_up,secondary_candidate,primary_network_and_pathway
NCH-51,physical,FAM117A,81558,FAM117A,0,0.0,51,1,177.0,down,up,up,disease_down_drug_up,secondary_candidate,primary_network_and_pathway
NCH-51,physical,NFASC,23114,NFASC,1,0.992,9,2,178.0,down,up,up,disease_down_drug_up,secondary_candidate,primary_network_and_pathway
NCH-51,physical,RRM2,6241,RRM2,0,0.0,124,1,179.0,up,down,down,disease_up_drug_down,secondary_candidate,primary_network_and_pathway
NCH-51,physical,CDCA4,55038,CDCA4,0,0.0,31,1,180.0,up,down,down,disease_up_drug_down,secondary_candidate,primary_network_and_pathway
NCH-51,physical,CALD1,800,CALD1,0,0.0,26,1,181.0,down,up,up,disease_down_drug_up,secondary_candidate,primary_network_and_pathway
NCH-51,physical,KLHL4,56062,KLHL4,0,0.0,74,1,182.0,down,up,up,disease_down_drug_up,secondary_candidate,primary_network_and_pathway
NCH-51,physical,GADD45B,4616,GADD45B,0,0.0,54,1,183.0,down,up,up,disease_down_drug_up,secondary_candidate,primary_network_and_pathway
NCH-51,physical,PCK1,5105,PCK1,0,0.0,96,1,184.0,down,up,up,disease_down_drug_up,secondary_candidate,primary_network_and_pathway
NCH-51,physical,ZNF415,55786,ZNF415,0,0.0,156,1,185.0,down,up,up,disease_down_drug_up,secondary_candidate,primary_network_and_pathway
NCH-51,physical,MASP1,5648,MASP1,0,0.0,81,1,186.0,down,up,up,disease_down_drug_up,secondary_candidate,primary_network_and_pathway
NCH-51,physical,MYOM1,8736,MYOM1,0,0.0,85,1,187.0,down,up,up,disease_down_drug_up,secondary_candidate,primary_network_and_pathway
NCH-51,physical,CALCOCO1,57658,CALCOCO1,1,0.751,7,2,188.0,down,up,up,disease_down_drug_up,secondary_candidate,primary_network_and_pathway
NCH-51,physical,CDC25A,993,CDC25A,0,0.0,29,1,189.0,up,down,down,disease_up_drug_down,secondary_candidate,primary_network_and_pathway
NCH-51,physical,AR,367,AR,0,0.0,21,1,190.0,down,up,up,disease_down_drug_up,secondary_candidate,primary_network_and_pathway
NCH-51,physical,RFC2,5982,RFC2,0,0.0,120,1,191.0,up,down,down,disease_up_drug_down,secondary_candidate,primary_network_and_pathway
NCH-51,physical,SCN2B,6327,SCN2B,1,0.755,12,2,192.0,down,up,up,disease_down_drug_up,secondary_candidate,primary_network_and_pathway
NCH-51,physical,SERINC1,57515,SERINC1,0,0.0,127,1,193.0,down,up,up,disease_down_drug_up,secondary_candidate,primary_network_and_pathway
NCH-51,physical,TBRG4,9238,TBRG4,0,0.0,136,1,194.0,up,down,down,disease_up_drug_down,secondary_candidate,primary_network_and_pathway
NCH-51,physical,TIPIN,54962,TIPIN,5,4.699,2,8,195.0,up,down,down,disease_up_drug_down,secondary_candidate,primary_network_and_pathway
NCH-51,physical,ADH1B,125,ADH1B,1,0.971,5,2,196.0,down,up,up,disease_down_drug_up,secondary_candidate,primary_network_and_pathway
NCH-51,physical,CNTN1,1272,CNTN1,1,0.992,9,2,197.0,down,up,up,disease_down_drug_up,secondary_candidate,primary_network_and_pathway
NCH-51,physical,POLQ,10721,POLQ,0,0.0,105,1,198.0,up,down,down,disease_up_drug_down,secondary_candidate,primary_network_and_pathway
NCH-51,physical,SH3BP5,9467,SH3BP5,0,0.0,129,1,199.0,down,up,up,disease_down_drug_up,secondary_candidate,primary_network_and_pathway
NCH-51,physical,GABARAPL1,23710,GABARAPL1,1,0.751,7,2,200.0,down,up,up,disease_down_drug_up,secondary_candidate,primary_network_and_pathway
NCH-51,functional,UBE2C,11065,UBE2C,40,35.369,1,86,1.0,up,down,down,disease_up_drug_down,secondary_candidate,primary_network_and_pathway
NCH-51,functional,TCF21,6943,TCF21,0,0.0,88,1,2.0,down,up,up,disease_down_drug_up,secondary_candidate,primary_network_and_pathway
NCH-51,functional,GPX3,2878,GPX3,0,0.0,41,1,3.0,down,up,up,disease_down_drug_up,secondary_candidate,primary_network_and_pathway
NCH-51,functional,FOSB,2354,FOSB,3,2.541,1,86,4.0,down,up,up,disease_down_drug_up,secondary_candidate,primary_network_and_pathway
NCH-51,functional,LYVE1,10894,LYVE1,2,1.599,1,86,5.0,down,up,up,disease_down_drug_up,secondary_candidate,primary_network_and_pathway
NCH-51,functional,ATP1B2,482,ATP1B2,0,0.0,20,1,6.0,down,up,up,disease_down_drug_up,secondary_candidate,primary_network_and_pathway
NCH-51,functional,MCM2,4171,MCM2,18,15.861,1,86,7.0,up,down,down,disease_up_drug_down,secondary_candidate,primary_network_and_pathway
NCH-51,functional,AOX1,316,AOX1,5,4.554,2,6,8.0,down,up,up,disease_down_drug_up,secondary_candidate,primary_network_and_pathway
NCH-51,functional,LIFR,3977,LIFR,0,0.0,48,1,9.0,down,up,up,disease_down_drug_up,secondary_candidate,primary_network_and_pathway
NCH-51,functional,CCDC69,26112,CCDC69,0,0.0,23,1,10.0,down,up,up,disease_down_drug_up,secondary_candidate,primary_network_and_pathway
NCH-51,functional,RGN,9104,RGN,0,0.0,76,1,11.0,down,up,up,disease_down_drug_up,secondary_candidate,primary_network_and_pathway
NCH-51,functional,PDGFRA,5156,PDGFRA,1,0.841,1,86,12.0,down,up,up,disease_down_drug_up,secondary_candidate,primary_network_and_pathway
NCH-51,functional,TXNIP,10628,TXNIP,0,0.0,93,1,13.0,down,up,up,disease_down_drug_up,secondary_candidate,primary_network_and_pathway
NCH-51,functional,CENPM,79019,CENPM,19,15.441,1,86,14.0,up,down,down,disease_up_drug_down,secondary_candidate,primary_network_and_pathway
NCH-51,functional,CDT1,81620,CDT1,21,17.429,1,86,15.0,up,down,down,disease_up_drug_down,secondary_candidate,primary_network_and_pathway
NCH-51,functional,CCNB2,9133,CCNB2,47,42.00800000000002,1,86,16.0,up,down,down,disease_up_drug_down,secondary_candidate,primary_network_and_pathway
NCH-51,functional,KIF20A,10112,KIF20A,46,41.565000000000005,1,86,17.0,up,down,down,disease_up_drug_down,secondary_candidate,primary_network_and_pathway
NCH-51,functional,PLK1,5347,PLK1,45,39.586000000000006,1,86,18.0,up,down,down,disease_up_drug_down,secondary_candidate,primary_network_and_pathway
NCH-51,functional,CCNA2,890,CCNA2,51,45.645,1,86,19.0,up,down,down,disease_up_drug_down,secondary_candidate,primary_network_and_pathway
NCH-51,functional,FOXM1,2305,FOXM1,35,30.121,1,86,20.0,up,down,down,disease_up_drug_down,secondary_candidate,primary_network_and_pathway
NCH-51,functional,HJURP,55355,HJURP,39,33.87099999999999,1,86,21.0,up,down,down,disease_up_drug_down,secondary_candidate,primary_network_and_pathway
NCH-51,functional,GTSE1,51512,GTSE1,15,11.936,1,86,22.0,up,down,down,disease_up_drug_down,secondary_candidate,primary_network_and_pathway
NCH-51,functional,NAALAD2,10003,NAALAD2,0,0.0,57,1,23.0,down,up,up,disease_down_drug_up,secondary_candidate,primary_network_and_pathway
NCH-51,functional,BUB1,699,BUB1,46,41.50599999999999,1,86,24.0,up,down,down,disease_up_drug_down,secondary_candidate,primary_network_and_pathway
NCH-51,functional,CDCA3,83461,CDCA3,38,32.001999999999995,1,86,25.0,up,down,down,disease_up_drug_down,secondary_candidate,primary_network_and_pathway
NCH-51,functional,KIF18B,146909,KIF18B,18,14.740000000000002,1,86,26.0,up,down,down,disease_up_drug_down,secondary_candidate,primary_network_and_pathway
NCH-51,functional,NCAPH,23397,NCAPH,28,23.018,1,86,27.0,up,down,down,disease_up_drug_down,secondary_candidate,primary_network_and_pathway
NCH-51,functional,GPM6A,2823,GPM6A,0,0.0,38,1,28.0,down,up,up,disease_down_drug_up,secondary_candidate,primary_network_and_pathway
NCH-51,functional,TROAP,10024,TROAP,21,16.430999999999997,1,86,29.0,up,down,down,disease_up_drug_down,secondary_candidate,primary_network_and_pathway
NCH-51,functional,FGL2,10875,FGL2,0,0.0,35,1,30.0,down,up,up,disease_down_drug_up,secondary_candidate,primary_network_and_pathway
NCH-51,functional,TPX2,22974,TPX2,42,37.459,1,86,31.0,up,down,down,disease_up_drug_down,secondary_candidate,primary_network_and_pathway
NCH-51,functional,CDCA8,55143,CDCA8,44,39.228,1,86,32.0,up,down,down,disease_up_drug_down,secondary_candidate,primary_network_and_pathway
NCH-51,functional,DLGAP5,9787,DLGAP5,45,40.49,1,86,33.0,up,down,down,disease_up_drug_down,secondary_candidate,primary_network_and_pathway
NCH-51,functional,FAM107A,11170,FAM107A,0,0.0,33,1,34.0,down,up,up,disease_down_drug_up,secondary_candidate,primary_network_and_pathway
NCH-51,functional,DEPDC1,55635,DEPDC1,24,19.651,1,86,35.0,up,down,down,disease_up_drug_down,secondary_candidate,primary_network_and_pathway
NCH-51,functional,KIF4A,24137,KIF4A,43,37.362,1,86,36.0,up,down,down,disease_up_drug_down,secondary_candidate,primary_network_and_pathway
NCH-51,functional,MELK,9833,MELK,43,37.801,1,86,37.0,up,down,down,disease_up_drug_down,secondary_candidate,primary_network_and_pathway
NCH-51,functional,HIF3A,64344,HIF3A,1,0.997,8,2,38.0,down,up,up,disease_down_drug_up,secondary_candidate,primary_network_and_pathway
NCH-51,functional,CENPA,1058,CENPA,38,33.347,1,86,39.0,up,down,down,disease_up_drug_down,secondary_candidate,primary_network_and_pathway
NCH-51,functional,HMMR,3161,HMMR,35,30.301,1,86,40.0,up,down,down,disease_up_drug_down,secondary_candidate,primary_network_and_pathway
NCH-51,functional,CENPF,1063,CENPF,43,38.152000000000015,1,86,41.0,up,down,down,disease_up_drug_down,secondary_candidate,primary_network_and_pathway
NCH-51,functional,PRC1,9055,PRC1,38,32.375,1,86,42.0,up,down,down,disease_up_drug_down,secondary_candidate,primary_network_and_pathway
NCH-51,functional,KIF15,56992,KIF15,37,31.543000000000003,1,86,43.0,up,down,down,disease_up_drug_down,secondary_candidate,primary_network_and_pathway
NCH-51,functional,CKAP2,26586,CKAP2,16,12.762999999999998,1,86,44.0,up,down,down,disease_up_drug_down,secondary_candidate,primary_network_and_pathway
NCH-51,functional,TACC3,10460,TACC3,19,15.029,1,86,45.0,up,down,down,disease_up_drug_down,secondary_candidate,primary_network_and_pathway
NCH-51,functional,KIFC1,3833,KIFC1,29,23.597,1,86,46.0,up,down,down,disease_up_drug_down,secondary_candidate,primary_network_and_pathway
NCH-51,functional,ZWINT,11130,ZWINT,37,31.587999999999997,1,86,47.0,up,down,down,disease_up_drug_down,secondary_candidate,primary_network_and_pathway
NCH-51,functional,PKNOX2,63876,PKNOX2,0,0.0,68,1,48.0,down,up,up,disease_down_drug_up,secondary_candidate,primary_network_and_pathway
NCH-51,functional,KCNK3,3777,KCNK3,0,0.0,46,1,49.0,down,up,up,disease_down_drug_up,secondary_candidate,primary_network_and_pathway
NCH-51,functional,C7,730,C7,0,0.0,21,1,50.0,down,up,up,disease_down_drug_up,secondary_candidate,primary_network_and_pathway
NCH-51,functional,AKAP12,9590,AKAP12,0,0.0,16,1,51.0,down,up,up,disease_down_drug_up,secondary_candidate,primary_network_and_pathway
NCH-51,functional,RERGL,79785,RERGL,0,0.0,74,1,52.0,down,up,up,disease_down_drug_up,secondary_candidate,primary_network_and_pathway
NCH-51,functional,NEIL3,55247,NEIL3,8,6.231,1,86,53.0,up,down,down,disease_up_drug_down,secondary_candidate,primary_network_and_pathway
NCH-51,functional,GNG7,2788,GNG7,0,0.0,37,1,54.0,down,up,up,disease_down_drug_up,secondary_candidate,primary_network_and_pathway
NCH-51,functional,FEN1,2237,FEN1,18,15.199,1,86,55.0,up,down,down,disease_up_drug_down,secondary_candidate,primary_network_and_pathway
NCH-51,functional,DNASE1L3,1776,DNASE1L3,0,0.0,30,1,56.0,down,up,up,disease_down_drug_up,secondary_candidate,primary_network_and_pathway
NCH-51,functional,SKA1,220134,SKA1,18,14.257,1,86,57.0,up,down,down,disease_up_drug_down,secondary_candidate,primary_network_and_pathway
NCH-51,functional,ZNF331,55422,ZNF331,0,0.0,97,1,58.0,down,up,up,disease_down_drug_up,secondary_candidate,primary_network_and_pathway
NCH-51,functional,DAAM2,23500,DAAM2,0,0.0,29,1,59.0,down,up,up,disease_down_drug_up,secondary_candidate,primary_network_and_pathway
NCH-51,functional,RNASEH2A,10535,RNASEH2A,8,6.437,1,86,60.0,up,down,down,disease_up_drug_down,secondary_candidate,primary_network_and_pathway
NCH-51,functional,PRR7,80758,PRR7,0,0.0,72,1,61.0,up,down,down,disease_up_drug_down,secondary_candidate,primary_network_and_pathway
NCH-51,functional,ABCB1,5243,ABCB1,0,0.0,15,1,62.0,down,up,up,disease_down_drug_up,secondary_candidate,primary_network_and_pathway
NCH-51,functional,RACGAP1,29127,RACGAP1,35,29.327,1,86,63.0,up,down,down,disease_up_drug_down,secondary_candidate,primary_network_and_pathway
NCH-51,functional,SH3BGR,6450,SH3BGR,0,0.0,81,1,64.0,down,up,up,disease_down_drug_up,secondary_candidate,primary_network_and_pathway
NCH-51,functional,TRHDE,29953,TRHDE,0,0.0,91,1,65.0,down,up,up,disease_down_drug_up,secondary_candidate,primary_network_and_pathway
NCH-51,functional,ITIH3,3699,ITIH3,0,0.0,43,1,66.0,down,up,up,disease_down_drug_up,secondary_candidate,primary_network_and_pathway
NCH-51,functional,OLFML1,283298,OLFML1,0,0.0,60,1,67.0,down,up,up,disease_down_drug_up,secondary_candidate,primary_network_and_pathway
NCH-51,functional,FANCI,55215,FANCI,8,6.176,1,86,68.0,up,down,down,disease_up_drug_down,secondary_candidate,primary_network_and_pathway
NCH-51,functional,GPRASP1,9737,GPRASP1,0,0.0,40,1,69.0,down,up,up,disease_down_drug_up,secondary_candidate,primary_network_and_pathway
NCH-51,functional,BIRC5,332,BIRC5,49,43.17100000000001,1,86,70.0,up,down,down,disease_up_drug_down,secondary_candidate,primary_network_and_pathway
NCH-51,functional,PDE7B,27115,PDE7B,0,0.0,64,1,71.0,down,up,up,disease_down_drug_up,secondary_candidate,primary_network_and_pathway
NCH-51,functional,RAP1A,5906,RAP1A,1,0.993,13,2,72.0,down,up,up,disease_down_drug_up,secondary_candidate,primary_network_and_pathway
NCH-51,functional,RASGRP2,10235,RASGRP2,1,0.993,13,2,73.0,down,up,up,disease_down_drug_up,secondary_candidate,primary_network_and_pathway
NCH-51,functional,PAIP2B,400961,PAIP2B,0,0.0,61,1,74.0,down,up,up,disease_down_drug_up,secondary_candidate,primary_network_and_pathway
NCH-51,functional,HSPB6,126393,HSPB6,0,0.0,42,1,75.0,down,up,up,disease_down_drug_up,secondary_candidate,primary_network_and_pathway
NCH-51,functional,NR4A3,8013,NR4A3,1,0.736,1,86,76.0,down,up,up,disease_down_drug_up,secondary_candidate,primary_network_and_pathway
NCH-51,functional,RAN,5901,RAN,1,0.75,1,86,77.0,up,down,down,disease_up_drug_down,secondary_candidate,primary_network_and_pathway
NCH-51,functional,MCM7,4176,MCM7,23,19.93,1,86,78.0,up,down,down,disease_up_drug_down,secondary_candidate,primary_network_and_pathway
NCH-51,functional,DNAJB4,11080,DNAJB4,1,0.865,7,2,79.0,down,up,up,disease_down_drug_up,secondary_candidate,primary_network_and_pathway
NCH-51,functional,PRKAR2B,5577,PRKAR2B,1,0.812,1,86,80.0,down,up,up,disease_down_drug_up,secondary_candidate,primary_network_and_pathway
NCH-51,functional,AURKA,6790,AURKA,40,34.79900000000001,1,86,81.0,up,down,down,disease_up_drug_down,secondary_candidate,primary_network_and_pathway
NCH-51,functional,TYMS,7298,TYMS,21,17.476000000000006,1,86,82.0,up,down,down,disease_up_drug_down,secondary_candidate,primary_network_and_pathway
NCH-51,functional,DNAJC9,23234,DNAJC9,1,0.944,1,86,83.0,up,down,down,disease_up_drug_down,secondary_candidate,primary_network_and_pathway
NCH-51,functional,STX12,23673,STX12,0,0.0,87,1,84.0,down,up,up,disease_down_drug_up,secondary_candidate,primary_network_and_pathway
NCH-51,functional,XPNPEP2,7512,XPNPEP2,0,0.0,94,1,85.0,down,up,up,disease_down_drug_up,secondary_candidate,primary_network_and_pathway
NCH-51,functional,AOC3,8639,AOC3,0,0.0,17,1,86.0,down,up,up,disease_down_drug_up,secondary_candidate,primary_network_and_pathway
NCH-51,functional,TEK,7010,TEK,2,1.652,1,86,87.0,down,up,up,disease_down_drug_up,secondary_candidate,primary_network_and_pathway
NCH-51,functional,PDE2A,5138,PDE2A,0,0.0,63,1,88.0,down,up,up,disease_down_drug_up,secondary_candidate,primary_network_and_pathway
NCH-51,functional,MAD2L1,4085,MAD2L1,40,34.394000000000005,1,86,89.0,up,down,down,disease_up_drug_down,secondary_candidate,primary_network_and_pathway
NCH-51,functional,PEG3,5178,PEG3,0,0.0,65,1,90.0,down,up,up,disease_down_drug_up,secondary_candidate,primary_network_and_pathway
NCH-51,functional,AQP7,364,AQP7,0,0.0,19,1,91.0,down,up,up,disease_down_drug_up,secondary_candidate,primary_network_and_pathway
NCH-51,functional,TSPAN7,7102,TSPAN7,0,0.0,92,1,92.0,down,up,up,disease_down_drug_up,secondary_candidate,primary_network_and_pathway
NCH-51,functional,CLEC3B,7123,CLEC3B,0,0.0,25,1,93.0,down,up,up,disease_down_drug_up,secondary_candidate,primary_network_and_pathway
NCH-51,functional,SLC14A1,6563,SLC14A1,0,0.0,83,1,94.0,down,up,up,disease_down_drug_up,secondary_candidate,primary_network_and_pathway
NCH-51,functional,SMC4,10051,SMC4,21,16.95,1,86,95.0,up,down,down,disease_up_drug_down,secondary_candidate,primary_network_and_pathway
NCH-51,functional,PHYHIP,9796,PHYHIP,0,0.0,66,1,96.0,down,up,up,disease_down_drug_up,secondary_candidate,primary_network_and_pathway
NCH-51,functional,RNPS1,10921,RNPS1,0,0.0,77,1,97.0,up,down,down,disease_up_drug_down,secondary_candidate,primary_network_and_pathway
NCH-51,functional,POLE2,5427,POLE2,11,9.864,1,86,98.0,up,down,down,disease_up_drug_down,secondary_candidate,primary_network_and_pathway
NCH-51,functional,UCK2,7371,UCK2,1,0.781,1,86,99.0,up,down,down,disease_up_drug_down,secondary_candidate,primary_network_and_pathway
NCH-51,functional,TRIP13,9319,TRIP13,28,22.117000000000008,1,86,100.0,up,down,down,disease_up_drug_down,secondary_candidate,primary_network_and_pathway
NCH-51,functional,LIMS2,55679,LIMS2,0,0.0,49,1,101.0,down,up,up,disease_down_drug_up,secondary_candidate,primary_network_and_pathway
NCH-51,functional,LSM7,51690,LSM7,0,0.0,50,1,102.0,up,down,down,disease_up_drug_down,secondary_candidate,primary_network_and_pathway
NCH-51,functional,CSDC2,27254,CSDC2,0,0.0,27,1,103.0,down,up,up,disease_down_drug_up,secondary_candidate,primary_network_and_pathway
NCH-51,functional,SUV39H1,6839,SUV39H1,1,0.998,1,86,104.0,up,down,down,disease_up_drug_down,secondary_candidate,primary_network_and_pathway
NCH-51,functional,TNS1,7145,TNS1,0,0.0,90,1,105.0,down,up,up,disease_down_drug_up,secondary_candidate,primary_network_and_pathway
NCH-51,functional,ZFP64,55734,ZFP64,0,0.0,95,1,106.0,up,down,down,disease_up_drug_down,secondary_candidate,primary_network_and_pathway
NCH-51,functional,PPP1R14B,26472,PPP1R14B,0,0.0,70,1,107.0,up,down,down,disease_up_drug_down,secondary_candidate,primary_network_and_pathway
NCH-51,functional,NCAM1,4684,NCAM1,1,0.738,9,2,108.0,down,up,up,disease_down_drug_up,secondary_candidate,primary_network_and_pathway
NCH-51,functional,PUS1,80324,PUS1,1,0.956,12,2,109.0,up,down,down,disease_up_drug_down,secondary_candidate,primary_network_and_pathway
NCH-51,functional,PRELP,5549,PRELP,0,0.0,71,1,110.0,down,up,up,disease_down_drug_up,secondary_candidate,primary_network_and_pathway
NCH-51,functional,HSD17B6,8630,HSD17B6,1,0.918,2,6,111.0,down,up,up,disease_down_drug_up,secondary_candidate,primary_network_and_pathway
NCH-51,functional,MAN1A1,4121,MAN1A1,0,0.0,51,1,112.0,down,up,up,disease_down_drug_up,secondary_candidate,primary_network_and_pathway
NCH-51,functional,SLC17A7,57030,SLC17A7,0,0.0,84,1,113.0,down,up,up,disease_down_drug_up,secondary_candidate,primary_network_and_pathway
NCH-51,functional,PCCA,5095,PCCA,2,1.785,2,6,114.0,down,up,up,disease_down_drug_up,secondary_candidate,primary_network_and_pathway
NCH-51,functional,TIMP3,7078,TIMP3,0,0.0,89,1,115.0,down,up,up,disease_down_drug_up,secondary_candidate,primary_network_and_pathway
NCH-51,functional,KCNB1,3745,KCNB1,0,0.0,45,1,116.0,down,up,up,disease_down_drug_up,secondary_candidate,primary_network_and_pathway
NCH-51,functional,TOP2A,7153,TOP2A,47,42.041,1,86,117.0,up,down,down,disease_up_drug_down,secondary_candidate,primary_network_and_pathway
NCH-51,functional,RUNDC3B,154661,RUNDC3B,0,0.0,78,1,118.0,down,up,up,disease_down_drug_up,secondary_candidate,primary_network_and_pathway
NCH-51,functional,GPR17,2840,GPR17,0,0.0,39,1,119.0,down,up,up,disease_down_drug_up,secondary_candidate,primary_network_and_pathway
NCH-51,functional,PID1,55022,PID1,0,0.0,67,1,120.0,down,up,up,disease_down_drug_up,secondary_candidate,primary_network_and_pathway
NCH-51,functional,STIL,6491,STIL,4,3.2830000000000004,1,86,121.0,up,down,down,disease_up_drug_down,secondary_candidate,primary_network_and_pathway
NCH-51,functional,ECHDC3,79746,ECHDC3,0,0.0,31,1,122.0,down,up,up,disease_down_drug_up,secondary_candidate,primary_network_and_pathway
NCH-51,functional,TTK,7272,TTK,38,33.567,1,86,123.0,up,down,down,disease_up_drug_down,secondary_candidate,primary_network_and_pathway
NCH-51,functional,ASPM,259266,ASPM,42,37.133,1,86,124.0,up,down,down,disease_up_drug_down,secondary_candidate,primary_network_and_pathway
NCH-51,functional,GFRA2,2675,GFRA2,1,0.738,9,2,125.0,down,up,up,disease_down_drug_up,secondary_candidate,primary_network_and_pathway
NCH-51,functional,PTBP1,5725,PTBP1,1,0.744,11,2,126.0,up,down,down,disease_up_drug_down,secondary_candidate,primary_network_and_pathway
NCH-51,functional,MKI67,4288,MKI67,35,30.221,1,86,127.0,up,down,down,disease_up_drug_down,secondary_candidate,primary_network_and_pathway
NCH-51,functional,PUF60,22827,PUF60,1,0.744,11,2,128.0,up,down,down,disease_up_drug_down,secondary_candidate,primary_network_and_pathway
NCH-51,functional,CBX3,11335,CBX3,2,1.704,1,86,129.0,up,down,down,disease_up_drug_down,secondary_candidate,primary_network_and_pathway
NCH-51,functional,NR3C2,4306,NR3C2,1,0.71,3,2,130.0,down,up,up,disease_down_drug_up,secondary_candidate,primary_network_and_pathway
NCH-51,functional,SPC25,57405,SPC25,22,18.034,1,86,131.0,up,down,down,disease_up_drug_down,secondary_candidate,primary_network_and_pathway
NCH-51,functional,LMNB1,4001,LMNB1,3,2.28,1,86,132.0,up,down,down,disease_up_drug_down,secondary_candidate,primary_network_and_pathway
NCH-51,functional,CDC45,8318,CDC45,45,38.121,1,86,133.0,up,down,down,disease_up_drug_down,secondary_candidate,primary_network_and_pathway
NCH-51,functional,KANK3,256949,KANK3,0,0.0,44,1,134.0,down,up,up,disease_down_drug_up,secondary_candidate,primary_network_and_pathway
NCH-51,functional,ZNF282,8427,ZNF282,0,0.0,96,1,135.0,up,down,down,disease_up_drug_down,secondary_candidate,primary_network_and_pathway
NCH-51,functional,AQP4,361,AQP4,0,0.0,18,1,136.0,down,up,up,disease_down_drug_up,secondary_candidate,primary_network_and_pathway
NCH-51,functional,PLP1,5354,PLP1,0,0.0,69,1,137.0,down,up,up,disease_down_drug_up,secondary_candidate,primary_network_and_pathway
NCH-51,functional,ADH1A,124,ADH1A,2,1.931,2,6,138.0,down,up,up,disease_down_drug_up,secondary_candidate,primary_network_and_pathway
NCH-51,functional,EPAS1,2034,EPAS1,1,0.997,8,2,139.0,down,up,up,disease_down_drug_up,secondary_candidate,primary_network_and_pathway
NCH-51,functional,ACO1,48,ACO1,1,0.724,1,86,140.0,down,up,up,disease_down_drug_up,secondary_candidate,primary_network_and_pathway
NCH-51,functional,KIF22,3835,KIF22,17,13.800000000000002,1,86,141.0,up,down,down,disease_up_drug_down,secondary_candidate,primary_network_and_pathway
NCH-51,functional,TNXB,7148,TNXB,1,0.924,10,2,142.0,down,up,up,disease_down_drug_up,secondary_candidate,primary_network_and_pathway
NCH-51,functional,SLC25A20,788,SLC25A20,0,0.0,85,1,143.0,down,up,up,disease_down_drug_up,secondary_candidate,primary_network_and_pathway
NCH-51,functional,MPP1,4354,MPP1,0,0.0,55,1,144.0,down,up,up,disease_down_drug_up,secondary_candidate,primary_network_and_pathway
NCH-51,functional,ITGA8,8516,ITGA8,1,0.924,10,2,145.0,down,up,up,disease_down_drug_up,secondary_candidate,primary_network_and_pathway
NCH-51,functional,REXO4,57109,REXO4,0,0.0,75,1,146.0,up,down,down,disease_up_drug_down,secondary_candidate,primary_network_and_pathway
NCH-51,functional,DDX56,54606,DDX56,1,0.756,6,2,147.0,up,down,down,disease_up_drug_down,secondary_candidate,primary_network_and_pathway
NCH-51,functional,EPM2A,7957,EPM2A,0,0.0,32,1,148.0,down,up,up,disease_down_drug_up,secondary_candidate,primary_network_and_pathway
NCH-51,functional,EXO1,9156,EXO1,37,30.108000000000004,1,86,149.0,up,down,down,disease_up_drug_down,secondary_candidate,primary_network_and_pathway
NCH-51,functional,SEMA3D,223117,SEMA3D,0,0.0,79,1,150.0,down,up,up,disease_down_drug_up,secondary_candidate,primary_network_and_pathway
NCH-51,functional,NFIL3,4783,NFIL3,0,0.0,58,1,151.0,down,up,up,disease_down_drug_up,secondary_candidate,primary_network_and_pathway
NCH-51,functional,SCN3B,55800,SCN3B,1,0.995,14,2,152.0,down,up,up,disease_down_drug_up,secondary_candidate,primary_network_and_pathway
NCH-51,functional,ATF3,467,ATF3,3,2.598,1,86,153.0,down,up,up,disease_down_drug_up,secondary_candidate,primary_network_and_pathway
NCH-51,functional,ALDH6A1,4329,ALDH6A1,2,1.877,2,6,154.0,down,up,up,disease_down_drug_up,secondary_candidate,primary_network_and_pathway
NCH-51,functional,STON1,11037,STON1,0,0.0,86,1,155.0,down,up,up,disease_down_drug_up,secondary_candidate,primary_network_and_pathway
NCH-51,functional,DUSP1,1843,DUSP1,3,2.436,1,86,156.0,down,up,up,disease_down_drug_up,secondary_candidate,primary_network_and_pathway
NCH-51,functional,CYP4F12,66002,CYP4F12,0,0.0,28,1,157.0,down,up,up,disease_down_drug_up,secondary_candidate,primary_network_and_pathway
NCH-51,functional,HGF,3082,HGF,2,1.739,1,86,158.0,down,up,up,disease_down_drug_up,secondary_candidate,primary_network_and_pathway
NCH-51,functional,ECT2,1894,ECT2,24,19.861,1,86,159.0,up,down,down,disease_up_drug_down,secondary_candidate,primary_network_and_pathway
NCH-51,functional,PRX,57716,PRX,0,0.0,73,1,160.0,down,up,up,disease_down_drug_up,secondary_candidate,primary_network_and_pathway
NCH-51,functional,MPDZ,8777,MPDZ,0,0.0,54,1,161.0,down,up,up,disease_down_drug_up,secondary_candidate,primary_network_and_pathway
NCH-51,functional,LIG1,3978,LIG1,8,6.756,1,86,162.0,up,down,down,disease_up_drug_down,secondary_candidate,primary_network_and_pathway
NCH-51,functional,CDK4,1019,CDK4,12,9.796,1,86,163.0,up,down,down,disease_up_drug_down,secondary_candidate,primary_network_and_pathway
NCH-51,functional,EMCN,51705,EMCN,2,1.5,1,86,164.0,down,up,up,disease_down_drug_up,secondary_candidate,primary_network_and_pathway
NCH-51,functional,YARS2,51067,YARS2,1,0.956,12,2,165.0,up,down,down,disease_up_drug_down,secondary_candidate,primary_network_and_pathway
NCH-51,functional,GIMAP5,55340,GIMAP5,0,0.0,36,1,166.0,down,up,up,disease_down_drug_up,secondary_candidate,primary_network_and_pathway
NCH-51,functional,CCDC86,79080,CCDC86,0,0.0,24,1,167.0,up,down,down,disease_up_drug_down,secondary_candidate,primary_network_and_pathway
NCH-51,functional,TPI1,7167,TPI1,2,1.476,1,86,168.0,up,down,down,disease_up_drug_down,secondary_candidate,primary_network_and_pathway
NCH-51,functional,NCAPG2,54892,NCAPG2,17,13.483,1,86,169.0,up,down,down,disease_up_drug_down,secondary_candidate,primary_network_and_pathway
NCH-51,functional,MAPK10,5602,MAPK10,0,0.0,52,1,170.0,down,up,up,disease_down_drug_up,secondary_candidate,primary_network_and_pathway
NCH-51,functional,GINS1,9837,GINS1,9,8.141,1,86,171.0,up,down,down,disease_up_drug_down,secondary_candidate,primary_network_and_pathway
NCH-51,functional,DTYMK,1841,DTYMK,2,1.95,1,86,172.0,up,down,down,disease_up_drug_down,secondary_candidate,primary_network_and_pathway
NCH-51,functional,COMMD4,54939,COMMD4,0,0.0,26,1,173.0,up,down,down,disease_up_drug_down,secondary_candidate,primary_network_and_pathway
NCH-51,functional,BTG2,7832,BTG2,1,0.739,1,86,174.0,down,up,up,disease_down_drug_up,secondary_candidate,primary_network_and_pathway
NCH-51,functional,DNAJC2,27000,DNAJC2,1,0.865,7,2,175.0,up,down,down,disease_up_drug_down,secondary_candidate,primary_network_and_pathway
NCH-51,functional,NMT2,9397,NMT2,0,0.0,59,1,176.0,down,up,up,disease_down_drug_up,secondary_candidate,primary_network_and_pathway
NCH-51,functional,FAM117A,81558,FAM117A,0,0.0,34,1,177.0,down,up,up,disease_down_drug_up,secondary_candidate,primary_network_and_pathway
NCH-51,functional,NFASC,23114,NFASC,1,0.998,5,2,178.0,down,up,up,disease_down_drug_up,secondary_candidate,primary_network_and_pathway
NCH-51,functional,RRM2,6241,RRM2,39,33.85099999999999,1,86,179.0,up,down,down,disease_up_drug_down,secondary_candidate,primary_network_and_pathway
NCH-51,functional,CDCA4,55038,CDCA4,1,0.723,1,86,180.0,up,down,down,disease_up_drug_down,secondary_candidate,primary_network_and_pathway
NCH-51,functional,CALD1,800,CALD1,0,0.0,22,1,181.0,down,up,up,disease_down_drug_up,secondary_candidate,primary_network_and_pathway
NCH-51,functional,KLHL4,56062,KLHL4,0,0.0,47,1,182.0,down,up,up,disease_down_drug_up,secondary_candidate,primary_network_and_pathway
NCH-51,functional,GADD45B,4616,GADD45B,2,1.75,1,86,183.0,down,up,up,disease_down_drug_up,secondary_candidate,primary_network_and_pathway
NCH-51,functional,PCK1,5105,PCK1,0,0.0,62,1,184.0,down,up,up,disease_down_drug_up,secondary_candidate,primary_network_and_pathway
NCH-51,functional,ZNF415,55786,ZNF415,0,0.0,98,1,185.0,down,up,up,disease_down_drug_up,secondary_candidate,primary_network_and_pathway
NCH-51,functional,MASP1,5648,MASP1,0,0.0,53,1,186.0,down,up,up,disease_down_drug_up,secondary_candidate,primary_network_and_pathway
NCH-51,functional,MYOM1,8736,MYOM1,0,0.0,56,1,187.0,down,up,up,disease_down_drug_up,secondary_candidate,primary_network_and_pathway
NCH-51,functional,CALCOCO1,57658,CALCOCO1,1,0.86,4,2,188.0,down,up,up,disease_down_drug_up,secondary_candidate,primary_network_and_pathway
NCH-51,functional,CDC25A,993,CDC25A,9,7.926000000000001,1,86,189.0,up,down,down,disease_up_drug_down,secondary_candidate,primary_network_and_pathway
NCH-51,functional,AR,367,AR,1,0.71,3,2,190.0,down,up,up,disease_down_drug_up,secondary_candidate,primary_network_and_pathway
NCH-51,functional,RFC2,5982,RFC2,7,5.91,1,86,191.0,up,down,down,disease_up_drug_down,secondary_candidate,primary_network_and_pathway
NCH-51,functional,SCN2B,6327,SCN2B,1,0.995,14,2,192.0,down,up,up,disease_down_drug_up,secondary_candidate,primary_network_and_pathway
NCH-51,functional,SERINC1,57515,SERINC1,0,0.0,80,1,193.0,down,up,up,disease_down_drug_up,secondary_candidate,primary_network_and_pathway
NCH-51,functional,TBRG4,9238,TBRG4,1,0.756,6,2,194.0,up,down,down,disease_up_drug_down,secondary_candidate,primary_network_and_pathway
NCH-51,functional,TIPIN,54962,TIPIN,8,7.277,1,86,195.0,up,down,down,disease_up_drug_down,secondary_candidate,primary_network_and_pathway
NCH-51,functional,ADH1B,125,ADH1B,2,1.941,2,6,196.0,down,up,up,disease_down_drug_up,secondary_candidate,primary_network_and_pathway
NCH-51,functional,CNTN1,1272,CNTN1,1,0.998,5,2,197.0,down,up,up,disease_down_drug_up,secondary_candidate,primary_network_and_pathway
NCH-51,functional,POLQ,10721,POLQ,4,3.169,1,86,198.0,up,down,down,disease_up_drug_down,secondary_candidate,primary_network_and_pathway
NCH-51,functional,SH3BP5,9467,SH3BP5,0,0.0,82,1,199.0,down,up,up,disease_down_drug_up,secondary_candidate,primary_network_and_pathway
NCH-51,functional,GABARAPL1,23710,GABARAPL1,1,0.86,4,2,200.0,down,up,up,disease_down_drug_up,secondary_candidate,primary_network_and_pathway
TC-H-106,physical,ADH1B,125,ADH1B,0,0.0,14,1,1.0,down,up,up,disease_down_drug_up,exploratory_candidate,primary_network_and_pathway_with_caveat
TC-H-106,physical,CES1,1066,CES1,0,0.0,33,1,2.0,down,up,up,disease_down_drug_up,exploratory_candidate,primary_network_and_pathway_with_caveat
TC-H-106,physical,BIRC5,332,BIRC5,1,0.875,1,13,3.0,up,down,down,disease_up_drug_down,exploratory_candidate,primary_network_and_pathway_with_caveat
TC-H-106,physical,CHRDL1,91851,CHRDL1,0,0.0,36,1,4.0,down,up,up,disease_down_drug_up,exploratory_candidate,primary_network_and_pathway_with_caveat
TC-H-106,physical,UBE2C,11065,UBE2C,2,1.594,1,13,5.0,up,down,down,disease_up_drug_down,exploratory_candidate,primary_network_and_pathway_with_caveat
TC-H-106,physical,MYLK,4638,MYLK,0,0.0,90,1,6.0,down,up,up,disease_down_drug_up,exploratory_candidate,primary_network_and_pathway_with_caveat
TC-H-106,physical,PDK4,5166,PDK4,0,0.0,105,1,7.0,down,up,up,disease_down_drug_up,exploratory_candidate,primary_network_and_pathway_with_caveat
TC-H-106,physical,AOX1,316,AOX1,0,0.0,18,1,8.0,down,up,up,disease_down_drug_up,exploratory_candidate,primary_network_and_pathway_with_caveat
TC-H-106,physical,GINS2,51659,GINS2,1,0.993,1,13,9.0,up,down,down,disease_up_drug_down,exploratory_candidate,primary_network_and_pathway_with_caveat
TC-H-106,physical,CDT1,81620,CDT1,3,2.881,1,13,10.0,up,down,down,disease_up_drug_down,exploratory_candidate,primary_network_and_pathway_with_caveat
TC-H-106,physical,ABCA8,10351,ABCA8,0,0.0,11,1,11.0,down,up,up,disease_down_drug_up,exploratory_candidate,primary_network_and_pathway_with_caveat
TC-H-106,physical,CLEC3B,7123,CLEC3B,0,0.0,37,1,12.0,down,up,up,disease_down_drug_up,exploratory_candidate,primary_network_and_pathway_with_caveat
TC-H-106,physical,PDGFRA,5156,PDGFRA,0,0.0,104,1,13.0,down,up,up,disease_down_drug_up,exploratory_candidate,primary_network_and_pathway_with_caveat
TC-H-106,physical,FOSB,2354,FOSB,1,0.878,5,2,14.0,down,up,up,disease_down_drug_up,exploratory_candidate,primary_network_and_pathway_with_caveat
TC-H-106,physical,AQP7,364,AQP7,0,0.0,19,1,15.0,down,up,up,disease_down_drug_up,exploratory_candidate,primary_network_and_pathway_with_caveat
TC-H-106,physical,PRELP,5549,PRELP,0,0.0,116,1,16.0,down,up,up,disease_down_drug_up,exploratory_candidate,primary_network_and_pathway_with_caveat
TC-H-106,physical,AKAP12,9590,AKAP12,0,0.0,15,1,17.0,down,up,up,disease_down_drug_up,exploratory_candidate,primary_network_and_pathway_with_caveat
TC-H-106,physical,AOC3,8639,AOC3,0,0.0,17,1,18.0,down,up,up,disease_down_drug_up,exploratory_candidate,primary_network_and_pathway_with_caveat
TC-H-106,physical,FMO2,2327,FMO2,0,0.0,58,1,19.0,down,up,up,disease_down_drug_up,exploratory_candidate,primary_network_and_pathway_with_caveat
TC-H-106,physical,PRKAR2B,5577,PRKAR2B,0,0.0,117,1,20.0,down,up,up,disease_down_drug_up,exploratory_candidate,primary_network_and_pathway_with_caveat
TC-H-106,physical,TEK,7010,TEK,0,0.0,153,1,21.0,down,up,up,disease_down_drug_up,exploratory_candidate,primary_network_and_pathway_with_caveat
TC-H-106,physical,TCF21,6943,TCF21,0,0.0,152,1,22.0,down,up,up,disease_down_drug_up,exploratory_candidate,primary_network_and_pathway_with_caveat
TC-H-106,physical,KLF9,687,KLF9,0,0.0,77,1,23.0,down,up,up,disease_down_drug_up,exploratory_candidate,primary_network_and_pathway_with_caveat
TC-H-106,physical,LMNB2,84823,LMNB2,1,0.998,8,2,24.0,up,down,down,disease_up_drug_down,exploratory_candidate,primary_network_and_pathway_with_caveat
TC-H-106,physical,DNAJB4,11080,DNAJB4,0,0.0,48,1,25.0,down,up,up,disease_down_drug_up,exploratory_candidate,primary_network_and_pathway_with_caveat
TC-H-106,physical,MYO19,80179,MYO19,0,0.0,91,1,26.0,up,down,down,disease_up_drug_down,exploratory_candidate,primary_network_and_pathway_with_caveat
TC-H-106,physical,FBXL6,26233,FBXL6,0,0.0,56,1,27.0,up,down,down,disease_up_drug_down,exploratory_candidate,primary_network_and_pathway_with_caveat
TC-H-106,physical,PLK1,5347,PLK1,3,2.79,1,13,28.0,up,down,down,disease_up_drug_down,exploratory_candidate,primary_network_and_pathway_with_caveat
TC-H-106,physical,KIF20A,10112,KIF20A,0,0.0,74,1,29.0,up,down,down,disease_up_drug_down,exploratory_candidate,primary_network_and_pathway_with_caveat
TC-H-106,physical,CAT,847,CAT,0,0.0,27,1,30.0,down,up,up,disease_down_drug_up,exploratory_candidate,primary_network_and_pathway_with_caveat
TC-H-106,physical,FOXM1,2305,FOXM1,2,1.71,1,13,31.0,up,down,down,disease_up_drug_down,exploratory_candidate,primary_network_and_pathway_with_caveat
TC-H-106,physical,CLN6,54982,CLN6,0,0.0,38,1,32.0,up,down,down,disease_up_drug_down,exploratory_candidate,primary_network_and_pathway_with_caveat
TC-H-106,physical,CCNA2,890,CCNA2,3,2.658,1,13,33.0,up,down,down,disease_up_drug_down,exploratory_candidate,primary_network_and_pathway_with_caveat
TC-H-106,physical,FAM107A,11170,FAM107A,0,0.0,55,1,34.0,down,up,up,disease_down_drug_up,exploratory_candidate,primary_network_and_pathway_with_caveat
TC-H-106,physical,GPM6A,2823,GPM6A,0,0.0,62,1,35.0,down,up,up,disease_down_drug_up,exploratory_candidate,primary_network_and_pathway_with_caveat
TC-H-106,physical,FXYD1,5348,FXYD1,0,0.0,59,1,36.0,down,up,up,disease_down_drug_up,exploratory_candidate,primary_network_and_pathway_with_caveat
TC-H-106,physical,PCCA,5095,PCCA,0,0.0,101,1,37.0,down,up,up,disease_down_drug_up,exploratory_candidate,primary_network_and_pathway_with_caveat
TC-H-106,physical,DES,1674,DES,0,0.0,46,1,38.0,down,up,up,disease_down_drug_up,exploratory_candidate,primary_network_and_pathway_with_caveat
TC-H-106,physical,CDCA3,83461,CDCA3,0,0.0,30,1,39.0,up,down,down,disease_up_drug_down,exploratory_candidate,primary_network_and_pathway_with_caveat
TC-H-106,physical,MCM10,55388,MCM10,3,2.759,1,13,40.0,up,down,down,disease_up_drug_down,exploratory_candidate,primary_network_and_pathway_with_caveat
TC-H-106,physical,HIF3A,64344,HIF3A,0,0.0,64,1,41.0,down,up,up,disease_down_drug_up,exploratory_candidate,primary_network_and_pathway_with_caveat
TC-H-106,physical,TCOF1,6949,TCOF1,1,0.818,3,6,42.0,up,down,down,disease_up_drug_down,exploratory_candidate,primary_network_and_pathway_with_caveat
TC-H-106,physical,PTGIS,5740,PTGIS,0,0.0,122,1,43.0,down,up,up,disease_down_drug_up,exploratory_candidate,primary_network_and_pathway_with_caveat
TC-H-106,physical,TACC3,10460,TACC3,1,0.984,1,13,44.0,up,down,down,disease_up_drug_down,exploratory_candidate,primary_network_and_pathway_with_caveat
TC-H-106,physical,ABCB1,5243,ABCB1,0,0.0,12,1,45.0,down,up,up,disease_down_drug_up,exploratory_candidate,primary_network_and_pathway_with_caveat
TC-H-106,physical,DDR2,4921,DDR2,0,0.0,45,1,46.0,down,up,up,disease_down_drug_up,exploratory_candidate,primary_network_and_pathway_with_caveat
TC-H-106,physical,LSM7,51690,LSM7,4,3.969,2,7,47.0,up,down,down,disease_up_drug_down,exploratory_candidate,primary_network_and_pathway_with_caveat
TC-H-106,physical,TIMP3,7078,TIMP3,1,0.848,6,2,48.0,down,up,up,disease_down_drug_up,exploratory_candidate,primary_network_and_pathway_with_caveat
TC-H-106,physical,ATF3,467,ATF3,1,0.878,5,2,49.0,down,up,up,disease_down_drug_up,exploratory_candidate,primary_network_and_pathway_with_caveat
TC-H-106,physical,PRC1,9055,PRC1,0,0.0,115,1,50.0,up,down,down,disease_up_drug_down,exploratory_candidate,primary_network_and_pathway_with_caveat
TC-H-106,physical,DCN,1634,DCN,0,0.0,44,1,51.0,down,up,up,disease_down_drug_up,exploratory_candidate,primary_network_and_pathway_with_caveat
TC-H-106,physical,CCDC86,79080,CCDC86,0,0.0,28,1,52.0,up,down,down,disease_up_drug_down,exploratory_candidate,primary_network_and_pathway_with_caveat
TC-H-106,physical,PID1,55022,PID1,0,0.0,107,1,53.0,down,up,up,disease_down_drug_up,exploratory_candidate,primary_network_and_pathway_with_caveat
TC-H-106,physical,MKI67,4288,MKI67,0,0.0,87,1,54.0,up,down,down,disease_up_drug_down,exploratory_candidate,primary_network_and_pathway_with_caveat
TC-H-106,physical,WASF3,10810,WASF3,0,0.0,163,1,55.0,down,up,up,disease_down_drug_up,exploratory_candidate,primary_network_and_pathway_with_caveat
TC-H-106,physical,MFAP4,4239,MFAP4,0,0.0,86,1,56.0,down,up,up,disease_down_drug_up,exploratory_candidate,primary_network_and_pathway_with_caveat
TC-H-106,physical,RFC2,5982,RFC2,0,0.0,130,1,57.0,up,down,down,disease_up_drug_down,exploratory_candidate,primary_network_and_pathway_with_caveat
TC-H-106,physical,CYP4F12,66002,CYP4F12,0,0.0,43,1,58.0,down,up,up,disease_down_drug_up,exploratory_candidate,primary_network_and_pathway_with_caveat
TC-H-106,physical,KCNK3,3777,KCNK3,0,0.0,73,1,59.0,down,up,up,disease_down_drug_up,exploratory_candidate,primary_network_and_pathway_with_caveat
TC-H-106,physical,EMCN,51705,EMCN,0,0.0,53,1,60.0,down,up,up,disease_down_drug_up,exploratory_candidate,primary_network_and_pathway_with_caveat
TC-H-106,physical,SAC3D1,29901,SAC3D1,0,0.0,136,1,61.0,up,down,down,disease_up_drug_down,exploratory_candidate,primary_network_and_pathway_with_caveat
TC-H-106,physical,BLM,641,BLM,0,0.0,24,1,62.0,up,down,down,disease_up_drug_down,exploratory_candidate,primary_network_and_pathway_with_caveat
TC-H-106,physical,ITGA8,8516,ITGA8,0,0.0,69,1,63.0,down,up,up,disease_down_drug_up,exploratory_candidate,primary_network_and_pathway_with_caveat
TC-H-106,physical,ZNF282,8427,ZNF282,0,0.0,166,1,64.0,up,down,down,disease_up_drug_down,exploratory_candidate,primary_network_and_pathway_with_caveat
TC-H-106,physical,MPDZ,8777,MPDZ,0,0.0,89,1,65.0,down,up,up,disease_down_drug_up,exploratory_candidate,primary_network_and_pathway_with_caveat
TC-H-106,physical,HSD11B1,3290,HSD11B1,0,0.0,66,1,66.0,down,up,up,disease_down_drug_up,exploratory_candidate,primary_network_and_pathway_with_caveat
TC-H-106,physical,DUSP1,1843,DUSP1,0,0.0,51,1,67.0,down,up,up,disease_down_drug_up,exploratory_candidate,primary_network_and_pathway_with_caveat
TC-H-106,physical,PDE8B,8622,PDE8B,0,0.0,103,1,68.0,down,up,up,disease_down_drug_up,exploratory_candidate,primary_network_and_pathway_with_caveat
TC-H-106,physical,LEPR,3953,LEPR,0,0.0,79,1,69.0,down,up,up,disease_down_drug_up,exploratory_candidate,primary_network_and_pathway_with_caveat
TC-H-106,physical,GADD45B,4616,GADD45B,0,0.0,60,1,70.0,down,up,up,disease_down_drug_up,exploratory_candidate,primary_network_and_pathway_with_caveat
TC-H-106,physical,LDB2,9079,LDB2,0,0.0,78,1,71.0,down,up,up,disease_down_drug_up,exploratory_candidate,primary_network_and_pathway_with_caveat
TC-H-106,physical,WLS,79971,WLS,0,0.0,164,1,72.0,down,up,up,disease_down_drug_up,exploratory_candidate,primary_network_and_pathway_with_caveat
TC-H-106,physical,NFASC,23114,NFASC,0,0.0,95,1,73.0,down,up,up,disease_down_drug_up,exploratory_candidate,primary_network_and_pathway_with_caveat
TC-H-106,physical,EIF3B,8662,EIF3B,0,0.0,52,1,74.0,up,down,down,disease_up_drug_down,exploratory_candidate,primary_network_and_pathway_with_caveat
TC-H-106,physical,RRS1,23212,RRS1,1,0.773,4,5,75.0,up,down,down,disease_up_drug_down,exploratory_candidate,primary_network_and_pathway_with_caveat
TC-H-106,physical,SLC25A20,788,SLC25A20,0,0.0,143,1,76.0,down,up,up,disease_down_drug_up,exploratory_candidate,primary_network_and_pathway_with_caveat
TC-H-106,physical,SGCE,8910,SGCE,0,0.0,138,1,77.0,down,up,up,disease_down_drug_up,exploratory_candidate,primary_network_and_pathway_with_caveat
TC-H-106,physical,EFEMP1,2202,EFEMP1,1,0.848,6,2,78.0,down,up,up,disease_down_drug_up,exploratory_candidate,primary_network_and_pathway_with_caveat
TC-H-106,physical,RHOB,388,RHOB,0,0.0,132,1,79.0,down,up,up,disease_down_drug_up,exploratory_candidate,primary_network_and_pathway_with_caveat
TC-H-106,physical,NOP2,4839,NOP2,0,0.0,97,1,80.0,up,down,down,disease_up_drug_down,exploratory_candidate,primary_network_and_pathway_with_caveat
TC-H-106,physical,SH3BGR,6450,SH3BGR,0,0.0,139,1,81.0,down,up,up,disease_down_drug_up,exploratory_candidate,primary_network_and_pathway_with_caveat
TC-H-106,physical,TOMM40,10452,TOMM40,0,0.0,156,1,82.0,up,down,down,disease_up_drug_down,exploratory_candidate,primary_network_and_pathway_with_caveat
TC-H-106,physical,ASF1B,55723,ASF1B,0,0.0,20,1,83.0,up,down,down,disease_up_drug_down,exploratory_candidate,primary_network_and_pathway_with_caveat
TC-H-106,physical,ITIH3,3699,ITIH3,0,0.0,70,1,84.0,down,up,up,disease_down_drug_up,exploratory_candidate,primary_network_and_pathway_with_caveat
TC-H-106,physical,POP7,10248,POP7,2,1.62,3,6,85.0,up,down,down,disease_up_drug_down,exploratory_candidate,primary_network_and_pathway_with_caveat
TC-H-106,physical,MYOM1,8736,MYOM1,0,0.0,92,1,86.0,down,up,up,disease_down_drug_up,exploratory_candidate,primary_network_and_pathway_with_caveat
TC-H-106,physical,BRMS1,25855,BRMS1,0,0.0,25,1,87.0,up,down,down,disease_up_drug_down,exploratory_candidate,primary_network_and_pathway_with_caveat
TC-H-106,physical,RRP1,8568,RRP1,2,1.5699999999999998,4,5,88.0,up,down,down,disease_up_drug_down,exploratory_candidate,primary_network_and_pathway_with_caveat
TC-H-106,physical,NOC4L,79050,NOC4L,3,2.745,3,6,89.0,up,down,down,disease_up_drug_down,exploratory_candidate,primary_network_and_pathway_with_caveat
TC-H-106,physical,STARD8,9754,STARD8,0,0.0,148,1,90.0,down,up,up,disease_down_drug_up,exploratory_candidate,primary_network_and_pathway_with_caveat
TC-H-106,physical,KLF2,10365,KLF2,0,0.0,76,1,91.0,down,up,up,disease_down_drug_up,exploratory_candidate,primary_network_and_pathway_with_caveat
TC-H-106,physical,TBC1D10B,26000,TBC1D10B,0,0.0,150,1,92.0,up,down,down,disease_up_drug_down,exploratory_candidate,primary_network_and_pathway_with_caveat
TC-H-106,physical,SH3BP5,9467,SH3BP5,0,0.0,140,1,93.0,down,up,up,disease_down_drug_up,exploratory_candidate,primary_network_and_pathway_with_caveat
TC-H-106,physical,PPP1R14B,26472,PPP1R14B,0,0.0,114,1,94.0,up,down,down,disease_up_drug_down,exploratory_candidate,primary_network_and_pathway_with_caveat
TC-H-106,physical,RCAN1,1827,RCAN1,0,0.0,126,1,95.0,down,up,up,disease_down_drug_up,exploratory_candidate,primary_network_and_pathway_with_caveat
TC-H-106,physical,DDX49,54555,DDX49,1,0.8,3,6,96.0,up,down,down,disease_up_drug_down,exploratory_candidate,primary_network_and_pathway_with_caveat
TC-H-106,physical,MCM7,4176,MCM7,4,3.881,1,13,97.0,up,down,down,disease_up_drug_down,exploratory_candidate,primary_network_and_pathway_with_caveat
TC-H-106,physical,ZNF331,55422,ZNF331,0,0.0,167,1,98.0,down,up,up,disease_down_drug_up,exploratory_candidate,primary_network_and_pathway_with_caveat
TC-H-106,physical,IL1R1,3554,IL1R1,1,0.964,7,2,99.0,down,up,up,disease_down_drug_up,exploratory_candidate,primary_network_and_pathway_with_caveat
TC-H-106,physical,COL4A3,1285,COL4A3,0,0.0,39,1,100.0,down,up,up,disease_down_drug_up,exploratory_candidate,primary_network_and_pathway_with_caveat
TC-H-106,physical,PALB2,79728,PALB2,0,0.0,99,1,101.0,up,down,down,disease_up_drug_down,exploratory_candidate,primary_network_and_pathway_with_caveat
TC-H-106,physical,TRMT1,55621,TRMT1,0,0.0,158,1,102.0,up,down,down,disease_up_drug_down,exploratory_candidate,primary_network_and_pathway_with_caveat
TC-H-106,physical,REXO4,57109,REXO4,0,0.0,129,1,103.0,up,down,down,disease_up_drug_down,exploratory_candidate,primary_network_and_pathway_with_caveat
TC-H-106,physical,PNRC1,10957,PNRC1,0,0.0,110,1,104.0,down,up,up,disease_down_drug_up,exploratory_candidate,primary_network_and_pathway_with_caveat
TC-H-106,physical,MYH11,4629,MYH11,1,0.8,9,2,105.0,down,up,up,disease_down_drug_up,exploratory_candidate,primary_network_and_pathway_with_caveat
TC-H-106,physical,RGS2,5997,RGS2,0,0.0,131,1,106.0,down,up,up,disease_down_drug_up,exploratory_candidate,primary_network_and_pathway_with_caveat
TC-H-106,physical,AURKA,6790,AURKA,4,3.516,1,13,107.0,up,down,down,disease_up_drug_down,exploratory_candidate,primary_network_and_pathway_with_caveat
TC-H-106,physical,CDC6,990,CDC6,4,3.916,1,13,108.0,up,down,down,disease_up_drug_down,exploratory_candidate,primary_network_and_pathway_with_caveat
TC-H-106,physical,F8,2157,F8,0,0.0,54,1,109.0,down,up,up,disease_down_drug_up,exploratory_candidate,primary_network_and_pathway_with_caveat
TC-H-106,physical,CCNB1,891,CCNB1,3,2.701,1,13,110.0,up,down,down,disease_up_drug_down,exploratory_candidate,primary_network_and_pathway_with_caveat
TC-H-106,physical,LMOD1,25802,LMOD1,1,0.8,9,2,111.0,down,up,up,disease_down_drug_up,exploratory_candidate,primary_network_and_pathway_with_caveat
TC-H-106,physical,TRAF2,7186,TRAF2,0,0.0,157,1,112.0,up,down,down,disease_up_drug_down,exploratory_candidate,primary_network_and_pathway_with_caveat
TC-H-106,physical,HRAS,3265,HRAS,0,0.0,65,1,113.0,up,down,down,disease_up_drug_down,exploratory_candidate,primary_network_and_pathway_with_caveat
TC-H-106,physical,MOCS1,4337,MOCS1,0,0.0,88,1,114.0,down,up,up,disease_down_drug_up,exploratory_candidate,primary_network_and_pathway_with_caveat
TC-H-106,physical,CFD,1675,CFD,0,0.0,34,1,115.0,down,up,up,disease_down_drug_up,exploratory_candidate,primary_network_and_pathway_with_caveat
TC-H-106,physical,NFIL3,4783,NFIL3,0,0.0,96,1,116.0,down,up,up,disease_down_drug_up,exploratory_candidate,primary_network_and_pathway_with_caveat
TC-H-106,physical,CDK2AP1,8099,CDK2AP1,0,0.0,32,1,117.0,up,down,down,disease_up_drug_down,exploratory_candidate,primary_network_and_pathway_with_caveat
TC-H-106,physical,HSD17B6,8630,HSD17B6,0,0.0,67,1,118.0,down,up,up,disease_down_drug_up,exploratory_candidate,primary_network_and_pathway_with_caveat
TC-H-106,physical,PPIA,5478,PPIA,0,0.0,113,1,119.0,up,down,down,disease_up_drug_down,exploratory_candidate,primary_network_and_pathway_with_caveat
TC-H-106,physical,FERMT2,10979,FERMT2,0,0.0,57,1,120.0,down,up,up,disease_down_drug_up,exploratory_candidate,primary_network_and_pathway_with_caveat
TC-H-106,physical,TCEAL2,140597,TCEAL2,0,0.0,151,1,121.0,down,up,up,disease_down_drug_up,exploratory_candidate,primary_network_and_pathway_with_caveat
TC-H-106,physical,PTBP1,5725,PTBP1,0,0.0,120,1,122.0,up,down,down,disease_up_drug_down,exploratory_candidate,primary_network_and_pathway_with_caveat
TC-H-106,physical,LIMS2,55679,LIMS2,0,0.0,82,1,123.0,down,up,up,disease_down_drug_up,exploratory_candidate,primary_network_and_pathway_with_caveat
TC-H-106,physical,SNRPF,6636,SNRPF,6,5.774,2,7,124.0,up,down,down,disease_up_drug_down,exploratory_candidate,primary_network_and_pathway_with_caveat
TC-H-106,physical,TSPAN7,7102,TSPAN7,0,0.0,159,1,125.0,down,up,up,disease_down_drug_up,exploratory_candidate,primary_network_and_pathway_with_caveat
TC-H-106,physical,GPR17,2840,GPR17,0,0.0,63,1,126.0,down,up,up,disease_down_drug_up,exploratory_candidate,primary_network_and_pathway_with_caveat
TC-H-106,physical,NOP56,10528,NOP56,4,3.508,3,6,127.0,up,down,down,disease_up_drug_down,exploratory_candidate,primary_network_and_pathway_with_caveat
TC-H-106,physical,SLC14A1,6563,SLC14A1,0,0.0,141,1,128.0,down,up,up,disease_down_drug_up,exploratory_candidate,primary_network_and_pathway_with_caveat
TC-H-106,physical,CDH19,28513,CDH19,0,0.0,31,1,129.0,down,up,up,disease_down_drug_up,exploratory_candidate,primary_network_and_pathway_with_caveat
TC-H-106,physical,STON1,11037,STON1,0,0.0,149,1,130.0,down,up,up,disease_down_drug_up,exploratory_candidate,primary_network_and_pathway_with_caveat
TC-H-106,physical,CHAF1A,10036,CHAF1A,0,0.0,35,1,131.0,up,down,down,disease_up_drug_down,exploratory_candidate,primary_network_and_pathway_with_caveat
TC-H-106,physical,TELO2,9894,TELO2,0,0.0,154,1,132.0,up,down,down,disease_up_drug_down,exploratory_candidate,primary_network_and_pathway_with_caveat
TC-H-106,physical,LMNB1,4001,LMNB1,1,0.998,8,2,133.0,up,down,down,disease_up_drug_down,exploratory_candidate,primary_network_and_pathway_with_caveat
TC-H-106,physical,DNAJC2,27000,DNAJC2,0,0.0,49,1,134.0,up,down,down,disease_up_drug_down,exploratory_candidate,primary_network_and_pathway_with_caveat
TC-H-106,physical,SRPX,8406,SRPX,0,0.0,147,1,135.0,down,up,up,disease_down_drug_up,exploratory_candidate,primary_network_and_pathway_with_caveat
TC-H-106,physical,PALLD,23022,PALLD,0,0.0,100,1,136.0,down,up,up,disease_down_drug_up,exploratory_candidate,primary_network_and_pathway_with_caveat
TC-H-106,physical,UBAP2L,9898,UBAP2L,0,0.0,161,1,137.0,up,down,down,disease_up_drug_down,exploratory_candidate,primary_network_and_pathway_with_caveat
TC-H-106,physical,MRPL9,65005,MRPL9,1,0.828,10,2,138.0,up,down,down,disease_up_drug_down,exploratory_candidate,primary_network_and_pathway_with_caveat
TC-H-106,physical,PES1,23481,PES1,4,3.241,4,5,139.0,up,down,down,disease_up_drug_down,exploratory_candidate,primary_network_and_pathway_with_caveat
TC-H-106,physical,SOCS2,8835,SOCS2,0,0.0,145,1,140.0,down,up,up,disease_down_drug_up,exploratory_candidate,primary_network_and_pathway_with_caveat
TC-H-106,physical,SNRPD1,6632,SNRPD1,5,4.983,2,7,141.0,up,down,down,disease_up_drug_down,exploratory_candidate,primary_network_and_pathway_with_caveat
TC-H-106,physical,KANK3,256949,KANK3,0,0.0,71,1,142.0,down,up,up,disease_down_drug_up,exploratory_candidate,primary_network_and_pathway_with_caveat
TC-H-106,physical,TNS1,7145,TNS1,0,0.0,155,1,143.0,down,up,up,disease_down_drug_up,exploratory_candidate,primary_network_and_pathway_with_caveat
TC-H-106,physical,LIMCH1,22998,LIMCH1,0,0.0,81,1,144.0,down,up,up,disease_down_drug_up,exploratory_candidate,primary_network_and_pathway_with_caveat
TC-H-106,physical,PRKG1,5592,PRKG1,0,0.0,118,1,145.0,down,up,up,disease_down_drug_up,exploratory_candidate,primary_network_and_pathway_with_caveat
TC-H-106,physical,ALG3,10195,ALG3,0,0.0,16,1,146.0,up,down,down,disease_up_drug_down,exploratory_candidate,primary_network_and_pathway_with_caveat
TC-H-106,physical,DLG2,1740,DLG2,0,0.0,47,1,147.0,down,up,up,disease_down_drug_up,exploratory_candidate,primary_network_and_pathway_with_caveat
TC-H-106,physical,CRISPLD2,83716,CRISPLD2,0,0.0,42,1,148.0,down,up,up,disease_down_drug_up,exploratory_candidate,primary_network_and_pathway_with_caveat
TC-H-106,physical,KIFC1,3833,KIFC1,0,0.0,75,1,149.0,up,down,down,disease_up_drug_down,exploratory_candidate,primary_network_and_pathway_with_caveat
TC-H-106,physical,BRIX1,55299,BRIX1,2,1.586,4,5,150.0,up,down,down,disease_up_drug_down,exploratory_candidate,primary_network_and_pathway_with_caveat
TC-H-106,physical,CCL2,6347,CCL2,0,0.0,29,1,151.0,down,up,up,disease_down_drug_up,exploratory_candidate,primary_network_and_pathway_with_caveat
TC-H-106,physical,IL33,90865,IL33,1,0.964,7,2,152.0,down,up,up,disease_down_drug_up,exploratory_candidate,primary_network_and_pathway_with_caveat
TC-H-106,physical,KCNAB1,7881,KCNAB1,0,0.0,72,1,153.0,down,up,up,disease_down_drug_up,exploratory_candidate,primary_network_and_pathway_with_caveat
TC-H-106,physical,PLOD3,8985,PLOD3,0,0.0,109,1,154.0,up,down,down,disease_up_drug_down,exploratory_candidate,primary_network_and_pathway_with_caveat
TC-H-106,physical,PRPF19,27339,PRPF19,4,3.985,2,7,155.0,up,down,down,disease_up_drug_down,exploratory_candidate,primary_network_and_pathway_with_caveat
TC-H-106,physical,B3GALT2,8707,B3GALT2,0,0.0,23,1,156.0,down,up,up,disease_down_drug_up,exploratory_candidate,primary_network_and_pathway_with_caveat
TC-H-106,physical,MYOZ1,58529,MYOZ1,0,0.0,93,1,157.0,down,up,up,disease_down_drug_up,exploratory_candidate,primary_network_and_pathway_with_caveat
TC-H-106,physical,PHYHIP,9796,PHYHIP,0,0.0,106,1,158.0,down,up,up,disease_down_drug_up,exploratory_candidate,primary_network_and_pathway_with_caveat
TC-H-106,physical,S1PR1,1901,S1PR1,0,0.0,135,1,159.0,down,up,up,disease_down_drug_up,exploratory_candidate,primary_network_and_pathway_with_caveat
TC-H-106,physical,C1orf35,79169,C1orf35,0,0.0,26,1,160.0,up,down,down,disease_up_drug_down,exploratory_candidate,primary_network_and_pathway_with_caveat
TC-H-106,physical,ZFP64,55734,ZFP64,0,0.0,165,1,161.0,up,down,down,disease_up_drug_down,exploratory_candidate,primary_network_and_pathway_with_caveat
TC-H-106,physical,NCLN,56926,NCLN,0,0.0,94,1,162.0,up,down,down,disease_up_drug_down,exploratory_candidate,primary_network_and_pathway_with_caveat
TC-H-106,physical,SRM,6723,SRM,0,0.0,146,1,163.0,up,down,down,disease_up_drug_down,exploratory_candidate,primary_network_and_pathway_with_caveat
TC-H-106,physical,ATAD3A,55210,ATAD3A,0,0.0,21,1,164.0,up,down,down,disease_up_drug_down,exploratory_candidate,primary_network_and_pathway_with_caveat
TC-H-106,physical,RNLS,55328,RNLS,0,0.0,134,1,165.0,down,up,up,disease_down_drug_up,exploratory_candidate,primary_network_and_pathway_with_caveat
TC-H-106,physical,RAP1A,5906,RAP1A,0,0.0,124,1,166.0,down,up,up,disease_down_drug_up,exploratory_candidate,primary_network_and_pathway_with_caveat
TC-H-106,physical,LRRC2,79442,LRRC2,0,0.0,83,1,167.0,down,up,up,disease_down_drug_up,exploratory_candidate,primary_network_and_pathway_with_caveat
TC-H-106,physical,HYAL1,3373,HYAL1,0,0.0,68,1,168.0,down,up,up,disease_down_drug_up,exploratory_candidate,primary_network_and_pathway_with_caveat
TC-H-106,physical,LIG1,3978,LIG1,0,0.0,80,1,169.0,up,down,down,disease_up_drug_down,exploratory_candidate,primary_network_and_pathway_with_caveat
TC-H-106,physical,MRPS34,65993,MRPS34,1,0.828,10,2,170.0,up,down,down,disease_up_drug_down,exploratory_candidate,primary_network_and_pathway_with_caveat
TC-H-106,physical,PRX,57716,PRX,0,0.0,119,1,171.0,down,up,up,disease_down_drug_up,exploratory_candidate,primary_network_and_pathway_with_caveat
TC-H-106,physical,RECK,8434,RECK,0,0.0,127,1,172.0,down,up,up,disease_down_drug_up,exploratory_candidate,primary_network_and_pathway_with_caveat
TC-H-106,physical,CRADD,8738,CRADD,0,0.0,41,1,173.0,down,up,up,disease_down_drug_up,exploratory_candidate,primary_network_and_pathway_with_caveat
TC-H-106,physical,RRP9,9136,RRP9,3,2.873,3,6,174.0,up,down,down,disease_up_drug_down,exploratory_candidate,primary_network_and_pathway_with_caveat
TC-H-106,physical,SCRG1,11341,SCRG1,0,0.0,137,1,175.0,down,up,up,disease_down_drug_up,exploratory_candidate,primary_network_and_pathway_with_caveat
TC-H-106,physical,REEP4,80346,REEP4,0,0.0,128,1,176.0,up,down,down,disease_up_drug_down,exploratory_candidate,primary_network_and_pathway_with_caveat
TC-H-106,physical,COMMD4,54939,COMMD4,0,0.0,40,1,177.0,up,down,down,disease_up_drug_down,exploratory_candidate,primary_network_and_pathway_with_caveat
TC-H-106,physical,ATP13A1,57130,ATP13A1,0,0.0,22,1,178.0,up,down,down,disease_up_drug_down,exploratory_candidate,primary_network_and_pathway_with_caveat
TC-H-106,physical,NPM3,10360,NPM3,0,0.0,98,1,179.0,up,down,down,disease_up_drug_down,exploratory_candidate,primary_network_and_pathway_with_caveat
TC-H-106,physical,ACAA2,10449,ACAA2,0,0.0,13,1,180.0,down,up,up,disease_down_drug_up,exploratory_candidate,primary_network_and_pathway_with_caveat
TC-H-106,physical,PYGM,5837,PYGM,0,0.0,123,1,181.0,down,up,up,disease_down_drug_up,exploratory_candidate,primary_network_and_pathway_with_caveat
TC-H-106,physical,POLA2,23649,POLA2,0,0.0,111,1,182.0,up,down,down,disease_up_drug_down,exploratory_candidate,primary_network_and_pathway_with_caveat
TC-H-106,physical,WDR74,54663,WDR74,3,2.44,4,5,183.0,up,down,down,disease_up_drug_down,exploratory_candidate,primary_network_and_pathway_with_caveat
TC-H-106,physical,SNED1,25992,SNED1,0,0.0,144,1,184.0,down,up,up,disease_down_drug_up,exploratory_candidate,primary_network_and_pathway_with_caveat
TC-H-106,physical,GCNT4,51301,GCNT4,0,0.0,61,1,185.0,down,up,up,disease_down_drug_up,exploratory_candidate,primary_network_and_pathway_with_caveat
TC-H-106,physical,SNRPD2,6633,SNRPD2,5,4.986,2,7,186.0,up,down,down,disease_up_drug_down,exploratory_candidate,primary_network_and_pathway_with_caveat
TC-H-106,physical,PTCD1,26024,PTCD1,0,0.0,121,1,187.0,up,down,down,disease_up_drug_down,exploratory_candidate,primary_network_and_pathway_with_caveat
TC-H-106,physical,PCDHGB6,56100,PCDHGB6,0,0.0,102,1,188.0,down,up,up,disease_down_drug_up,exploratory_candidate,primary_network_and_pathway_with_caveat
TC-H-106,physical,PJA2,9867,PJA2,0,0.0,108,1,189.0,down,up,up,disease_down_drug_up,exploratory_candidate,primary_network_and_pathway_with_caveat
TC-H-106,physical,MBNL2,10150,MBNL2,0,0.0,85,1,190.0,down,up,up,disease_down_drug_up,exploratory_candidate,primary_network_and_pathway_with_caveat
TC-H-106,physical,RNF11,26994,RNF11,0,0.0,133,1,191.0,down,up,up,disease_down_drug_up,exploratory_candidate,primary_network_and_pathway_with_caveat
TC-H-106,physical,SLC24A3,57419,SLC24A3,0,0.0,142,1,192.0,down,up,up,disease_down_drug_up,exploratory_candidate,primary_network_and_pathway_with_caveat
TC-H-106,physical,POLR3K,51728,POLR3K,0,0.0,112,1,193.0,up,down,down,disease_up_drug_down,exploratory_candidate,primary_network_and_pathway_with_caveat
TC-H-106,physical,SNRPA1,6627,SNRPA1,6,5.776,2,7,194.0,up,down,down,disease_up_drug_down,exploratory_candidate,primary_network_and_pathway_with_caveat
TC-H-106,physical,PUF60,22827,PUF60,2,1.5910000000000002,2,7,195.0,up,down,down,disease_up_drug_down,exploratory_candidate,primary_network_and_pathway_with_caveat
TC-H-106,physical,U2AF2,11338,U2AF2,0,0.0,160,1,196.0,up,down,down,disease_up_drug_down,exploratory_candidate,primary_network_and_pathway_with_caveat
TC-H-106,physical,RBM34,23029,RBM34,0,0.0,125,1,197.0,up,down,down,disease_up_drug_down,exploratory_candidate,primary_network_and_pathway_with_caveat
TC-H-106,physical,DSTN,11034,DSTN,0,0.0,50,1,198.0,down,up,up,disease_down_drug_up,exploratory_candidate,primary_network_and_pathway_with_caveat
TC-H-106,physical,MATN2,4147,MATN2,0,0.0,84,1,199.0,down,up,up,disease_down_drug_up,exploratory_candidate,primary_network_and_pathway_with_caveat
TC-H-106,physical,UFSP2,55325,UFSP2,0,0.0,162,1,200.0,down,up,up,disease_down_drug_up,exploratory_candidate,primary_network_and_pathway_with_caveat
TC-H-106,functional,ADH1B,125,ADH1B,1,0.952,2,6,1.0,down,up,up,disease_down_drug_up,exploratory_candidate,primary_network_and_pathway_with_caveat
TC-H-106,functional,CES1,1066,CES1,0,0.0,25,1,2.0,down,up,up,disease_down_drug_up,exploratory_candidate,primary_network_and_pathway_with_caveat
TC-H-106,functional,BIRC5,332,BIRC5,15,13.508,1,65,3.0,up,down,down,disease_up_drug_down,exploratory_candidate,primary_network_and_pathway_with_caveat
TC-H-106,functional,CHRDL1,91851,CHRDL1,0,0.0,27,1,4.0,down,up,up,disease_down_drug_up,exploratory_candidate,primary_network_and_pathway_with_caveat
TC-H-106,functional,UBE2C,11065,UBE2C,14,12.608999999999998,1,65,5.0,up,down,down,disease_up_drug_down,exploratory_candidate,primary_network_and_pathway_with_caveat
TC-H-106,functional,MYLK,4638,MYLK,2,1.769,4,3,6.0,down,up,up,disease_down_drug_up,exploratory_candidate,primary_network_and_pathway_with_caveat
TC-H-106,functional,PDK4,5166,PDK4,0,0.0,74,1,7.0,down,up,up,disease_down_drug_up,exploratory_candidate,primary_network_and_pathway_with_caveat
TC-H-106,functional,AOX1,316,AOX1,4,3.657,2,6,8.0,down,up,up,disease_down_drug_up,exploratory_candidate,primary_network_and_pathway_with_caveat
TC-H-106,functional,GINS2,51659,GINS2,5,4.357,1,65,9.0,up,down,down,disease_up_drug_down,exploratory_candidate,primary_network_and_pathway_with_caveat
TC-H-106,functional,CDT1,81620,CDT1,12,10.213,1,65,10.0,up,down,down,disease_up_drug_down,exploratory_candidate,primary_network_and_pathway_with_caveat
TC-H-106,functional,ABCA8,10351,ABCA8,0,0.0,10,1,11.0,down,up,up,disease_down_drug_up,exploratory_candidate,primary_network_and_pathway_with_caveat
TC-H-106,functional,CLEC3B,7123,CLEC3B,0,0.0,28,1,12.0,down,up,up,disease_down_drug_up,exploratory_candidate,primary_network_and_pathway_with_caveat
TC-H-106,functional,PDGFRA,5156,PDGFRA,2,1.786,1,65,13.0,down,up,up,disease_down_drug_up,exploratory_candidate,primary_network_and_pathway_with_caveat
TC-H-106,functional,FOSB,2354,FOSB,2,1.805,1,65,14.0,down,up,up,disease_down_drug_up,exploratory_candidate,primary_network_and_pathway_with_caveat
TC-H-106,functional,AQP7,364,AQP7,0,0.0,15,1,15.0,down,up,up,disease_down_drug_up,exploratory_candidate,primary_network_and_pathway_with_caveat
TC-H-106,functional,PRELP,5549,PRELP,0,0.0,83,1,16.0,down,up,up,disease_down_drug_up,exploratory_candidate,primary_network_and_pathway_with_caveat
TC-H-106,functional,AKAP12,9590,AKAP12,0,0.0,12,1,17.0,down,up,up,disease_down_drug_up,exploratory_candidate,primary_network_and_pathway_with_caveat
TC-H-106,functional,AOC3,8639,AOC3,0,0.0,14,1,18.0,down,up,up,disease_down_drug_up,exploratory_candidate,primary_network_and_pathway_with_caveat
TC-H-106,functional,FMO2,2327,FMO2,0,0.0,43,1,19.0,down,up,up,disease_down_drug_up,exploratory_candidate,primary_network_and_pathway_with_caveat
TC-H-106,functional,PRKAR2B,5577,PRKAR2B,1,0.812,1,65,20.0,down,up,up,disease_down_drug_up,exploratory_candidate,primary_network_and_pathway_with_caveat
TC-H-106,functional,TEK,7010,TEK,2,1.467,1,65,21.0,down,up,up,disease_down_drug_up,exploratory_candidate,primary_network_and_pathway_with_caveat
TC-H-106,functional,TCF21,6943,TCF21,0,0.0,109,1,22.0,down,up,up,disease_down_drug_up,exploratory_candidate,primary_network_and_pathway_with_caveat
TC-H-106,functional,KLF9,687,KLF9,0,0.0,55,1,23.0,down,up,up,disease_down_drug_up,exploratory_candidate,primary_network_and_pathway_with_caveat
TC-H-106,functional,LMNB2,84823,LMNB2,2,1.748,1,65,24.0,up,down,down,disease_up_drug_down,exploratory_candidate,primary_network_and_pathway_with_caveat
TC-H-106,functional,DNAJB4,11080,DNAJB4,1,0.865,6,2,25.0,down,up,up,disease_down_drug_up,exploratory_candidate,primary_network_and_pathway_with_caveat
TC-H-106,functional,MYO19,80179,MYO19,0,0.0,64,1,26.0,up,down,down,disease_up_drug_down,exploratory_candidate,primary_network_and_pathway_with_caveat
TC-H-106,functional,FBXL6,26233,FBXL6,0,0.0,41,1,27.0,up,down,down,disease_up_drug_down,exploratory_candidate,primary_network_and_pathway_with_caveat
TC-H-106,functional,PLK1,5347,PLK1,17,15.037999999999998,1,65,28.0,up,down,down,disease_up_drug_down,exploratory_candidate,primary_network_and_pathway_with_caveat
TC-H-106,functional,KIF20A,10112,KIF20A,15,13.525,1,65,29.0,up,down,down,disease_up_drug_down,exploratory_candidate,primary_network_and_pathway_with_caveat
TC-H-106,functional,CAT,847,CAT,0,0.0,21,1,30.0,down,up,up,disease_down_drug_up,exploratory_candidate,primary_network_and_pathway_with_caveat
TC-H-106,functional,FOXM1,2305,FOXM1,13,11.617,1,65,31.0,up,down,down,disease_up_drug_down,exploratory_candidate,primary_network_and_pathway_with_caveat
TC-H-106,functional,CLN6,54982,CLN6,0,0.0,29,1,32.0,up,down,down,disease_up_drug_down,exploratory_candidate,primary_network_and_pathway_with_caveat
TC-H-106,functional,CCNA2,890,CCNA2,17,15.851999999999997,1,65,33.0,up,down,down,disease_up_drug_down,exploratory_candidate,primary_network_and_pathway_with_caveat
TC-H-106,functional,FAM107A,11170,FAM107A,0,0.0,40,1,34.0,down,up,up,disease_down_drug_up,exploratory_candidate,primary_network_and_pathway_with_caveat
TC-H-106,functional,GPM6A,2823,GPM6A,0,0.0,46,1,35.0,down,up,up,disease_down_drug_up,exploratory_candidate,primary_network_and_pathway_with_caveat
TC-H-106,functional,FXYD1,5348,FXYD1,0,0.0,44,1,36.0,down,up,up,disease_down_drug_up,exploratory_candidate,primary_network_and_pathway_with_caveat
TC-H-106,functional,PCCA,5095,PCCA,2,1.7799999999999998,2,6,37.0,down,up,up,disease_down_drug_up,exploratory_candidate,primary_network_and_pathway_with_caveat
TC-H-106,functional,DES,1674,DES,0,0.0,35,1,38.0,down,up,up,disease_down_drug_up,exploratory_candidate,primary_network_and_pathway_with_caveat
TC-H-106,functional,CDCA3,83461,CDCA3,13,11.233999999999998,1,65,39.0,up,down,down,disease_up_drug_down,exploratory_candidate,primary_network_and_pathway_with_caveat
TC-H-106,functional,MCM10,55388,MCM10,10,8.724,1,65,40.0,up,down,down,disease_up_drug_down,exploratory_candidate,primary_network_and_pathway_with_caveat
TC-H-106,functional,HIF3A,64344,HIF3A,0,0.0,48,1,41.0,down,up,up,disease_down_drug_up,exploratory_candidate,primary_network_and_pathway_with_caveat
TC-H-106,functional,TCOF1,6949,TCOF1,1,0.963,1,65,42.0,up,down,down,disease_up_drug_down,exploratory_candidate,primary_network_and_pathway_with_caveat
TC-H-106,functional,PTGIS,5740,PTGIS,0,0.0,86,1,43.0,down,up,up,disease_down_drug_up,exploratory_candidate,primary_network_and_pathway_with_caveat
TC-H-106,functional,TACC3,10460,TACC3,8,6.354,1,65,44.0,up,down,down,disease_up_drug_down,exploratory_candidate,primary_network_and_pathway_with_caveat
TC-H-106,functional,ABCB1,5243,ABCB1,0,0.0,11,1,45.0,down,up,up,disease_down_drug_up,exploratory_candidate,primary_network_and_pathway_with_caveat
TC-H-106,functional,DDR2,4921,DDR2,0,0.0,34,1,46.0,down,up,up,disease_down_drug_up,exploratory_candidate,primary_network_and_pathway_with_caveat
TC-H-106,functional,LSM7,51690,LSM7,5,4.705,1,65,47.0,up,down,down,disease_up_drug_down,exploratory_candidate,primary_network_and_pathway_with_caveat
TC-H-106,functional,TIMP3,7078,TIMP3,2,1.7029999999999998,3,4,48.0,down,up,up,disease_down_drug_up,exploratory_candidate,primary_network_and_pathway_with_caveat
TC-H-106,functional,ATF3,467,ATF3,4,3.302,1,65,49.0,down,up,up,disease_down_drug_up,exploratory_candidate,primary_network_and_pathway_with_caveat
TC-H-106,functional,PRC1,9055,PRC1,12,10.373,1,65,50.0,up,down,down,disease_up_drug_down,exploratory_candidate,primary_network_and_pathway_with_caveat
TC-H-106,functional,DCN,1634,DCN,1,0.826,1,65,51.0,down,up,up,disease_down_drug_up,exploratory_candidate,primary_network_and_pathway_with_caveat
TC-H-106,functional,CCDC86,79080,CCDC86,0,0.0,22,1,52.0,up,down,down,disease_up_drug_down,exploratory_candidate,primary_network_and_pathway_with_caveat
TC-H-106,functional,PID1,55022,PID1,0,0.0,76,1,53.0,down,up,up,disease_down_drug_up,exploratory_candidate,primary_network_and_pathway_with_caveat
TC-H-106,functional,MKI67,4288,MKI67,12,10.358,1,65,54.0,up,down,down,disease_up_drug_down,exploratory_candidate,primary_network_and_pathway_with_caveat
TC-H-106,functional,WASF3,10810,WASF3,0,0.0,117,1,55.0,down,up,up,disease_down_drug_up,exploratory_candidate,primary_network_and_pathway_with_caveat
TC-H-106,functional,MFAP4,4239,MFAP4,1,0.784,3,4,56.0,down,up,up,disease_down_drug_up,exploratory_candidate,primary_network_and_pathway_with_caveat
TC-H-106,functional,RFC2,5982,RFC2,5,4.163,1,65,57.0,up,down,down,disease_up_drug_down,exploratory_candidate,primary_network_and_pathway_with_caveat
TC-H-106,functional,CYP4F12,66002,CYP4F12,0,0.0,33,1,58.0,down,up,up,disease_down_drug_up,exploratory_candidate,primary_network_and_pathway_with_caveat
TC-H-106,functional,KCNK3,3777,KCNK3,0,0.0,54,1,59.0,down,up,up,disease_down_drug_up,exploratory_candidate,primary_network_and_pathway_with_caveat
TC-H-106,functional,EMCN,51705,EMCN,1,0.754,1,65,60.0,down,up,up,disease_down_drug_up,exploratory_candidate,primary_network_and_pathway_with_caveat
TC-H-106,functional,SAC3D1,29901,SAC3D1,0,0.0,93,1,61.0,up,down,down,disease_up_drug_down,exploratory_candidate,primary_network_and_pathway_with_caveat
TC-H-106,functional,BLM,641,BLM,2,1.5619999999999998,1,65,62.0,up,down,down,disease_up_drug_down,exploratory_candidate,primary_network_and_pathway_with_caveat
TC-H-106,functional,ITGA8,8516,ITGA8,1,0.723,5,2,63.0,down,up,up,disease_down_drug_up,exploratory_candidate,primary_network_and_pathway_with_caveat
TC-H-106,functional,ZNF282,8427,ZNF282,0,0.0,120,1,64.0,up,down,down,disease_up_drug_down,exploratory_candidate,primary_network_and_pathway_with_caveat
TC-H-106,functional,MPDZ,8777,MPDZ,0,0.0,63,1,65.0,down,up,up,disease_down_drug_up,exploratory_candidate,primary_network_and_pathway_with_caveat
TC-H-106,functional,HSD11B1,3290,HSD11B1,0,0.0,49,1,66.0,down,up,up,disease_down_drug_up,exploratory_candidate,primary_network_and_pathway_with_caveat
TC-H-106,functional,DUSP1,1843,DUSP1,2,1.697,1,65,67.0,down,up,up,disease_down_drug_up,exploratory_candidate,primary_network_and_pathway_with_caveat
TC-H-106,functional,PDE8B,8622,PDE8B,0,0.0,73,1,68.0,down,up,up,disease_down_drug_up,exploratory_candidate,primary_network_and_pathway_with_caveat
TC-H-106,functional,LEPR,3953,LEPR,0,0.0,57,1,69.0,down,up,up,disease_down_drug_up,exploratory_candidate,primary_network_and_pathway_with_caveat
TC-H-106,functional,GADD45B,4616,GADD45B,2,1.794,1,65,70.0,down,up,up,disease_down_drug_up,exploratory_candidate,primary_network_and_pathway_with_caveat
TC-H-106,functional,LDB2,9079,LDB2,0,0.0,56,1,71.0,down,up,up,disease_down_drug_up,exploratory_candidate,primary_network_and_pathway_with_caveat
TC-H-106,functional,WLS,79971,WLS,0,0.0,118,1,72.0,down,up,up,disease_down_drug_up,exploratory_candidate,primary_network_and_pathway_with_caveat
TC-H-106,functional,NFASC,23114,NFASC,0,0.0,68,1,73.0,down,up,up,disease_down_drug_up,exploratory_candidate,primary_network_and_pathway_with_caveat
TC-H-106,functional,EIF3B,8662,EIF3B,0,0.0,38,1,74.0,up,down,down,disease_up_drug_down,exploratory_candidate,primary_network_and_pathway_with_caveat
TC-H-106,functional,RRS1,23212,RRS1,9,8.102,1,65,75.0,up,down,down,disease_up_drug_down,exploratory_candidate,primary_network_and_pathway_with_caveat
TC-H-106,functional,SLC25A20,788,SLC25A20,0,0.0,100,1,76.0,down,up,up,disease_down_drug_up,exploratory_candidate,primary_network_and_pathway_with_caveat
TC-H-106,functional,SGCE,8910,SGCE,0,0.0,95,1,77.0,down,up,up,disease_down_drug_up,exploratory_candidate,primary_network_and_pathway_with_caveat
TC-H-106,functional,EFEMP1,2202,EFEMP1,2,1.742,3,4,78.0,down,up,up,disease_down_drug_up,exploratory_candidate,primary_network_and_pathway_with_caveat
TC-H-106,functional,RHOB,388,RHOB,0,0.0,90,1,79.0,down,up,up,disease_down_drug_up,exploratory_candidate,primary_network_and_pathway_with_caveat
TC-H-106,functional,NOP2,4839,NOP2,9,8.155999999999999,1,65,80.0,up,down,down,disease_up_drug_down,exploratory_candidate,primary_network_and_pathway_with_caveat
TC-H-106,functional,SH3BGR,6450,SH3BGR,0,0.0,96,1,81.0,down,up,up,disease_down_drug_up,exploratory_candidate,primary_network_and_pathway_with_caveat
TC-H-106,functional,TOMM40,10452,TOMM40,0,0.0,112,1,82.0,up,down,down,disease_up_drug_down,exploratory_candidate,primary_network_and_pathway_with_caveat
TC-H-106,functional,ASF1B,55723,ASF1B,12,9.566,1,65,83.0,up,down,down,disease_up_drug_down,exploratory_candidate,primary_network_and_pathway_with_caveat
TC-H-106,functional,ITIH3,3699,ITIH3,0,0.0,51,1,84.0,down,up,up,disease_down_drug_up,exploratory_candidate,primary_network_and_pathway_with_caveat
TC-H-106,functional,POP7,10248,POP7,2,1.653,1,65,85.0,up,down,down,disease_up_drug_down,exploratory_candidate,primary_network_and_pathway_with_caveat
TC-H-106,functional,MYOM1,8736,MYOM1,0,0.0,65,1,86.0,down,up,up,disease_down_drug_up,exploratory_candidate,primary_network_and_pathway_with_caveat
TC-H-106,functional,BRMS1,25855,BRMS1,0,0.0,19,1,87.0,up,down,down,disease_up_drug_down,exploratory_candidate,primary_network_and_pathway_with_caveat
TC-H-106,functional,RRP1,8568,RRP1,10,8.837,1,65,88.0,up,down,down,disease_up_drug_down,exploratory_candidate,primary_network_and_pathway_with_caveat
TC-H-106,functional,NOC4L,79050,NOC4L,9,7.754,1,65,89.0,up,down,down,disease_up_drug_down,exploratory_candidate,primary_network_and_pathway_with_caveat
TC-H-106,functional,STARD8,9754,STARD8,0,0.0,105,1,90.0,down,up,up,disease_down_drug_up,exploratory_candidate,primary_network_and_pathway_with_caveat
TC-H-106,functional,KLF2,10365,KLF2,1,0.856,7,2,91.0,down,up,up,disease_down_drug_up,exploratory_candidate,primary_network_and_pathway_with_caveat
TC-H-106,functional,TBC1D10B,26000,TBC1D10B,0,0.0,107,1,92.0,up,down,down,disease_up_drug_down,exploratory_candidate,primary_network_and_pathway_with_caveat
TC-H-106,functional,SH3BP5,9467,SH3BP5,0,0.0,97,1,93.0,down,up,up,disease_down_drug_up,exploratory_candidate,primary_network_and_pathway_with_caveat
TC-H-106,functional,PPP1R14B,26472,PPP1R14B,0,0.0,82,1,94.0,up,down,down,disease_up_drug_down,exploratory_candidate,primary_network_and_pathway_with_caveat
TC-H-106,functional,RCAN1,1827,RCAN1,0,0.0,88,1,95.0,down,up,up,disease_down_drug_up,exploratory_candidate,primary_network_and_pathway_with_caveat
TC-H-106,functional,DDX49,54555,DDX49,6,4.93,1,65,96.0,up,down,down,disease_up_drug_down,exploratory_candidate,primary_network_and_pathway_with_caveat
TC-H-106,functional,MCM7,4176,MCM7,11,9.938,1,65,97.0,up,down,down,disease_up_drug_down,exploratory_candidate,primary_network_and_pathway_with_caveat
TC-H-106,functional,ZNF331,55422,ZNF331,0,0.0,121,1,98.0,down,up,up,disease_down_drug_up,exploratory_candidate,primary_network_and_pathway_with_caveat
TC-H-106,functional,IL1R1,3554,IL1R1,1,0.99,1,65,99.0,down,up,up,disease_down_drug_up,exploratory_candidate,primary_network_and_pathway_with_caveat
TC-H-106,functional,COL4A3,1285,COL4A3,1,0.723,5,2,100.0,down,up,up,disease_down_drug_up,exploratory_candidate,primary_network_and_pathway_with_caveat
TC-H-106,functional,PALB2,79728,PALB2,1,0.729,1,65,101.0,up,down,down,disease_up_drug_down,exploratory_candidate,primary_network_and_pathway_with_caveat
TC-H-106,functional,TRMT1,55621,TRMT1,1,0.768,1,65,102.0,up,down,down,disease_up_drug_down,exploratory_candidate,primary_network_and_pathway_with_caveat
TC-H-106,functional,REXO4,57109,REXO4,2,1.528,1,65,103.0,up,down,down,disease_up_drug_down,exploratory_candidate,primary_network_and_pathway_with_caveat
TC-H-106,functional,PNRC1,10957,PNRC1,0,0.0,79,1,104.0,down,up,up,disease_down_drug_up,exploratory_candidate,primary_network_and_pathway_with_caveat
TC-H-106,functional,MYH11,4629,MYH11,2,1.898,4,3,105.0,down,up,up,disease_down_drug_up,exploratory_candidate,primary_network_and_pathway_with_caveat
TC-H-106,functional,RGS2,5997,RGS2,1,0.97,9,2,106.0,down,up,up,disease_down_drug_up,exploratory_candidate,primary_network_and_pathway_with_caveat
TC-H-106,functional,AURKA,6790,AURKA,15,13.179999999999998,1,65,107.0,up,down,down,disease_up_drug_down,exploratory_candidate,primary_network_and_pathway_with_caveat
TC-H-106,functional,CDC6,990,CDC6,12,10.368999999999998,1,65,108.0,up,down,down,disease_up_drug_down,exploratory_candidate,primary_network_and_pathway_with_caveat
TC-H-106,functional,F8,2157,F8,0,0.0,39,1,109.0,down,up,up,disease_down_drug_up,exploratory_candidate,primary_network_and_pathway_with_caveat
TC-H-106,functional,CCNB1,891,CCNB1,17,15.19,1,65,110.0,up,down,down,disease_up_drug_down,exploratory_candidate,primary_network_and_pathway_with_caveat
TC-H-106,functional,LMOD1,25802,LMOD1,2,1.773,4,3,111.0,down,up,up,disease_down_drug_up,exploratory_candidate,primary_network_and_pathway_with_caveat
TC-H-106,functional,TRAF2,7186,TRAF2,0,0.0,113,1,112.0,up,down,down,disease_up_drug_down,exploratory_candidate,primary_network_and_pathway_with_caveat
TC-H-106,functional,HRAS,3265,HRAS,3,2.407,1,65,113.0,up,down,down,disease_up_drug_down,exploratory_candidate,primary_network_and_pathway_with_caveat
TC-H-106,functional,MOCS1,4337,MOCS1,1,0.962,2,6,114.0,down,up,up,disease_down_drug_up,exploratory_candidate,primary_network_and_pathway_with_caveat
TC-H-106,functional,CFD,1675,CFD,0,0.0,26,1,115.0,down,up,up,disease_down_drug_up,exploratory_candidate,primary_network_and_pathway_with_caveat
TC-H-106,functional,NFIL3,4783,NFIL3,0,0.0,69,1,116.0,down,up,up,disease_down_drug_up,exploratory_candidate,primary_network_and_pathway_with_caveat
TC-H-106,functional,CDK2AP1,8099,CDK2AP1,0,0.0,24,1,117.0,up,down,down,disease_up_drug_down,exploratory_candidate,primary_network_and_pathway_with_caveat
TC-H-106,functional,HSD17B6,8630,HSD17B6,1,0.918,2,6,118.0,down,up,up,disease_down_drug_up,exploratory_candidate,primary_network_and_pathway_with_caveat
TC-H-106,functional,PPIA,5478,PPIA,0,0.0,81,1,119.0,up,down,down,disease_up_drug_down,exploratory_candidate,primary_network_and_pathway_with_caveat
TC-H-106,functional,FERMT2,10979,FERMT2,0,0.0,42,1,120.0,down,up,up,disease_down_drug_up,exploratory_candidate,primary_network_and_pathway_with_caveat
TC-H-106,functional,TCEAL2,140597,TCEAL2,0,0.0,108,1,121.0,down,up,up,disease_down_drug_up,exploratory_candidate,primary_network_and_pathway_with_caveat
TC-H-106,functional,PTBP1,5725,PTBP1,4,3.128,1,65,122.0,up,down,down,disease_up_drug_down,exploratory_candidate,primary_network_and_pathway_with_caveat
TC-H-106,functional,LIMS2,55679,LIMS2,0,0.0,59,1,123.0,down,up,up,disease_down_drug_up,exploratory_candidate,primary_network_and_pathway_with_caveat
TC-H-106,functional,SNRPF,6636,SNRPF,7,6.842,1,65,124.0,up,down,down,disease_up_drug_down,exploratory_candidate,primary_network_and_pathway_with_caveat
TC-H-106,functional,TSPAN7,7102,TSPAN7,0,0.0,114,1,125.0,down,up,up,disease_down_drug_up,exploratory_candidate,primary_network_and_pathway_with_caveat
TC-H-106,functional,GPR17,2840,GPR17,0,0.0,47,1,126.0,down,up,up,disease_down_drug_up,exploratory_candidate,primary_network_and_pathway_with_caveat
TC-H-106,functional,NOP56,10528,NOP56,13,11.095,1,65,127.0,up,down,down,disease_up_drug_down,exploratory_candidate,primary_network_and_pathway_with_caveat
TC-H-106,functional,SLC14A1,6563,SLC14A1,0,0.0,98,1,128.0,down,up,up,disease_down_drug_up,exploratory_candidate,primary_network_and_pathway_with_caveat
TC-H-106,functional,CDH19,28513,CDH19,0,0.0,23,1,129.0,down,up,up,disease_down_drug_up,exploratory_candidate,primary_network_and_pathway_with_caveat
TC-H-106,functional,STON1,11037,STON1,0,0.0,106,1,130.0,down,up,up,disease_down_drug_up,exploratory_candidate,primary_network_and_pathway_with_caveat
TC-H-106,functional,CHAF1A,10036,CHAF1A,2,1.669,1,65,131.0,up,down,down,disease_up_drug_down,exploratory_candidate,primary_network_and_pathway_with_caveat
TC-H-106,functional,TELO2,9894,TELO2,0,0.0,110,1,132.0,up,down,down,disease_up_drug_down,exploratory_candidate,primary_network_and_pathway_with_caveat
TC-H-106,functional,LMNB1,4001,LMNB1,3,2.455,1,65,133.0,up,down,down,disease_up_drug_down,exploratory_candidate,primary_network_and_pathway_with_caveat
TC-H-106,functional,DNAJC2,27000,DNAJC2,1,0.865,6,2,134.0,up,down,down,disease_up_drug_down,exploratory_candidate,primary_network_and_pathway_with_caveat
TC-H-106,functional,SRPX,8406,SRPX,0,0.0,104,1,135.0,down,up,up,disease_down_drug_up,exploratory_candidate,primary_network_and_pathway_with_caveat
TC-H-106,functional,PALLD,23022,PALLD,0,0.0,71,1,136.0,down,up,up,disease_down_drug_up,exploratory_candidate,primary_network_and_pathway_with_caveat
TC-H-106,functional,UBAP2L,9898,UBAP2L,0,0.0,115,1,137.0,up,down,down,disease_up_drug_down,exploratory_candidate,primary_network_and_pathway_with_caveat
TC-H-106,functional,MRPL9,65005,MRPL9,1,0.885,8,2,138.0,up,down,down,disease_up_drug_down,exploratory_candidate,primary_network_and_pathway_with_caveat
TC-H-106,functional,PES1,23481,PES1,10,9.383,1,65,139.0,up,down,down,disease_up_drug_down,exploratory_candidate,primary_network_and_pathway_with_caveat
TC-H-106,functional,SOCS2,8835,SOCS2,0,0.0,102,1,140.0,down,up,up,disease_down_drug_up,exploratory_candidate,primary_network_and_pathway_with_caveat
TC-H-106,functional,SNRPD1,6632,SNRPD1,6,5.859,1,65,141.0,up,down,down,disease_up_drug_down,exploratory_candidate,primary_network_and_pathway_with_caveat
TC-H-106,functional,KANK3,256949,KANK3,0,0.0,52,1,142.0,down,up,up,disease_down_drug_up,exploratory_candidate,primary_network_and_pathway_with_caveat
TC-H-106,functional,TNS1,7145,TNS1,0,0.0,111,1,143.0,down,up,up,disease_down_drug_up,exploratory_candidate,primary_network_and_pathway_with_caveat
TC-H-106,functional,LIMCH1,22998,LIMCH1,0,0.0,58,1,144.0,down,up,up,disease_down_drug_up,exploratory_candidate,primary_network_and_pathway_with_caveat
TC-H-106,functional,PRKG1,5592,PRKG1,1,0.97,9,2,145.0,down,up,up,disease_down_drug_up,exploratory_candidate,primary_network_and_pathway_with_caveat
TC-H-106,functional,ALG3,10195,ALG3,0,0.0,13,1,146.0,up,down,down,disease_up_drug_down,exploratory_candidate,primary_network_and_pathway_with_caveat
TC-H-106,functional,DLG2,1740,DLG2,0,0.0,36,1,147.0,down,up,up,disease_down_drug_up,exploratory_candidate,primary_network_and_pathway_with_caveat
TC-H-106,functional,CRISPLD2,83716,CRISPLD2,0,0.0,32,1,148.0,down,up,up,disease_down_drug_up,exploratory_candidate,primary_network_and_pathway_with_caveat
TC-H-106,functional,KIFC1,3833,KIFC1,11,8.699,1,65,149.0,up,down,down,disease_up_drug_down,exploratory_candidate,primary_network_and_pathway_with_caveat
TC-H-106,functional,BRIX1,55299,BRIX1,9,8.443,1,65,150.0,up,down,down,disease_up_drug_down,exploratory_candidate,primary_network_and_pathway_with_caveat
TC-H-106,functional,CCL2,6347,CCL2,3,2.123,1,65,151.0,down,up,up,disease_down_drug_up,exploratory_candidate,primary_network_and_pathway_with_caveat
TC-H-106,functional,IL33,90865,IL33,2,1.696,1,65,152.0,down,up,up,disease_down_drug_up,exploratory_candidate,primary_network_and_pathway_with_caveat
TC-H-106,functional,KCNAB1,7881,KCNAB1,0,0.0,53,1,153.0,down,up,up,disease_down_drug_up,exploratory_candidate,primary_network_and_pathway_with_caveat
TC-H-106,functional,PLOD3,8985,PLOD3,0,0.0,78,1,154.0,up,down,down,disease_up_drug_down,exploratory_candidate,primary_network_and_pathway_with_caveat
TC-H-106,functional,PRPF19,27339,PRPF19,6,5.68,1,65,155.0,up,down,down,disease_up_drug_down,exploratory_candidate,primary_network_and_pathway_with_caveat
TC-H-106,functional,B3GALT2,8707,B3GALT2,0,0.0,18,1,156.0,down,up,up,disease_down_drug_up,exploratory_candidate,primary_network_and_pathway_with_caveat
TC-H-106,functional,MYOZ1,58529,MYOZ1,0,0.0,66,1,157.0,down,up,up,disease_down_drug_up,exploratory_candidate,primary_network_and_pathway_with_caveat
TC-H-106,functional,PHYHIP,9796,PHYHIP,0,0.0,75,1,158.0,down,up,up,disease_down_drug_up,exploratory_candidate,primary_network_and_pathway_with_caveat
TC-H-106,functional,S1PR1,1901,S1PR1,1,0.856,7,2,159.0,down,up,up,disease_down_drug_up,exploratory_candidate,primary_network_and_pathway_with_caveat
TC-H-106,functional,C1orf35,79169,C1orf35,0,0.0,20,1,160.0,up,down,down,disease_up_drug_down,exploratory_candidate,primary_network_and_pathway_with_caveat
TC-H-106,functional,ZFP64,55734,ZFP64,0,0.0,119,1,161.0,up,down,down,disease_up_drug_down,exploratory_candidate,primary_network_and_pathway_with_caveat
TC-H-106,functional,NCLN,56926,NCLN,0,0.0,67,1,162.0,up,down,down,disease_up_drug_down,exploratory_candidate,primary_network_and_pathway_with_caveat
TC-H-106,functional,SRM,6723,SRM,0,0.0,103,1,163.0,up,down,down,disease_up_drug_down,exploratory_candidate,primary_network_and_pathway_with_caveat
TC-H-106,functional,ATAD3A,55210,ATAD3A,0,0.0,16,1,164.0,up,down,down,disease_up_drug_down,exploratory_candidate,primary_network_and_pathway_with_caveat
TC-H-106,functional,RNLS,55328,RNLS,0,0.0,92,1,165.0,down,up,up,disease_down_drug_up,exploratory_candidate,primary_network_and_pathway_with_caveat
TC-H-106,functional,RAP1A,5906,RAP1A,1,0.703,1,65,166.0,down,up,up,disease_down_drug_up,exploratory_candidate,primary_network_and_pathway_with_caveat
TC-H-106,functional,LRRC2,79442,LRRC2,0,0.0,60,1,167.0,down,up,up,disease_down_drug_up,exploratory_candidate,primary_network_and_pathway_with_caveat
TC-H-106,functional,HYAL1,3373,HYAL1,0,0.0,50,1,168.0,down,up,up,disease_down_drug_up,exploratory_candidate,primary_network_and_pathway_with_caveat
TC-H-106,functional,LIG1,3978,LIG1,3,2.401,1,65,169.0,up,down,down,disease_up_drug_down,exploratory_candidate,primary_network_and_pathway_with_caveat
TC-H-106,functional,MRPS34,65993,MRPS34,1,0.885,8,2,170.0,up,down,down,disease_up_drug_down,exploratory_candidate,primary_network_and_pathway_with_caveat
TC-H-106,functional,PRX,57716,PRX,0,0.0,84,1,171.0,down,up,up,disease_down_drug_up,exploratory_candidate,primary_network_and_pathway_with_caveat
TC-H-106,functional,RECK,8434,RECK,1,0.745,3,4,172.0,down,up,up,disease_down_drug_up,exploratory_candidate,primary_network_and_pathway_with_caveat
TC-H-106,functional,CRADD,8738,CRADD,0,0.0,31,1,173.0,down,up,up,disease_down_drug_up,exploratory_candidate,primary_network_and_pathway_with_caveat
TC-H-106,functional,RRP9,9136,RRP9,9,7.702999999999999,1,65,174.0,up,down,down,disease_up_drug_down,exploratory_candidate,primary_network_and_pathway_with_caveat
TC-H-106,functional,SCRG1,11341,SCRG1,0,0.0,94,1,175.0,down,up,up,disease_down_drug_up,exploratory_candidate,primary_network_and_pathway_with_caveat
TC-H-106,functional,REEP4,80346,REEP4,0,0.0,89,1,176.0,up,down,down,disease_up_drug_down,exploratory_candidate,primary_network_and_pathway_with_caveat
TC-H-106,functional,COMMD4,54939,COMMD4,0,0.0,30,1,177.0,up,down,down,disease_up_drug_down,exploratory_candidate,primary_network_and_pathway_with_caveat
TC-H-106,functional,ATP13A1,57130,ATP13A1,0,0.0,17,1,178.0,up,down,down,disease_up_drug_down,exploratory_candidate,primary_network_and_pathway_with_caveat
TC-H-106,functional,NPM3,10360,NPM3,0,0.0,70,1,179.0,up,down,down,disease_up_drug_down,exploratory_candidate,primary_network_and_pathway_with_caveat
TC-H-106,functional,ACAA2,10449,ACAA2,1,0.955,2,6,180.0,down,up,up,disease_down_drug_up,exploratory_candidate,primary_network_and_pathway_with_caveat
TC-H-106,functional,PYGM,5837,PYGM,0,0.0,87,1,181.0,down,up,up,disease_down_drug_up,exploratory_candidate,primary_network_and_pathway_with_caveat
TC-H-106,functional,POLA2,23649,POLA2,6,5.029000000000001,1,65,182.0,up,down,down,disease_up_drug_down,exploratory_candidate,primary_network_and_pathway_with_caveat
TC-H-106,functional,WDR74,54663,WDR74,10,8.764000000000001,1,65,183.0,up,down,down,disease_up_drug_down,exploratory_candidate,primary_network_and_pathway_with_caveat
TC-H-106,functional,SNED1,25992,SNED1,0,0.0,101,1,184.0,down,up,up,disease_down_drug_up,exploratory_candidate,primary_network_and_pathway_with_caveat
TC-H-106,functional,GCNT4,51301,GCNT4,0,0.0,45,1,185.0,down,up,up,disease_down_drug_up,exploratory_candidate,primary_network_and_pathway_with_caveat
TC-H-106,functional,SNRPD2,6633,SNRPD2,8,7.432,1,65,186.0,up,down,down,disease_up_drug_down,exploratory_candidate,primary_network_and_pathway_with_caveat
TC-H-106,functional,PTCD1,26024,PTCD1,0,0.0,85,1,187.0,up,down,down,disease_up_drug_down,exploratory_candidate,primary_network_and_pathway_with_caveat
TC-H-106,functional,PCDHGB6,56100,PCDHGB6,0,0.0,72,1,188.0,down,up,up,disease_down_drug_up,exploratory_candidate,primary_network_and_pathway_with_caveat
TC-H-106,functional,PJA2,9867,PJA2,0,0.0,77,1,189.0,down,up,up,disease_down_drug_up,exploratory_candidate,primary_network_and_pathway_with_caveat
TC-H-106,functional,MBNL2,10150,MBNL2,0,0.0,62,1,190.0,down,up,up,disease_down_drug_up,exploratory_candidate,primary_network_and_pathway_with_caveat
TC-H-106,functional,RNF11,26994,RNF11,0,0.0,91,1,191.0,down,up,up,disease_down_drug_up,exploratory_candidate,primary_network_and_pathway_with_caveat
TC-H-106,functional,SLC24A3,57419,SLC24A3,0,0.0,99,1,192.0,down,up,up,disease_down_drug_up,exploratory_candidate,primary_network_and_pathway_with_caveat
TC-H-106,functional,POLR3K,51728,POLR3K,0,0.0,80,1,193.0,up,down,down,disease_up_drug_down,exploratory_candidate,primary_network_and_pathway_with_caveat
TC-H-106,functional,SNRPA1,6627,SNRPA1,7,6.883000000000001,1,65,194.0,up,down,down,disease_up_drug_down,exploratory_candidate,primary_network_and_pathway_with_caveat
TC-H-106,functional,PUF60,22827,PUF60,5,4.115,1,65,195.0,up,down,down,disease_up_drug_down,exploratory_candidate,primary_network_and_pathway_with_caveat
TC-H-106,functional,U2AF2,11338,U2AF2,7,6.644,1,65,196.0,up,down,down,disease_up_drug_down,exploratory_candidate,primary_network_and_pathway_with_caveat
TC-H-106,functional,RBM34,23029,RBM34,7,5.911,1,65,197.0,up,down,down,disease_up_drug_down,exploratory_candidate,primary_network_and_pathway_with_caveat
TC-H-106,functional,DSTN,11034,DSTN,0,0.0,37,1,198.0,down,up,up,disease_down_drug_up,exploratory_candidate,primary_network_and_pathway_with_caveat
TC-H-106,functional,MATN2,4147,MATN2,0,0.0,61,1,199.0,down,up,up,disease_down_drug_up,exploratory_candidate,primary_network_and_pathway_with_caveat
TC-H-106,functional,UFSP2,55325,UFSP2,0,0.0,116,1,200.0,down,up,up,disease_down_drug_up,exploratory_candidate,primary_network_and_pathway_with_caveat
Belinostat,physical,UBE2C,11065,UBE2C,1,0.72,1,27,1.0,up,down,down,disease_up_drug_down,class_support,sensitivity_only
Belinostat,physical,RGN,9104,RGN,0,0.0,114,1,2.0,down,up,up,disease_down_drug_up,class_support,sensitivity_only
Belinostat,physical,ATP1B2,482,ATP1B2,0,0.0,20,1,3.0,down,up,up,disease_down_drug_up,class_support,sensitivity_only
Belinostat,physical,CDT1,81620,CDT1,2,1.937,2,7,4.0,up,down,down,disease_up_drug_down,class_support,sensitivity_only
Belinostat,physical,NR4A3,8013,NR4A3,0,0.0,88,1,5.0,down,up,up,disease_down_drug_up,class_support,sensitivity_only
Belinostat,physical,PTGDS,5730,PTGDS,0,0.0,107,1,6.0,down,up,up,disease_down_drug_up,class_support,sensitivity_only
Belinostat,physical,MCM2,4171,MCM2,5,4.71,2,7,7.0,up,down,down,disease_up_drug_down,class_support,sensitivity_only
Belinostat,physical,FBLN5,10516,FBLN5,0,0.0,52,1,8.0,down,up,up,disease_down_drug_up,class_support,sensitivity_only
Belinostat,physical,POLE2,5427,POLE2,4,3.606,2,7,9.0,up,down,down,disease_up_drug_down,class_support,sensitivity_only
Belinostat,physical,CDK4,1019,CDK4,2,1.789,1,27,10.0,up,down,down,disease_up_drug_down,class_support,sensitivity_only
Belinostat,physical,LMNB2,84823,LMNB2,1,0.998,1,27,11.0,up,down,down,disease_up_drug_down,class_support,sensitivity_only
Belinostat,physical,TRIB3,57761,TRIB3,0,0.0,142,1,12.0,up,down,down,disease_up_drug_down,class_support,sensitivity_only
Belinostat,physical,DNAJB4,11080,DNAJB4,0,0.0,41,1,13.0,down,up,up,disease_down_drug_up,class_support,sensitivity_only
Belinostat,physical,ZNF331,55422,ZNF331,0,0.0,155,1,14.0,down,up,up,disease_down_drug_up,class_support,sensitivity_only
Belinostat,physical,SLC25A20,788,SLC25A20,0,0.0,127,1,15.0,down,up,up,disease_down_drug_up,class_support,sensitivity_only
Belinostat,physical,CCNB2,9133,CCNB2,2,1.557,1,27,16.0,up,down,down,disease_up_drug_down,class_support,sensitivity_only
Belinostat,physical,PLK1,5347,PLK1,6,4.904,1,27,17.0,up,down,down,disease_up_drug_down,class_support,sensitivity_only
Belinostat,physical,FOXM1,2305,FOXM1,4,3.405,1,27,18.0,up,down,down,disease_up_drug_down,class_support,sensitivity_only
Belinostat,physical,CCNA2,890,CCNA2,2,1.755,1,27,19.0,up,down,down,disease_up_drug_down,class_support,sensitivity_only
Belinostat,physical,GTSE1,51512,GTSE1,1,0.926,1,27,20.0,up,down,down,disease_up_drug_down,class_support,sensitivity_only
Belinostat,physical,KIF4A,24137,KIF4A,1,0.76,1,27,21.0,up,down,down,disease_up_drug_down,class_support,sensitivity_only
Belinostat,physical,KIF18B,146909,KIF18B,0,0.0,72,1,22.0,up,down,down,disease_up_drug_down,class_support,sensitivity_only
Belinostat,physical,PRR7,80758,PRR7,0,0.0,105,1,23.0,up,down,down,disease_up_drug_down,class_support,sensitivity_only
Belinostat,physical,FAM107A,11170,FAM107A,0,0.0,49,1,24.0,down,up,up,disease_down_drug_up,class_support,sensitivity_only
Belinostat,physical,ALAD,210,ALAD,0,0.0,14,1,25.0,down,up,up,disease_down_drug_up,class_support,sensitivity_only
Belinostat,physical,HJURP,55355,HJURP,2,1.711,3,4,26.0,up,down,down,disease_up_drug_down,class_support,sensitivity_only
Belinostat,physical,DEPDC1,55635,DEPDC1,0,0.0,39,1,27.0,up,down,down,disease_up_drug_down,class_support,sensitivity_only
Belinostat,physical,NCAPH,23397,NCAPH,0,0.0,84,1,28.0,up,down,down,disease_up_drug_down,class_support,sensitivity_only
Belinostat,physical,GNG7,2788,GNG7,0,0.0,58,1,29.0,down,up,up,disease_down_drug_up,class_support,sensitivity_only
Belinostat,physical,CLN6,54982,CLN6,0,0.0,32,1,30.0,up,down,down,disease_up_drug_down,class_support,sensitivity_only
Belinostat,physical,TPX2,22974,TPX2,1,0.761,9,2,31.0,up,down,down,disease_up_drug_down,class_support,sensitivity_only
Belinostat,physical,ZWINT,11130,ZWINT,4,3.386,1,27,32.0,up,down,down,disease_up_drug_down,class_support,sensitivity_only
Belinostat,physical,SPC25,57405,SPC25,3,2.586,1,27,33.0,up,down,down,disease_up_drug_down,class_support,sensitivity_only
Belinostat,physical,TROAP,10024,TROAP,0,0.0,143,1,34.0,up,down,down,disease_up_drug_down,class_support,sensitivity_only
Belinostat,physical,PRC1,9055,PRC1,0,0.0,103,1,35.0,up,down,down,disease_up_drug_down,class_support,sensitivity_only
Belinostat,physical,CENPF,1063,CENPF,3,2.4640000000000004,1,27,36.0,up,down,down,disease_up_drug_down,class_support,sensitivity_only
Belinostat,physical,MKI67,4288,MKI67,0,0.0,81,1,37.0,up,down,down,disease_up_drug_down,class_support,sensitivity_only
Belinostat,physical,KIF15,56992,KIF15,1,0.734,4,3,38.0,up,down,down,disease_up_drug_down,class_support,sensitivity_only
Belinostat,physical,ECT2,1894,ECT2,0,0.0,43,1,39.0,up,down,down,disease_up_drug_down,class_support,sensitivity_only
Belinostat,physical,RRM2,6241,RRM2,0,0.0,117,1,40.0,up,down,down,disease_up_drug_down,class_support,sensitivity_only
Belinostat,physical,DAAM2,23500,DAAM2,0,0.0,37,1,41.0,down,up,up,disease_down_drug_up,class_support,sensitivity_only
Belinostat,physical,GADD45B,4616,GADD45B,0,0.0,56,1,42.0,down,up,up,disease_down_drug_up,class_support,sensitivity_only
Belinostat,physical,SKA1,220134,SKA1,3,2.45,1,27,43.0,up,down,down,disease_up_drug_down,class_support,sensitivity_only
Belinostat,physical,MAD2L1,4085,MAD2L1,3,2.6260000000000003,1,27,44.0,up,down,down,disease_up_drug_down,class_support,sensitivity_only
Belinostat,physical,PAIP2B,400961,PAIP2B,0,0.0,92,1,45.0,down,up,up,disease_down_drug_up,class_support,sensitivity_only
Belinostat,physical,MDK,4192,MDK,0,0.0,78,1,46.0,up,down,down,disease_up_drug_down,class_support,sensitivity_only
Belinostat,physical,TACC3,10460,TACC3,0,0.0,133,1,47.0,up,down,down,disease_up_drug_down,class_support,sensitivity_only
Belinostat,physical,FEN1,2237,FEN1,1,0.969,8,2,48.0,up,down,down,disease_up_drug_down,class_support,sensitivity_only
Belinostat,physical,UCK2,7371,UCK2,0,0.0,147,1,49.0,up,down,down,disease_up_drug_down,class_support,sensitivity_only
Belinostat,physical,SH3BGR,6450,SH3BGR,0,0.0,123,1,50.0,down,up,up,disease_down_drug_up,class_support,sensitivity_only
Belinostat,physical,CKAP2,26586,CKAP2,0,0.0,31,1,51.0,up,down,down,disease_up_drug_down,class_support,sensitivity_only
Belinostat,physical,GINS1,9837,GINS1,3,2.904,2,7,52.0,up,down,down,disease_up_drug_down,class_support,sensitivity_only
Belinostat,physical,TRHDE,29953,TRHDE,0,0.0,141,1,53.0,down,up,up,disease_down_drug_up,class_support,sensitivity_only
Belinostat,physical,FAM117A,81558,FAM117A,0,0.0,50,1,54.0,down,up,up,disease_down_drug_up,class_support,sensitivity_only
Belinostat,physical,MCM7,4176,MCM7,4,3.832,2,7,55.0,up,down,down,disease_up_drug_down,class_support,sensitivity_only
Belinostat,physical,BTG2,7832,BTG2,0,0.0,22,1,56.0,down,up,up,disease_down_drug_up,class_support,sensitivity_only
Belinostat,physical,PDE7B,27115,PDE7B,0,0.0,94,1,57.0,down,up,up,disease_down_drug_up,class_support,sensitivity_only
Belinostat,physical,PUS1,80324,PUS1,0,0.0,109,1,58.0,up,down,down,disease_up_drug_down,class_support,sensitivity_only
Belinostat,physical,DNAJC9,23234,DNAJC9,1,0.915,2,7,59.0,up,down,down,disease_up_drug_down,class_support,sensitivity_only
Belinostat,physical,RAN,5901,RAN,0,0.0,110,1,60.0,up,down,down,disease_up_drug_down,class_support,sensitivity_only
Belinostat,physical,STX12,23673,STX12,0,0.0,131,1,61.0,down,up,up,disease_down_drug_up,class_support,sensitivity_only
Belinostat,physical,ALDH2,217,ALDH2,0,0.0,15,1,62.0,down,up,up,disease_down_drug_up,class_support,sensitivity_only
Belinostat,physical,ZFP64,55734,ZFP64,0,0.0,153,1,63.0,up,down,down,disease_up_drug_down,class_support,sensitivity_only
Belinostat,physical,NFASC,23114,NFASC,1,0.992,7,2,64.0,down,up,up,disease_down_drug_up,class_support,sensitivity_only
Belinostat,physical,COL4A3,1285,COL4A3,0,0.0,34,1,65.0,down,up,up,disease_down_drug_up,class_support,sensitivity_only
Belinostat,physical,MPP1,4354,MPP1,0,0.0,82,1,66.0,down,up,up,disease_down_drug_up,class_support,sensitivity_only
Belinostat,physical,RNLS,55328,RNLS,0,0.0,116,1,67.0,down,up,up,disease_down_drug_up,class_support,sensitivity_only
Belinostat,physical,TYMS,7298,TYMS,0,0.0,146,1,68.0,up,down,down,disease_up_drug_down,class_support,sensitivity_only
Belinostat,physical,CDK2AP1,8099,CDK2AP1,0,0.0,29,1,69.0,up,down,down,disease_up_drug_down,class_support,sensitivity_only
Belinostat,physical,BIRC5,332,BIRC5,2,1.997,1,27,70.0,up,down,down,disease_up_drug_down,class_support,sensitivity_only
Belinostat,physical,CASP9,842,CASP9,0,0.0,25,1,71.0,down,up,up,disease_down_drug_up,class_support,sensitivity_only
Belinostat,physical,RGS2,5997,RGS2,0,0.0,115,1,72.0,down,up,up,disease_down_drug_up,class_support,sensitivity_only
Belinostat,physical,TCEAL2,140597,TCEAL2,0,0.0,134,1,73.0,down,up,up,disease_down_drug_up,class_support,sensitivity_only
Belinostat,physical,NR3C2,4306,NR3C2,0,0.0,86,1,74.0,down,up,up,disease_down_drug_up,class_support,sensitivity_only
Belinostat,physical,AQP4,361,AQP4,0,0.0,18,1,75.0,down,up,up,disease_down_drug_up,class_support,sensitivity_only
Belinostat,physical,LMNB1,4001,LMNB1,3,2.53,1,27,76.0,up,down,down,disease_up_drug_down,class_support,sensitivity_only
Belinostat,physical,ZFP36,7538,ZFP36,0,0.0,152,1,77.0,down,up,up,disease_down_drug_up,class_support,sensitivity_only
Belinostat,physical,MAOB,4129,MAOB,0,0.0,75,1,78.0,down,up,up,disease_down_drug_up,class_support,sensitivity_only
Belinostat,physical,FOSB,2354,FOSB,0,0.0,54,1,79.0,down,up,up,disease_down_drug_up,class_support,sensitivity_only
Belinostat,physical,TCF21,6943,TCF21,0,0.0,135,1,80.0,down,up,up,disease_down_drug_up,class_support,sensitivity_only
Belinostat,physical,SLC17A7,57030,SLC17A7,0,0.0,126,1,81.0,down,up,up,disease_down_drug_up,class_support,sensitivity_only
Belinostat,physical,PLCD1,5333,PLCD1,0,0.0,100,1,82.0,down,up,up,disease_down_drug_up,class_support,sensitivity_only
Belinostat,physical,RUNDC3B,154661,RUNDC3B,0,0.0,118,1,83.0,down,up,up,disease_down_drug_up,class_support,sensitivity_only
Belinostat,physical,SLC14A1,6563,SLC14A1,0,0.0,125,1,84.0,down,up,up,disease_down_drug_up,class_support,sensitivity_only
Belinostat,physical,HSPB6,126393,HSPB6,0,0.0,66,1,85.0,down,up,up,disease_down_drug_up,class_support,sensitivity_only
Belinostat,physical,SUV39H1,6839,SUV39H1,0,0.0,132,1,86.0,up,down,down,disease_up_drug_down,class_support,sensitivity_only
Belinostat,physical,CENPM,79019,CENPM,1,0.974,3,4,87.0,up,down,down,disease_up_drug_down,class_support,sensitivity_only
Belinostat,physical,TRIP13,9319,TRIP13,1,0.961,1,27,88.0,up,down,down,disease_up_drug_down,class_support,sensitivity_only
Belinostat,physical,AOX1,316,AOX1,0,0.0,17,1,89.0,down,up,up,disease_down_drug_up,class_support,sensitivity_only
Belinostat,physical,YARS2,51067,YARS2,0,0.0,150,1,90.0,up,down,down,disease_up_drug_down,class_support,sensitivity_only
Belinostat,physical,XPNPEP2,7512,XPNPEP2,0,0.0,149,1,91.0,down,up,up,disease_down_drug_up,class_support,sensitivity_only
Belinostat,physical,CITED2,10370,CITED2,0,0.0,30,1,92.0,down,up,up,disease_down_drug_up,class_support,sensitivity_only
Belinostat,physical,MIF,4282,MIF,0,0.0,80,1,93.0,up,down,down,disease_up_drug_down,class_support,sensitivity_only
Belinostat,physical,KIF11,3832,KIF11,2,1.485,4,3,94.0,up,down,down,disease_up_drug_down,class_support,sensitivity_only
Belinostat,physical,EDNRB,1910,EDNRB,0,0.0,44,1,95.0,down,up,up,disease_down_drug_up,class_support,sensitivity_only
Belinostat,physical,PAPPA2,60676,PAPPA2,0,0.0,93,1,96.0,down,up,up,disease_down_drug_up,class_support,sensitivity_only
Belinostat,physical,PRKAR2B,5577,PRKAR2B,0,0.0,104,1,97.0,down,up,up,disease_down_drug_up,class_support,sensitivity_only
Belinostat,physical,SATB1,6304,SATB1,0,0.0,119,1,98.0,down,up,up,disease_down_drug_up,class_support,sensitivity_only
Belinostat,physical,ALDH6A1,4329,ALDH6A1,0,0.0,16,1,99.0,down,up,up,disease_down_drug_up,class_support,sensitivity_only
Belinostat,physical,NDC80,10403,NDC80,7,5.751,1,27,100.0,up,down,down,disease_up_drug_down,class_support,sensitivity_only
Belinostat,physical,NMT2,9397,NMT2,0,0.0,85,1,101.0,down,up,up,disease_down_drug_up,class_support,sensitivity_only
Belinostat,physical,RAD51,5888,RAD51,2,1.52,1,27,102.0,up,down,down,disease_up_drug_down,class_support,sensitivity_only
Belinostat,physical,PDK4,5166,PDK4,0,0.0,96,1,103.0,down,up,up,disease_down_drug_up,class_support,sensitivity_only
Belinostat,physical,CYP11A1,1583,CYP11A1,0,0.0,35,1,104.0,down,up,up,disease_down_drug_up,class_support,sensitivity_only
Belinostat,physical,PUF60,22827,PUF60,0,0.0,108,1,105.0,up,down,down,disease_up_drug_down,class_support,sensitivity_only
Belinostat,physical,TXNIP,10628,TXNIP,0,0.0,145,1,106.0,down,up,up,disease_down_drug_up,class_support,sensitivity_only
Belinostat,physical,SLC46A3,283537,SLC46A3,0,0.0,128,1,107.0,down,up,up,disease_down_drug_up,class_support,sensitivity_only
Belinostat,physical,CNPY2,10330,CNPY2,0,0.0,33,1,108.0,up,down,down,disease_up_drug_down,class_support,sensitivity_only
Belinostat,physical,RFC4,5984,RFC4,0,0.0,113,1,109.0,up,down,down,disease_up_drug_down,class_support,sensitivity_only
Belinostat,physical,PLOD3,8985,PLOD3,0,0.0,101,1,110.0,up,down,down,disease_up_drug_down,class_support,sensitivity_only
Belinostat,physical,AKAP12,9590,AKAP12,0,0.0,12,1,111.0,down,up,up,disease_down_drug_up,class_support,sensitivity_only
Belinostat,physical,IL11RA,3590,IL11RA,0,0.0,67,1,112.0,down,up,up,disease_down_drug_up,class_support,sensitivity_only
Belinostat,physical,CCDC28A,25901,CCDC28A,0,0.0,26,1,113.0,down,up,up,disease_down_drug_up,class_support,sensitivity_only
Belinostat,physical,HDGF,3068,HDGF,0,0.0,62,1,114.0,up,down,down,disease_up_drug_down,class_support,sensitivity_only
Belinostat,physical,NR4A2,4929,NR4A2,0,0.0,87,1,115.0,down,up,up,disease_down_drug_up,class_support,sensitivity_only
Belinostat,physical,FBXO3,26273,FBXO3,0,0.0,53,1,116.0,down,up,up,disease_down_drug_up,class_support,sensitivity_only
Belinostat,physical,IL33,90865,IL33,0,0.0,68,1,117.0,down,up,up,disease_down_drug_up,class_support,sensitivity_only
Belinostat,physical,NAALAD2,10003,NAALAD2,0,0.0,83,1,118.0,down,up,up,disease_down_drug_up,class_support,sensitivity_only
Belinostat,physical,SYNE1,23345,SYNE1,1,0.808,1,27,119.0,down,up,up,disease_down_drug_up,class_support,sensitivity_only
Belinostat,physical,LIG1,3978,LIG1,1,0.969,8,2,120.0,up,down,down,disease_up_drug_down,class_support,sensitivity_only
Belinostat,physical,KCNIP1,30820,KCNIP1,0,0.0,70,1,121.0,down,up,up,disease_down_drug_up,class_support,sensitivity_only
Belinostat,physical,PRX,57716,PRX,0,0.0,106,1,122.0,down,up,up,disease_down_drug_up,class_support,sensitivity_only
Belinostat,physical,CALCOCO1,57658,CALCOCO1,0,0.0,24,1,123.0,down,up,up,disease_down_drug_up,class_support,sensitivity_only
Belinostat,physical,PID1,55022,PID1,0,0.0,98,1,124.0,down,up,up,disease_down_drug_up,class_support,sensitivity_only
Belinostat,physical,SCRG1,11341,SCRG1,0,0.0,120,1,125.0,down,up,up,disease_down_drug_up,class_support,sensitivity_only
Belinostat,physical,AKAP3,10566,AKAP3,0,0.0,13,1,126.0,down,up,up,disease_down_drug_up,class_support,sensitivity_only
Belinostat,physical,EPM2A,7957,EPM2A,0,0.0,48,1,127.0,down,up,up,disease_down_drug_up,class_support,sensitivity_only
Belinostat,physical,SCN3B,55800,SCN3B,2,1.707,6,3,128.0,down,up,up,disease_down_drug_up,class_support,sensitivity_only
Belinostat,physical,TOP2A,7153,TOP2A,0,0.0,140,1,129.0,up,down,down,disease_up_drug_down,class_support,sensitivity_only
Belinostat,physical,KIF20A,10112,KIF20A,2,1.482,1,27,130.0,up,down,down,disease_up_drug_down,class_support,sensitivity_only
Belinostat,physical,DLGAP5,9787,DLGAP5,1,0.751,4,3,131.0,up,down,down,disease_up_drug_down,class_support,sensitivity_only
Belinostat,physical,ASPM,259266,ASPM,0,0.0,19,1,132.0,up,down,down,disease_up_drug_down,class_support,sensitivity_only
Belinostat,physical,BUB1,699,BUB1,7,5.501,1,27,133.0,up,down,down,disease_up_drug_down,class_support,sensitivity_only
Belinostat,physical,NTRK3,4916,NTRK3,0,0.0,89,1,134.0,down,up,up,disease_down_drug_up,class_support,sensitivity_only
Belinostat,physical,CDCA3,83461,CDCA3,0,0.0,28,1,135.0,up,down,down,disease_up_drug_down,class_support,sensitivity_only
Belinostat,physical,MAN1A1,4121,MAN1A1,1,0.9,10,2,136.0,down,up,up,disease_down_drug_up,class_support,sensitivity_only
Belinostat,physical,PDGFRA,5156,PDGFRA,0,0.0,95,1,137.0,down,up,up,disease_down_drug_up,class_support,sensitivity_only
Belinostat,physical,MAN1C1,57134,MAN1C1,1,0.9,10,2,138.0,down,up,up,disease_down_drug_up,class_support,sensitivity_only
Belinostat,physical,THOC6,79228,THOC6,0,0.0,138,1,139.0,up,down,down,disease_up_drug_down,class_support,sensitivity_only
Belinostat,physical,GSTM4,2948,GSTM4,0,0.0,60,1,140.0,down,up,up,disease_down_drug_up,class_support,sensitivity_only
Belinostat,physical,METTL1,4234,METTL1,0,0.0,79,1,141.0,up,down,down,disease_up_drug_down,class_support,sensitivity_only
Belinostat,physical,TIMP3,7078,TIMP3,0,0.0,139,1,142.0,down,up,up,disease_down_drug_up,class_support,sensitivity_only
Belinostat,physical,CDCA8,55143,CDCA8,2,1.997,1,27,143.0,up,down,down,disease_up_drug_down,class_support,sensitivity_only
Belinostat,physical,NUDT1,4521,NUDT1,0,0.0,90,1,144.0,up,down,down,disease_up_drug_down,class_support,sensitivity_only
Belinostat,physical,HMMR,3161,HMMR,1,0.761,9,2,145.0,up,down,down,disease_up_drug_down,class_support,sensitivity_only
Belinostat,physical,PES1,23481,PES1,2,1.618,5,3,146.0,up,down,down,disease_up_drug_down,class_support,sensitivity_only
Belinostat,physical,TTK,7272,TTK,0,0.0,144,1,147.0,up,down,down,disease_up_drug_down,class_support,sensitivity_only
Belinostat,physical,CENPA,1058,CENPA,3,2.714,3,4,148.0,up,down,down,disease_up_drug_down,class_support,sensitivity_only
Belinostat,physical,AURKB,9212,AURKB,5,4.206,1,27,149.0,up,down,down,disease_up_drug_down,class_support,sensitivity_only
Belinostat,physical,SERINC1,57515,SERINC1,0,0.0,121,1,150.0,down,up,up,disease_down_drug_up,class_support,sensitivity_only
Belinostat,physical,GPM6A,2823,GPM6A,0,0.0,59,1,151.0,down,up,up,disease_down_drug_up,class_support,sensitivity_only
Belinostat,physical,MELK,9833,MELK,1,0.705,1,27,152.0,up,down,down,disease_up_drug_down,class_support,sensitivity_only
Belinostat,physical,KIFC1,3833,KIFC1,0,0.0,73,1,153.0,up,down,down,disease_up_drug_down,class_support,sensitivity_only
Belinostat,physical,ABCB1,5243,ABCB1,0,0.0,11,1,154.0,down,up,up,disease_down_drug_up,class_support,sensitivity_only
Belinostat,physical,HSDL2,84263,HSDL2,0,0.0,65,1,155.0,down,up,up,disease_down_drug_up,class_support,sensitivity_only
Belinostat,physical,EPHX1,2052,EPHX1,0,0.0,47,1,156.0,down,up,up,disease_down_drug_up,class_support,sensitivity_only
Belinostat,physical,TEK,7010,TEK,0,0.0,136,1,157.0,down,up,up,disease_down_drug_up,class_support,sensitivity_only
Belinostat,physical,PKNOX2,63876,PKNOX2,0,0.0,99,1,158.0,down,up,up,disease_down_drug_up,class_support,sensitivity_only
Belinostat,physical,KCNK3,3777,KCNK3,0,0.0,71,1,159.0,down,up,up,disease_down_drug_up,class_support,sensitivity_only
Belinostat,physical,SCN7A,6332,SCN7A,1,0.952,6,3,160.0,down,up,up,disease_down_drug_up,class_support,sensitivity_only
Belinostat,physical,FANCI,55215,FANCI,0,0.0,51,1,161.0,up,down,down,disease_up_drug_down,class_support,sensitivity_only
Belinostat,physical,SHMT2,6472,SHMT2,0,0.0,124,1,162.0,up,down,down,disease_up_drug_down,class_support,sensitivity_only
Belinostat,physical,EIF4EBP2,1979,EIF4EBP2,0,0.0,45,1,163.0,down,up,up,disease_down_drug_up,class_support,sensitivity_only
Belinostat,physical,TEX2,55852,TEX2,0,0.0,137,1,164.0,down,up,up,disease_down_drug_up,class_support,sensitivity_only
Belinostat,physical,GIPC2,54810,GIPC2,0,0.0,57,1,165.0,down,up,up,disease_down_drug_up,class_support,sensitivity_only
Belinostat,physical,HGF,3082,HGF,0,0.0,63,1,166.0,down,up,up,disease_down_drug_up,class_support,sensitivity_only
Belinostat,physical,STAB2,55576,STAB2,0,0.0,130,1,167.0,down,up,up,disease_down_drug_up,class_support,sensitivity_only
Belinostat,physical,DDX56,54606,DDX56,0,0.0,38,1,168.0,up,down,down,disease_up_drug_down,class_support,sensitivity_only
Belinostat,physical,SRM,6723,SRM,0,0.0,129,1,169.0,up,down,down,disease_up_drug_down,class_support,sensitivity_only
Belinostat,physical,RASGRP2,10235,RASGRP2,0,0.0,111,1,170.0,down,up,up,disease_down_drug_up,class_support,sensitivity_only
Belinostat,physical,PEX3,8504,PEX3,0,0.0,97,1,171.0,down,up,up,disease_down_drug_up,class_support,sensitivity_only
Belinostat,physical,POLA2,23649,POLA2,1,0.936,2,7,172.0,up,down,down,disease_up_drug_down,class_support,sensitivity_only
Belinostat,physical,RRP1,8568,RRP1,2,1.5699999999999998,5,3,173.0,up,down,down,disease_up_drug_down,class_support,sensitivity_only
Belinostat,physical,NEK2,4751,NEK2,2,1.67,1,27,174.0,up,down,down,disease_up_drug_down,class_support,sensitivity_only
Belinostat,physical,MYBL2,4605,MYBL2,1,0.99,1,27,175.0,up,down,down,disease_up_drug_down,class_support,sensitivity_only
Belinostat,physical,LSM5,23658,LSM5,0,0.0,74,1,176.0,up,down,down,disease_up_drug_down,class_support,sensitivity_only
Belinostat,physical,CYP4F12,66002,CYP4F12,0,0.0,36,1,177.0,down,up,up,disease_down_drug_up,class_support,sensitivity_only
Belinostat,physical,OIP5,11339,OIP5,2,1.461,3,4,178.0,up,down,down,disease_up_drug_down,class_support,sensitivity_only
Belinostat,physical,UTP14A,10813,UTP14A,0,0.0,148,1,179.0,up,down,down,disease_up_drug_down,class_support,sensitivity_only
Belinostat,physical,DIRAS3,9077,DIRAS3,0,0.0,40,1,180.0,down,up,up,disease_down_drug_up,class_support,sensitivity_only
Belinostat,physical,EPHB6,2051,EPHB6,0,0.0,46,1,181.0,down,up,up,disease_down_drug_up,class_support,sensitivity_only
Belinostat,physical,HMGA2,8091,HMGA2,0,0.0,64,1,182.0,up,down,down,disease_up_drug_down,class_support,sensitivity_only
Belinostat,physical,ZHX3,23051,ZHX3,0,0.0,154,1,183.0,down,up,up,disease_down_drug_up,class_support,sensitivity_only
Belinostat,physical,MASP1,5648,MASP1,0,0.0,76,1,184.0,down,up,up,disease_down_drug_up,class_support,sensitivity_only
Belinostat,physical,CA4,762,CA4,0,0.0,23,1,185.0,down,up,up,disease_down_drug_up,class_support,sensitivity_only
Belinostat,physical,SCN2B,6327,SCN2B,1,0.755,6,3,186.0,down,up,up,disease_down_drug_up,class_support,sensitivity_only
Belinostat,physical,FOXO4,4303,FOXO4,0,0.0,55,1,187.0,down,up,up,disease_down_drug_up,class_support,sensitivity_only
Belinostat,physical,REXO4,57109,REXO4,0,0.0,112,1,188.0,up,down,down,disease_up_drug_down,class_support,sensitivity_only
Belinostat,physical,YPEL5,51646,YPEL5,0,0.0,151,1,189.0,down,up,up,disease_down_drug_up,class_support,sensitivity_only
Belinostat,physical,DSTN,11034,DSTN,0,0.0,42,1,190.0,down,up,up,disease_down_drug_up,class_support,sensitivity_only
Belinostat,physical,SERPINA5,5104,SERPINA5,0,0.0,122,1,191.0,down,up,up,disease_down_drug_up,class_support,sensitivity_only
Belinostat,physical,BMP5,653,BMP5,0,0.0,21,1,192.0,down,up,up,disease_down_drug_up,class_support,sensitivity_only
Belinostat,physical,ITM2A,9452,ITM2A,0,0.0,69,1,193.0,down,up,up,disease_down_drug_up,class_support,sensitivity_only
Belinostat,physical,CNTN1,1272,CNTN1,1,0.992,7,2,194.0,down,up,up,disease_down_drug_up,class_support,sensitivity_only
Belinostat,physical,PPP1R14B,26472,PPP1R14B,0,0.0,102,1,195.0,up,down,down,disease_up_drug_down,class_support,sensitivity_only
Belinostat,physical,CDC25A,993,CDC25A,0,0.0,27,1,196.0,up,down,down,disease_up_drug_down,class_support,sensitivity_only
Belinostat,physical,WDR74,54663,WDR74,2,1.704,5,3,197.0,up,down,down,disease_up_drug_down,class_support,sensitivity_only
Belinostat,physical,MAZ,4150,MAZ,0,0.0,77,1,198.0,up,down,down,disease_up_drug_down,class_support,sensitivity_only
Belinostat,physical,HBP1,26959,HBP1,0,0.0,61,1,199.0,down,up,up,disease_down_drug_up,class_support,sensitivity_only
Belinostat,physical,PA2G4,5036,PA2G4,0,0.0,91,1,200.0,up,down,down,disease_up_drug_down,class_support,sensitivity_only
Belinostat,functional,UBE2C,11065,UBE2C,42,37.41,1,81,1.0,up,down,down,disease_up_drug_down,class_support,sensitivity_only
Belinostat,functional,RGN,9104,RGN,0,0.0,78,1,2.0,down,up,up,disease_down_drug_up,class_support,sensitivity_only
Belinostat,functional,ATP1B2,482,ATP1B2,0,0.0,15,1,3.0,down,up,up,disease_down_drug_up,class_support,sensitivity_only
Belinostat,functional,CDT1,81620,CDT1,23,18.538,1,81,4.0,up,down,down,disease_up_drug_down,class_support,sensitivity_only
Belinostat,functional,NR4A3,8013,NR4A3,2,1.5779999999999998,3,4,5.0,down,up,up,disease_down_drug_up,class_support,sensitivity_only
Belinostat,functional,PTGDS,5730,PTGDS,0,0.0,74,1,6.0,down,up,up,disease_down_drug_up,class_support,sensitivity_only
Belinostat,functional,MCM2,4171,MCM2,19,16.35,1,81,7.0,up,down,down,disease_up_drug_down,class_support,sensitivity_only
Belinostat,functional,FBLN5,10516,FBLN5,0,0.0,38,1,8.0,down,up,up,disease_down_drug_up,class_support,sensitivity_only
Belinostat,functional,POLE2,5427,POLE2,10,8.903,1,81,9.0,up,down,down,disease_up_drug_down,class_support,sensitivity_only
Belinostat,functional,CDK4,1019,CDK4,11,9.26,1,81,10.0,up,down,down,disease_up_drug_down,class_support,sensitivity_only
Belinostat,functional,LMNB2,84823,LMNB2,2,1.748,1,81,11.0,up,down,down,disease_up_drug_down,class_support,sensitivity_only
Belinostat,functional,TRIB3,57761,TRIB3,0,0.0,98,1,12.0,up,down,down,disease_up_drug_down,class_support,sensitivity_only
Belinostat,functional,DNAJB4,11080,DNAJB4,0,0.0,30,1,13.0,down,up,up,disease_down_drug_up,class_support,sensitivity_only
Belinostat,functional,ZNF331,55422,ZNF331,0,0.0,104,1,14.0,down,up,up,disease_down_drug_up,class_support,sensitivity_only
Belinostat,functional,SLC25A20,788,SLC25A20,0,0.0,88,1,15.0,down,up,up,disease_down_drug_up,class_support,sensitivity_only
Belinostat,functional,CCNB2,9133,CCNB2,50,44.578,1,81,16.0,up,down,down,disease_up_drug_down,class_support,sensitivity_only
Belinostat,functional,PLK1,5347,PLK1,44,38.946000000000005,1,81,17.0,up,down,down,disease_up_drug_down,class_support,sensitivity_only
Belinostat,functional,FOXM1,2305,FOXM1,36,31.481,1,81,18.0,up,down,down,disease_up_drug_down,class_support,sensitivity_only
Belinostat,functional,CCNA2,890,CCNA2,52,47.0,1,81,19.0,up,down,down,disease_up_drug_down,class_support,sensitivity_only
Belinostat,functional,GTSE1,51512,GTSE1,16,12.776999999999996,1,81,20.0,up,down,down,disease_up_drug_down,class_support,sensitivity_only
Belinostat,functional,KIF4A,24137,KIF4A,41,36.11,1,81,21.0,up,down,down,disease_up_drug_down,class_support,sensitivity_only
Belinostat,functional,KIF18B,146909,KIF18B,18,14.858,1,81,22.0,up,down,down,disease_up_drug_down,class_support,sensitivity_only
Belinostat,functional,PRR7,80758,PRR7,0,0.0,72,1,23.0,up,down,down,disease_up_drug_down,class_support,sensitivity_only
Belinostat,functional,FAM107A,11170,FAM107A,0,0.0,36,1,24.0,down,up,up,disease_down_drug_up,class_support,sensitivity_only
Belinostat,functional,ALAD,210,ALAD,0,0.0,13,1,25.0,down,up,up,disease_down_drug_up,class_support,sensitivity_only
Belinostat,functional,HJURP,55355,HJURP,40,35.154,1,81,26.0,up,down,down,disease_up_drug_down,class_support,sensitivity_only
Belinostat,functional,DEPDC1,55635,DEPDC1,24,19.823,1,81,27.0,up,down,down,disease_up_drug_down,class_support,sensitivity_only
Belinostat,functional,NCAPH,23397,NCAPH,28,22.792999999999992,1,81,28.0,up,down,down,disease_up_drug_down,class_support,sensitivity_only
Belinostat,functional,GNG7,2788,GNG7,0,0.0,42,1,29.0,down,up,up,disease_down_drug_up,class_support,sensitivity_only
Belinostat,functional,CLN6,54982,CLN6,0,0.0,23,1,30.0,up,down,down,disease_up_drug_down,class_support,sensitivity_only
Belinostat,functional,TPX2,22974,TPX2,43,38.291,1,81,31.0,up,down,down,disease_up_drug_down,class_support,sensitivity_only
Belinostat,functional,ZWINT,11130,ZWINT,38,32.83599999999999,1,81,32.0,up,down,down,disease_up_drug_down,class_support,sensitivity_only
Belinostat,functional,SPC25,57405,SPC25,24,19.781,1,81,33.0,up,down,down,disease_up_drug_down,class_support,sensitivity_only
Belinostat,functional,TROAP,10024,TROAP,22,17.266999999999996,1,81,34.0,up,down,down,disease_up_drug_down,class_support,sensitivity_only
Belinostat,functional,PRC1,9055,PRC1,37,31.528,1,81,35.0,up,down,down,disease_up_drug_down,class_support,sensitivity_only
Belinostat,functional,CENPF,1063,CENPF,42,37.84300000000002,1,81,36.0,up,down,down,disease_up_drug_down,class_support,sensitivity_only
Belinostat,functional,MKI67,4288,MKI67,38,32.925999999999995,1,81,37.0,up,down,down,disease_up_drug_down,class_support,sensitivity_only
Belinostat,functional,KIF15,56992,KIF15,36,31.276999999999997,1,81,38.0,up,down,down,disease_up_drug_down,class_support,sensitivity_only
Belinostat,functional,ECT2,1894,ECT2,25,20.612,1,81,39.0,up,down,down,disease_up_drug_down,class_support,sensitivity_only
Belinostat,functional,RRM2,6241,RRM2,40,34.279999999999994,1,81,40.0,up,down,down,disease_up_drug_down,class_support,sensitivity_only
Belinostat,functional,DAAM2,23500,DAAM2,0,0.0,28,1,41.0,down,up,up,disease_down_drug_up,class_support,sensitivity_only
Belinostat,functional,GADD45B,4616,GADD45B,1,0.926,1,81,42.0,down,up,up,disease_down_drug_up,class_support,sensitivity_only
Belinostat,functional,SKA1,220134,SKA1,21,16.956,1,81,43.0,up,down,down,disease_up_drug_down,class_support,sensitivity_only
Belinostat,functional,MAD2L1,4085,MAD2L1,41,35.896,1,81,44.0,up,down,down,disease_up_drug_down,class_support,sensitivity_only
Belinostat,functional,PAIP2B,400961,PAIP2B,0,0.0,62,1,45.0,down,up,up,disease_down_drug_up,class_support,sensitivity_only
Belinostat,functional,MDK,4192,MDK,1,0.934,8,2,46.0,up,down,down,disease_up_drug_down,class_support,sensitivity_only
Belinostat,functional,TACC3,10460,TACC3,19,14.716,1,81,47.0,up,down,down,disease_up_drug_down,class_support,sensitivity_only
Belinostat,functional,FEN1,2237,FEN1,13,11.153,1,81,48.0,up,down,down,disease_up_drug_down,class_support,sensitivity_only
Belinostat,functional,UCK2,7371,UCK2,1,0.781,1,81,49.0,up,down,down,disease_up_drug_down,class_support,sensitivity_only
Belinostat,functional,SH3BGR,6450,SH3BGR,0,0.0,85,1,50.0,down,up,up,disease_down_drug_up,class_support,sensitivity_only
Belinostat,functional,CKAP2,26586,CKAP2,18,14.419999999999998,1,81,51.0,up,down,down,disease_up_drug_down,class_support,sensitivity_only
Belinostat,functional,GINS1,9837,GINS1,7,6.230999999999999,1,81,52.0,up,down,down,disease_up_drug_down,class_support,sensitivity_only
Belinostat,functional,TRHDE,29953,TRHDE,0,0.0,97,1,53.0,down,up,up,disease_down_drug_up,class_support,sensitivity_only
Belinostat,functional,FAM117A,81558,FAM117A,0,0.0,37,1,54.0,down,up,up,disease_down_drug_up,class_support,sensitivity_only
Belinostat,functional,MCM7,4176,MCM7,22,18.55,1,81,55.0,up,down,down,disease_up_drug_down,class_support,sensitivity_only
Belinostat,functional,BTG2,7832,BTG2,0,0.0,17,1,56.0,down,up,up,disease_down_drug_up,class_support,sensitivity_only
Belinostat,functional,PDE7B,27115,PDE7B,0,0.0,64,1,57.0,down,up,up,disease_down_drug_up,class_support,sensitivity_only
Belinostat,functional,PUS1,80324,PUS1,2,1.761,1,81,58.0,up,down,down,disease_up_drug_down,class_support,sensitivity_only
Belinostat,functional,DNAJC9,23234,DNAJC9,1,0.944,1,81,59.0,up,down,down,disease_up_drug_down,class_support,sensitivity_only
Belinostat,functional,RAN,5901,RAN,1,0.75,1,81,60.0,up,down,down,disease_up_drug_down,class_support,sensitivity_only
Belinostat,functional,STX12,23673,STX12,0,0.0,91,1,61.0,down,up,up,disease_down_drug_up,class_support,sensitivity_only
Belinostat,functional,ALDH2,217,ALDH2,3,2.716,2,6,62.0,down,up,up,disease_down_drug_up,class_support,sensitivity_only
Belinostat,functional,ZFP64,55734,ZFP64,0,0.0,102,1,63.0,up,down,down,disease_up_drug_down,class_support,sensitivity_only
Belinostat,functional,NFASC,23114,NFASC,1,0.998,6,2,64.0,down,up,up,disease_down_drug_up,class_support,sensitivity_only
Belinostat,functional,COL4A3,1285,COL4A3,0,0.0,25,1,65.0,down,up,up,disease_down_drug_up,class_support,sensitivity_only
Belinostat,functional,MPP1,4354,MPP1,0,0.0,56,1,66.0,down,up,up,disease_down_drug_up,class_support,sensitivity_only
Belinostat,functional,RNLS,55328,RNLS,1,0.713,2,6,67.0,down,up,up,disease_down_drug_up,class_support,sensitivity_only
Belinostat,functional,TYMS,7298,TYMS,21,17.336000000000002,1,81,68.0,up,down,down,disease_up_drug_down,class_support,sensitivity_only
Belinostat,functional,CDK2AP1,8099,CDK2AP1,0,0.0,21,1,69.0,up,down,down,disease_up_drug_down,class_support,sensitivity_only
Belinostat,functional,BIRC5,332,BIRC5,51,45.27800000000001,1,81,70.0,up,down,down,disease_up_drug_down,class_support,sensitivity_only
Belinostat,functional,CASP9,842,CASP9,1,0.911,1,81,71.0,down,up,up,disease_down_drug_up,class_support,sensitivity_only
Belinostat,functional,RGS2,5997,RGS2,0,0.0,79,1,72.0,down,up,up,disease_down_drug_up,class_support,sensitivity_only
Belinostat,functional,TCEAL2,140597,TCEAL2,0,0.0,92,1,73.0,down,up,up,disease_down_drug_up,class_support,sensitivity_only
Belinostat,functional,NR3C2,4306,NR3C2,0,0.0,59,1,74.0,down,up,up,disease_down_drug_up,class_support,sensitivity_only
Belinostat,functional,AQP4,361,AQP4,0,0.0,14,1,75.0,down,up,up,disease_down_drug_up,class_support,sensitivity_only
Belinostat,functional,LMNB1,4001,LMNB1,5,4.234999999999999,1,81,76.0,up,down,down,disease_up_drug_down,class_support,sensitivity_only
Belinostat,functional,ZFP36,7538,ZFP36,1,0.89,3,4,77.0,down,up,up,disease_down_drug_up,class_support,sensitivity_only
Belinostat,functional,MAOB,4129,MAOB,3,2.657,2,6,78.0,down,up,up,disease_down_drug_up,class_support,sensitivity_only
Belinostat,functional,FOSB,2354,FOSB,3,2.529,3,4,79.0,down,up,up,disease_down_drug_up,class_support,sensitivity_only
Belinostat,functional,TCF21,6943,TCF21,0,0.0,93,1,80.0,down,up,up,disease_down_drug_up,class_support,sensitivity_only
Belinostat,functional,SLC17A7,57030,SLC17A7,0,0.0,87,1,81.0,down,up,up,disease_down_drug_up,class_support,sensitivity_only
Belinostat,functional,PLCD1,5333,PLCD1,0,0.0,69,1,82.0,down,up,up,disease_down_drug_up,class_support,sensitivity_only
Belinostat,functional,RUNDC3B,154661,RUNDC3B,0,0.0,80,1,83.0,down,up,up,disease_down_drug_up,class_support,sensitivity_only
Belinostat,functional,SLC14A1,6563,SLC14A1,0,0.0,86,1,84.0,down,up,up,disease_down_drug_up,class_support,sensitivity_only
Belinostat,functional,HSPB6,126393,HSPB6,0,0.0,46,1,85.0,down,up,up,disease_down_drug_up,class_support,sensitivity_only
Belinostat,functional,SUV39H1,6839,SUV39H1,1,0.741,1,81,86.0,up,down,down,disease_up_drug_down,class_support,sensitivity_only
Belinostat,functional,CENPM,79019,CENPM,21,17.1,1,81,87.0,up,down,down,disease_up_drug_down,class_support,sensitivity_only
Belinostat,functional,TRIP13,9319,TRIP13,29,22.814000000000004,1,81,88.0,up,down,down,disease_up_drug_down,class_support,sensitivity_only
Belinostat,functional,AOX1,316,AOX1,2,1.886,2,6,89.0,down,up,up,disease_down_drug_up,class_support,sensitivity_only
Belinostat,functional,YARS2,51067,YARS2,1,0.956,1,81,90.0,up,down,down,disease_up_drug_down,class_support,sensitivity_only
Belinostat,functional,XPNPEP2,7512,XPNPEP2,0,0.0,100,1,91.0,down,up,up,disease_down_drug_up,class_support,sensitivity_only
Belinostat,functional,CITED2,10370,CITED2,0,0.0,22,1,92.0,down,up,up,disease_down_drug_up,class_support,sensitivity_only
Belinostat,functional,MIF,4282,MIF,0,0.0,55,1,93.0,up,down,down,disease_up_drug_down,class_support,sensitivity_only
Belinostat,functional,KIF11,3832,KIF11,47,42.926,1,81,94.0,up,down,down,disease_up_drug_down,class_support,sensitivity_only
Belinostat,functional,EDNRB,1910,EDNRB,0,0.0,32,1,95.0,down,up,up,disease_down_drug_up,class_support,sensitivity_only
Belinostat,functional,PAPPA2,60676,PAPPA2,0,0.0,63,1,96.0,down,up,up,disease_down_drug_up,class_support,sensitivity_only
Belinostat,functional,PRKAR2B,5577,PRKAR2B,1,0.812,1,81,97.0,down,up,up,disease_down_drug_up,class_support,sensitivity_only
Belinostat,functional,SATB1,6304,SATB1,0,0.0,81,1,98.0,down,up,up,disease_down_drug_up,class_support,sensitivity_only
Belinostat,functional,ALDH6A1,4329,ALDH6A1,2,1.878,2,6,99.0,down,up,up,disease_down_drug_up,class_support,sensitivity_only
Belinostat,functional,NDC80,10403,NDC80,38,33.485000000000014,1,81,100.0,up,down,down,disease_up_drug_down,class_support,sensitivity_only
Belinostat,functional,NMT2,9397,NMT2,0,0.0,58,1,101.0,down,up,up,disease_down_drug_up,class_support,sensitivity_only
Belinostat,functional,RAD51,5888,RAD51,28,22.565000000000005,1,81,102.0,up,down,down,disease_up_drug_down,class_support,sensitivity_only
Belinostat,functional,PDK4,5166,PDK4,0,0.0,65,1,103.0,down,up,up,disease_down_drug_up,class_support,sensitivity_only
Belinostat,functional,CYP11A1,1583,CYP11A1,0,0.0,26,1,104.0,down,up,up,disease_down_drug_up,class_support,sensitivity_only
Belinostat,functional,PUF60,22827,PUF60,0,0.0,75,1,105.0,up,down,down,disease_up_drug_down,class_support,sensitivity_only
Belinostat,functional,TXNIP,10628,TXNIP,0,0.0,99,1,106.0,down,up,up,disease_down_drug_up,class_support,sensitivity_only
Belinostat,functional,SLC46A3,283537,SLC46A3,0,0.0,89,1,107.0,down,up,up,disease_down_drug_up,class_support,sensitivity_only
Belinostat,functional,CNPY2,10330,CNPY2,0,0.0,24,1,108.0,up,down,down,disease_up_drug_down,class_support,sensitivity_only
Belinostat,functional,RFC4,5984,RFC4,23,18.99,1,81,109.0,up,down,down,disease_up_drug_down,class_support,sensitivity_only
Belinostat,functional,PLOD3,8985,PLOD3,0,0.0,70,1,110.0,up,down,down,disease_up_drug_down,class_support,sensitivity_only
Belinostat,functional,AKAP12,9590,AKAP12,0,0.0,11,1,111.0,down,up,up,disease_down_drug_up,class_support,sensitivity_only
Belinostat,functional,IL11RA,3590,IL11RA,0,0.0,47,1,112.0,down,up,up,disease_down_drug_up,class_support,sensitivity_only
Belinostat,functional,CCDC28A,25901,CCDC28A,0,0.0,20,1,113.0,down,up,up,disease_down_drug_up,class_support,sensitivity_only
Belinostat,functional,HDGF,3068,HDGF,1,0.934,8,2,114.0,up,down,down,disease_up_drug_down,class_support,sensitivity_only
Belinostat,functional,NR4A2,4929,NR4A2,2,1.745,3,4,115.0,down,up,up,disease_down_drug_up,class_support,sensitivity_only
Belinostat,functional,FBXO3,26273,FBXO3,0,0.0,39,1,116.0,down,up,up,disease_down_drug_up,class_support,sensitivity_only
Belinostat,functional,IL33,90865,IL33,0,0.0,48,1,117.0,down,up,up,disease_down_drug_up,class_support,sensitivity_only
Belinostat,functional,NAALAD2,10003,NAALAD2,0,0.0,57,1,118.0,down,up,up,disease_down_drug_up,class_support,sensitivity_only
Belinostat,functional,SYNE1,23345,SYNE1,1,0.956,1,81,119.0,down,up,up,disease_down_drug_up,class_support,sensitivity_only
Belinostat,functional,LIG1,3978,LIG1,7,6.035,1,81,120.0,up,down,down,disease_up_drug_down,class_support,sensitivity_only
Belinostat,functional,KCNIP1,30820,KCNIP1,0,0.0,50,1,121.0,down,up,up,disease_down_drug_up,class_support,sensitivity_only
Belinostat,functional,PRX,57716,PRX,0,0.0,73,1,122.0,down,up,up,disease_down_drug_up,class_support,sensitivity_only
Belinostat,functional,CALCOCO1,57658,CALCOCO1,0,0.0,19,1,123.0,down,up,up,disease_down_drug_up,class_support,sensitivity_only
Belinostat,functional,PID1,55022,PID1,0,0.0,67,1,124.0,down,up,up,disease_down_drug_up,class_support,sensitivity_only
Belinostat,functional,SCRG1,11341,SCRG1,0,0.0,82,1,125.0,down,up,up,disease_down_drug_up,class_support,sensitivity_only
Belinostat,functional,AKAP3,10566,AKAP3,0,0.0,12,1,126.0,down,up,up,disease_down_drug_up,class_support,sensitivity_only
Belinostat,functional,EPM2A,7957,EPM2A,0,0.0,35,1,127.0,down,up,up,disease_down_drug_up,class_support,sensitivity_only
Belinostat,functional,SCN3B,55800,SCN3B,2,1.968,5,3,128.0,down,up,up,disease_down_drug_up,class_support,sensitivity_only
Belinostat,functional,TOP2A,7153,TOP2A,47,42.016000000000005,1,81,129.0,up,down,down,disease_up_drug_down,class_support,sensitivity_only
Belinostat,functional,KIF20A,10112,KIF20A,47,42.552,1,81,130.0,up,down,down,disease_up_drug_down,class_support,sensitivity_only
Belinostat,functional,DLGAP5,9787,DLGAP5,45,40.876000000000005,1,81,131.0,up,down,down,disease_up_drug_down,class_support,sensitivity_only
Belinostat,functional,ASPM,259266,ASPM,41,36.59,1,81,132.0,up,down,down,disease_up_drug_down,class_support,sensitivity_only
Belinostat,functional,BUB1,699,BUB1,48,43.542,1,81,133.0,up,down,down,disease_up_drug_down,class_support,sensitivity_only
Belinostat,functional,NTRK3,4916,NTRK3,0,0.0,60,1,134.0,down,up,up,disease_down_drug_up,class_support,sensitivity_only
Belinostat,functional,CDCA3,83461,CDCA3,39,33.17699999999999,1,81,135.0,up,down,down,disease_up_drug_down,class_support,sensitivity_only
Belinostat,functional,MAN1A1,4121,MAN1A1,1,0.907,9,2,136.0,down,up,up,disease_down_drug_up,class_support,sensitivity_only
Belinostat,functional,PDGFRA,5156,PDGFRA,1,0.841,4,3,137.0,down,up,up,disease_down_drug_up,class_support,sensitivity_only
Belinostat,functional,MAN1C1,57134,MAN1C1,1,0.907,9,2,138.0,down,up,up,disease_down_drug_up,class_support,sensitivity_only
Belinostat,functional,THOC6,79228,THOC6,0,0.0,95,1,139.0,up,down,down,disease_up_drug_down,class_support,sensitivity_only
Belinostat,functional,GSTM4,2948,GSTM4,1,0.94,7,2,140.0,down,up,up,disease_down_drug_up,class_support,sensitivity_only
Belinostat,functional,METTL1,4234,METTL1,5,3.814,1,81,141.0,up,down,down,disease_up_drug_down,class_support,sensitivity_only
Belinostat,functional,TIMP3,7078,TIMP3,0,0.0,96,1,142.0,down,up,up,disease_down_drug_up,class_support,sensitivity_only
Belinostat,functional,CDCA8,55143,CDCA8,44,39.5,1,81,143.0,up,down,down,disease_up_drug_down,class_support,sensitivity_only
Belinostat,functional,NUDT1,4521,NUDT1,0,0.0,61,1,144.0,up,down,down,disease_up_drug_down,class_support,sensitivity_only
Belinostat,functional,HMMR,3161,HMMR,35,30.589,1,81,145.0,up,down,down,disease_up_drug_down,class_support,sensitivity_only
Belinostat,functional,PES1,23481,PES1,6,5.576,1,81,146.0,up,down,down,disease_up_drug_down,class_support,sensitivity_only
Belinostat,functional,TTK,7272,TTK,40,35.41,1,81,147.0,up,down,down,disease_up_drug_down,class_support,sensitivity_only
Belinostat,functional,CENPA,1058,CENPA,39,34.81699999999999,1,81,148.0,up,down,down,disease_up_drug_down,class_support,sensitivity_only
Belinostat,functional,AURKB,9212,AURKB,49,42.749,1,81,149.0,up,down,down,disease_up_drug_down,class_support,sensitivity_only
Belinostat,functional,SERINC1,57515,SERINC1,0,0.0,83,1,150.0,down,up,up,disease_down_drug_up,class_support,sensitivity_only
Belinostat,functional,GPM6A,2823,GPM6A,0,0.0,43,1,151.0,down,up,up,disease_down_drug_up,class_support,sensitivity_only
Belinostat,functional,MELK,9833,MELK,43,38.09599999999999,1,81,152.0,up,down,down,disease_up_drug_down,class_support,sensitivity_only
Belinostat,functional,KIFC1,3833,KIFC1,29,23.896000000000004,1,81,153.0,up,down,down,disease_up_drug_down,class_support,sensitivity_only
Belinostat,functional,ABCB1,5243,ABCB1,0,0.0,10,1,154.0,down,up,up,disease_down_drug_up,class_support,sensitivity_only
Belinostat,functional,HSDL2,84263,HSDL2,0,0.0,45,1,155.0,down,up,up,disease_down_drug_up,class_support,sensitivity_only
Belinostat,functional,EPHX1,2052,EPHX1,1,0.94,7,2,156.0,down,up,up,disease_down_drug_up,class_support,sensitivity_only
Belinostat,functional,TEK,7010,TEK,1,0.898,4,3,157.0,down,up,up,disease_down_drug_up,class_support,sensitivity_only
Belinostat,functional,PKNOX2,63876,PKNOX2,0,0.0,68,1,158.0,down,up,up,disease_down_drug_up,class_support,sensitivity_only
Belinostat,functional,KCNK3,3777,KCNK3,0,0.0,51,1,159.0,down,up,up,disease_down_drug_up,class_support,sensitivity_only
Belinostat,functional,SCN7A,6332,SCN7A,2,1.828,5,3,160.0,down,up,up,disease_down_drug_up,class_support,sensitivity_only
Belinostat,functional,FANCI,55215,FANCI,6,4.729,1,81,161.0,up,down,down,disease_up_drug_down,class_support,sensitivity_only
Belinostat,functional,SHMT2,6472,SHMT2,1,0.997,1,81,162.0,up,down,down,disease_up_drug_down,class_support,sensitivity_only
Belinostat,functional,EIF4EBP2,1979,EIF4EBP2,0,0.0,33,1,163.0,down,up,up,disease_down_drug_up,class_support,sensitivity_only
Belinostat,functional,TEX2,55852,TEX2,0,0.0,94,1,164.0,down,up,up,disease_down_drug_up,class_support,sensitivity_only
Belinostat,functional,GIPC2,54810,GIPC2,0,0.0,41,1,165.0,down,up,up,disease_down_drug_up,class_support,sensitivity_only
Belinostat,functional,HGF,3082,HGF,2,1.739,4,3,166.0,down,up,up,disease_down_drug_up,class_support,sensitivity_only
Belinostat,functional,STAB2,55576,STAB2,1,0.849,1,81,167.0,down,up,up,disease_down_drug_up,class_support,sensitivity_only
Belinostat,functional,DDX56,54606,DDX56,5,4.461,1,81,168.0,up,down,down,disease_up_drug_down,class_support,sensitivity_only
Belinostat,functional,SRM,6723,SRM,0,0.0,90,1,169.0,up,down,down,disease_up_drug_down,class_support,sensitivity_only
Belinostat,functional,RASGRP2,10235,RASGRP2,0,0.0,76,1,170.0,down,up,up,disease_down_drug_up,class_support,sensitivity_only
Belinostat,functional,PEX3,8504,PEX3,0,0.0,66,1,171.0,down,up,up,disease_down_drug_up,class_support,sensitivity_only
Belinostat,functional,POLA2,23649,POLA2,6,5.125,1,81,172.0,up,down,down,disease_up_drug_down,class_support,sensitivity_only
Belinostat,functional,RRP1,8568,RRP1,4,3.504,1,81,173.0,up,down,down,disease_up_drug_down,class_support,sensitivity_only
Belinostat,functional,NEK2,4751,NEK2,36,31.331000000000003,1,81,174.0,up,down,down,disease_up_drug_down,class_support,sensitivity_only
Belinostat,functional,MYBL2,4605,MYBL2,16,12.84,1,81,175.0,up,down,down,disease_up_drug_down,class_support,sensitivity_only
Belinostat,functional,LSM5,23658,LSM5,0,0.0,52,1,176.0,up,down,down,disease_up_drug_down,class_support,sensitivity_only
Belinostat,functional,CYP4F12,66002,CYP4F12,0,0.0,27,1,177.0,down,up,up,disease_down_drug_up,class_support,sensitivity_only
Belinostat,functional,OIP5,11339,OIP5,23,19.051,1,81,178.0,up,down,down,disease_up_drug_down,class_support,sensitivity_only
Belinostat,functional,UTP14A,10813,UTP14A,3,2.578,1,81,179.0,up,down,down,disease_up_drug_down,class_support,sensitivity_only
Belinostat,functional,DIRAS3,9077,DIRAS3,0,0.0,29,1,180.0,down,up,up,disease_down_drug_up,class_support,sensitivity_only
Belinostat,functional,EPHB6,2051,EPHB6,0,0.0,34,1,181.0,down,up,up,disease_down_drug_up,class_support,sensitivity_only
Belinostat,functional,HMGA2,8091,HMGA2,1,0.78,2,6,182.0,up,down,down,disease_up_drug_down,class_support,sensitivity_only
Belinostat,functional,ZHX3,23051,ZHX3,0,0.0,103,1,183.0,down,up,up,disease_down_drug_up,class_support,sensitivity_only
Belinostat,functional,MASP1,5648,MASP1,0,0.0,53,1,184.0,down,up,up,disease_down_drug_up,class_support,sensitivity_only
Belinostat,functional,CA4,762,CA4,0,0.0,18,1,185.0,down,up,up,disease_down_drug_up,class_support,sensitivity_only
Belinostat,functional,SCN2B,6327,SCN2B,2,1.85,5,3,186.0,down,up,up,disease_down_drug_up,class_support,sensitivity_only
Belinostat,functional,FOXO4,4303,FOXO4,0,0.0,40,1,187.0,down,up,up,disease_down_drug_up,class_support,sensitivity_only
Belinostat,functional,REXO4,57109,REXO4,0,0.0,77,1,188.0,up,down,down,disease_up_drug_down,class_support,sensitivity_only
Belinostat,functional,YPEL5,51646,YPEL5,0,0.0,101,1,189.0,down,up,up,disease_down_drug_up,class_support,sensitivity_only
Belinostat,functional,DSTN,11034,DSTN,0,0.0,31,1,190.0,down,up,up,disease_down_drug_up,class_support,sensitivity_only
Belinostat,functional,SERPINA5,5104,SERPINA5,0,0.0,84,1,191.0,down,up,up,disease_down_drug_up,class_support,sensitivity_only
Belinostat,functional,BMP5,653,BMP5,0,0.0,16,1,192.0,down,up,up,disease_down_drug_up,class_support,sensitivity_only
Belinostat,functional,ITM2A,9452,ITM2A,0,0.0,49,1,193.0,down,up,up,disease_down_drug_up,class_support,sensitivity_only
Belinostat,functional,CNTN1,1272,CNTN1,1,0.998,6,2,194.0,down,up,up,disease_down_drug_up,class_support,sensitivity_only
Belinostat,functional,PPP1R14B,26472,PPP1R14B,0,0.0,71,1,195.0,up,down,down,disease_up_drug_down,class_support,sensitivity_only
Belinostat,functional,CDC25A,993,CDC25A,8,7.019,1,81,196.0,up,down,down,disease_up_drug_down,class_support,sensitivity_only
Belinostat,functional,WDR74,54663,WDR74,5,4.672,1,81,197.0,up,down,down,disease_up_drug_down,class_support,sensitivity_only
Belinostat,functional,MAZ,4150,MAZ,0,0.0,54,1,198.0,up,down,down,disease_up_drug_down,class_support,sensitivity_only
Belinostat,functional,HBP1,26959,HBP1,0,0.0,44,1,199.0,down,up,up,disease_down_drug_up,class_support,sensitivity_only
Belinostat,functional,PA2G4,5036,PA2G4,4,3.46,1,81,200.0,up,down,down,disease_up_drug_down,class_support,sensitivity_only
Entinostat,physical,PDK4,5166,PDK4,0,0.0,96,1,1.0,down,up,up,disease_down_drug_up,reference_control,reference_control
Entinostat,physical,AKAP12,9590,AKAP12,0,0.0,10,1,2.0,down,up,up,disease_down_drug_up,reference_control,reference_control
Entinostat,physical,TEK,7010,TEK,0,0.0,129,1,3.0,down,up,up,disease_down_drug_up,reference_control,reference_control
Entinostat,physical,XPNPEP2,7512,XPNPEP2,0,0.0,140,1,4.0,down,up,up,disease_down_drug_up,reference_control,reference_control
Entinostat,physical,FBLN5,10516,FBLN5,0,0.0,49,1,5.0,down,up,up,disease_down_drug_up,reference_control,reference_control
Entinostat,physical,CDK4,1019,CDK4,4,3.446,1,38,6.0,up,down,down,disease_up_drug_down,reference_control,reference_control
Entinostat,physical,FOXM1,2305,FOXM1,2,1.71,1,38,7.0,up,down,down,disease_up_drug_down,reference_control,reference_control
Entinostat,physical,CDCA8,55143,CDCA8,1,0.999,1,38,8.0,up,down,down,disease_up_drug_down,reference_control,reference_control
Entinostat,physical,FAM107A,11170,FAM107A,0,0.0,47,1,9.0,down,up,up,disease_down_drug_up,reference_control,reference_control
Entinostat,physical,LEPR,3953,LEPR,0,0.0,71,1,10.0,down,up,up,disease_down_drug_up,reference_control,reference_control
Entinostat,physical,RAD51AP1,10635,RAD51AP1,1,0.896,1,38,11.0,up,down,down,disease_up_drug_down,reference_control,reference_control
Entinostat,physical,CCDC86,79080,CCDC86,0,0.0,19,1,12.0,up,down,down,disease_up_drug_down,reference_control,reference_control
Entinostat,physical,FEN1,2237,FEN1,3,2.72,1,38,13.0,up,down,down,disease_up_drug_down,reference_control,reference_control
Entinostat,physical,DNAJC9,23234,DNAJC9,1,0.915,1,38,14.0,up,down,down,disease_up_drug_down,reference_control,reference_control
Entinostat,physical,ADH1B,125,ADH1B,0,0.0,8,1,15.0,down,up,up,disease_down_drug_up,reference_control,reference_control
Entinostat,physical,BIRC5,332,BIRC5,2,1.874,1,38,16.0,up,down,down,disease_up_drug_down,reference_control,reference_control
Entinostat,physical,UBE2C,11065,UBE2C,5,4.251,1,38,17.0,up,down,down,disease_up_drug_down,reference_control,reference_control
Entinostat,physical,CHRDL1,91851,CHRDL1,0,0.0,27,1,18.0,down,up,up,disease_down_drug_up,reference_control,reference_control
Entinostat,physical,CES1,1066,CES1,0,0.0,25,1,19.0,down,up,up,disease_down_drug_up,reference_control,reference_control
Entinostat,physical,GPX3,2878,GPX3,0,0.0,59,1,20.0,down,up,up,disease_down_drug_up,reference_control,reference_control
Entinostat,physical,CYP4F12,66002,CYP4F12,0,0.0,31,1,21.0,down,up,up,disease_down_drug_up,reference_control,reference_control
Entinostat,physical,GINS2,51659,GINS2,4,3.93,1,38,22.0,up,down,down,disease_up_drug_down,reference_control,reference_control
Entinostat,physical,LTBP4,8425,LTBP4,0,0.0,74,1,23.0,down,up,up,disease_down_drug_up,reference_control,reference_control
Entinostat,physical,AOX1,316,AOX1,0,0.0,12,1,24.0,down,up,up,disease_down_drug_up,reference_control,reference_control
Entinostat,physical,PRKAR2B,5577,PRKAR2B,0,0.0,102,1,25.0,down,up,up,disease_down_drug_up,reference_control,reference_control
Entinostat,physical,NPR3,4883,NPR3,0,0.0,87,1,26.0,down,up,up,disease_down_drug_up,reference_control,reference_control
Entinostat,physical,SAC3D1,29901,SAC3D1,0,0.0,116,1,27.0,up,down,down,disease_up_drug_down,reference_control,reference_control
Entinostat,physical,KLF9,687,KLF9,0,0.0,69,1,28.0,down,up,up,disease_down_drug_up,reference_control,reference_control
Entinostat,physical,MCM2,4171,MCM2,8,7.736,1,38,29.0,up,down,down,disease_up_drug_down,reference_control,reference_control
Entinostat,physical,BRMS1,25855,BRMS1,0,0.0,17,1,30.0,up,down,down,disease_up_drug_down,reference_control,reference_control
Entinostat,physical,PUS1,80324,PUS1,0,0.0,107,1,31.0,up,down,down,disease_up_drug_down,reference_control,reference_control
Entinostat,physical,RHOB,388,RHOB,0,0.0,114,1,32.0,down,up,up,disease_down_drug_up,reference_control,reference_control
Entinostat,physical,SNRPB,6628,SNRPB,7,6.25,2,14,33.0,up,down,down,disease_up_drug_down,reference_control,reference_control
Entinostat,physical,TRMT1,55621,TRMT1,0,0.0,134,1,34.0,up,down,down,disease_up_drug_down,reference_control,reference_control
Entinostat,physical,KIF22,3835,KIF22,0,0.0,68,1,35.0,up,down,down,disease_up_drug_down,reference_control,reference_control
Entinostat,physical,CCNB2,9133,CCNB2,3,2.591,1,38,36.0,up,down,down,disease_up_drug_down,reference_control,reference_control
Entinostat,physical,PLK1,5347,PLK1,7,5.797,1,38,37.0,up,down,down,disease_up_drug_down,reference_control,reference_control
Entinostat,physical,DDX49,54555,DDX49,2,1.566,2,14,38.0,up,down,down,disease_up_drug_down,reference_control,reference_control
Entinostat,physical,KIF20A,10112,KIF20A,1,0.756,6,2,39.0,up,down,down,disease_up_drug_down,reference_control,reference_control
Entinostat,physical,CCNA2,890,CCNA2,6,5.538,1,38,40.0,up,down,down,disease_up_drug_down,reference_control,reference_control
Entinostat,physical,KIF14,9928,KIF14,1,0.756,6,2,41.0,up,down,down,disease_up_drug_down,reference_control,reference_control
Entinostat,physical,DDX56,54606,DDX56,0,0.0,33,1,42.0,up,down,down,disease_up_drug_down,reference_control,reference_control
Entinostat,physical,DES,1674,DES,0,0.0,34,1,43.0,down,up,up,disease_down_drug_up,reference_control,reference_control
Entinostat,physical,GPM6A,2823,GPM6A,0,0.0,57,1,44.0,down,up,up,disease_down_drug_up,reference_control,reference_control
Entinostat,physical,NCAPH,23397,NCAPH,0,0.0,81,1,45.0,up,down,down,disease_up_drug_down,reference_control,reference_control
Entinostat,physical,CDCA3,83461,CDCA3,0,0.0,22,1,46.0,up,down,down,disease_up_drug_down,reference_control,reference_control
Entinostat,physical,FXYD1,5348,FXYD1,0,0.0,53,1,47.0,down,up,up,disease_down_drug_up,reference_control,reference_control
Entinostat,physical,WASF3,10810,WASF3,0,0.0,138,1,48.0,down,up,up,disease_down_drug_up,reference_control,reference_control
Entinostat,physical,TGFBR2,7048,TGFBR2,0,0.0,130,1,49.0,down,up,up,disease_down_drug_up,reference_control,reference_control
Entinostat,physical,PTGDS,5730,PTGDS,0,0.0,105,1,50.0,down,up,up,disease_down_drug_up,reference_control,reference_control
Entinostat,physical,TNXB,7148,TNXB,0,0.0,131,1,51.0,down,up,up,disease_down_drug_up,reference_control,reference_control
Entinostat,physical,EXO1,9156,EXO1,2,1.799,1,38,52.0,up,down,down,disease_up_drug_down,reference_control,reference_control
Entinostat,physical,NDC80,10403,NDC80,6,4.964,1,38,53.0,up,down,down,disease_up_drug_down,reference_control,reference_control
Entinostat,physical,NFIL3,4783,NFIL3,0,0.0,83,1,54.0,down,up,up,disease_down_drug_up,reference_control,reference_control
Entinostat,physical,HRAS,3265,HRAS,0,0.0,62,1,55.0,up,down,down,disease_up_drug_down,reference_control,reference_control
Entinostat,physical,EFEMP1,2202,EFEMP1,0,0.0,41,1,56.0,down,up,up,disease_down_drug_up,reference_control,reference_control
Entinostat,physical,TACC3,10460,TACC3,1,0.984,1,38,57.0,up,down,down,disease_up_drug_down,reference_control,reference_control
Entinostat,physical,LIG1,3978,LIG1,2,1.964,1,38,58.0,up,down,down,disease_up_drug_down,reference_control,reference_control
Entinostat,physical,OIP5,11339,OIP5,0,0.0,90,1,59.0,up,down,down,disease_up_drug_down,reference_control,reference_control
Entinostat,physical,LIMS2,55679,LIMS2,0,0.0,73,1,60.0,down,up,up,disease_down_drug_up,reference_control,reference_control
Entinostat,physical,GPR17,2840,GPR17,0,0.0,58,1,61.0,down,up,up,disease_down_drug_up,reference_control,reference_control
Entinostat,physical,PPIA,5478,PPIA,0,0.0,101,1,62.0,up,down,down,disease_up_drug_down,reference_control,reference_control
Entinostat,physical,IL33,90865,IL33,0,0.0,65,1,63.0,down,up,up,disease_down_drug_up,reference_control,reference_control
Entinostat,physical,PDE8B,8622,PDE8B,0,0.0,95,1,64.0,down,up,up,disease_down_drug_up,reference_control,reference_control
Entinostat,physical,PA2G4,5036,PA2G4,0,0.0,91,1,65.0,up,down,down,disease_up_drug_down,reference_control,reference_control
Entinostat,physical,PALLD,23022,PALLD,0,0.0,92,1,66.0,down,up,up,disease_down_drug_up,reference_control,reference_control
Entinostat,physical,PUF60,22827,PUF60,2,1.6,2,14,67.0,up,down,down,disease_up_drug_down,reference_control,reference_control
Entinostat,physical,UBE2S,27338,UBE2S,3,2.606,1,38,68.0,up,down,down,disease_up_drug_down,reference_control,reference_control
Entinostat,physical,NOP16,51491,NOP16,0,0.0,85,1,69.0,up,down,down,disease_up_drug_down,reference_control,reference_control
Entinostat,physical,EDNRB,1910,EDNRB,0,0.0,40,1,70.0,down,up,up,disease_down_drug_up,reference_control,reference_control
Entinostat,physical,CLN6,54982,CLN6,0,0.0,28,1,71.0,up,down,down,disease_up_drug_down,reference_control,reference_control
Entinostat,physical,EIF3B,8662,EIF3B,0,0.0,42,1,72.0,up,down,down,disease_up_drug_down,reference_control,reference_control
Entinostat,physical,BOP1,23246,BOP1,2,1.728,4,3,73.0,up,down,down,disease_up_drug_down,reference_control,reference_control
Entinostat,physical,NOP2,4839,NOP2,0,0.0,86,1,74.0,up,down,down,disease_up_drug_down,reference_control,reference_control
Entinostat,physical,MCM7,4176,MCM7,7,6.878,1,38,75.0,up,down,down,disease_up_drug_down,reference_control,reference_control
Entinostat,physical,LIMCH1,22998,LIMCH1,0,0.0,72,1,76.0,down,up,up,disease_down_drug_up,reference_control,reference_control
Entinostat,physical,LDB2,9079,LDB2,0,0.0,70,1,77.0,down,up,up,disease_down_drug_up,reference_control,reference_control
Entinostat,physical,NFASC,23114,NFASC,0,0.0,82,1,78.0,down,up,up,disease_down_drug_up,reference_control,reference_control
Entinostat,physical,CHAF1A,10036,CHAF1A,0,0.0,26,1,79.0,up,down,down,disease_up_drug_down,reference_control,reference_control
Entinostat,physical,BYSL,705,BYSL,3,2.735,2,14,80.0,up,down,down,disease_up_drug_down,reference_control,reference_control
Entinostat,physical,DNAJC2,27000,DNAJC2,0,0.0,35,1,81.0,up,down,down,disease_up_drug_down,reference_control,reference_control
Entinostat,physical,STON1,11037,STON1,0,0.0,124,1,82.0,down,up,up,disease_down_drug_up,reference_control,reference_control
Entinostat,physical,SRM,6723,SRM,0,0.0,121,1,83.0,up,down,down,disease_up_drug_down,reference_control,reference_control
Entinostat,physical,MPDZ,8777,MPDZ,0,0.0,79,1,84.0,down,up,up,disease_down_drug_up,reference_control,reference_control
Entinostat,physical,CDT1,81620,CDT1,7,6.701,1,38,85.0,up,down,down,disease_up_drug_down,reference_control,reference_control
Entinostat,physical,STARD8,9754,STARD8,0,0.0,123,1,86.0,down,up,up,disease_down_drug_up,reference_control,reference_control
Entinostat,physical,PNRC1,10957,PNRC1,0,0.0,99,1,87.0,down,up,up,disease_down_drug_up,reference_control,reference_control
Entinostat,physical,LYVE1,10894,LYVE1,0,0.0,75,1,88.0,down,up,up,disease_down_drug_up,reference_control,reference_control
Entinostat,physical,RAD51,5888,RAD51,5,3.933,1,38,89.0,up,down,down,disease_up_drug_down,reference_control,reference_control
Entinostat,physical,KANK3,256949,KANK3,0,0.0,66,1,90.0,down,up,up,disease_down_drug_up,reference_control,reference_control
Entinostat,physical,CENPM,79019,CENPM,0,0.0,23,1,91.0,up,down,down,disease_up_drug_down,reference_control,reference_control
Entinostat,physical,BLM,641,BLM,3,2.548,1,38,92.0,up,down,down,disease_up_drug_down,reference_control,reference_control
Entinostat,physical,TBRG4,9238,TBRG4,0,0.0,127,1,93.0,up,down,down,disease_up_drug_down,reference_control,reference_control
Entinostat,physical,POP7,10248,POP7,2,1.712,2,14,94.0,up,down,down,disease_up_drug_down,reference_control,reference_control
Entinostat,physical,MIF,4282,MIF,0,0.0,78,1,95.0,up,down,down,disease_up_drug_down,reference_control,reference_control
Entinostat,physical,WLS,79971,WLS,0,0.0,139,1,96.0,down,up,up,disease_down_drug_up,reference_control,reference_control
Entinostat,physical,RBM34,23029,RBM34,0,0.0,109,1,97.0,up,down,down,disease_up_drug_down,reference_control,reference_control
Entinostat,physical,RAN,5901,RAN,0,0.0,108,1,98.0,up,down,down,disease_up_drug_down,reference_control,reference_control
Entinostat,physical,FARSA,2193,FARSA,0,0.0,48,1,99.0,up,down,down,disease_up_drug_down,reference_control,reference_control
Entinostat,physical,WDR74,54663,WDR74,2,1.646,4,3,100.0,up,down,down,disease_up_drug_down,reference_control,reference_control
Entinostat,physical,PPAN,56342,PPAN,0,0.0,100,1,101.0,up,down,down,disease_up_drug_down,reference_control,reference_control
Entinostat,physical,MYH11,4629,MYH11,0,0.0,80,1,102.0,down,up,up,disease_down_drug_up,reference_control,reference_control
Entinostat,physical,AURKA,6790,AURKA,5,4.285,1,38,103.0,up,down,down,disease_up_drug_down,reference_control,reference_control
Entinostat,physical,CCNB1,891,CCNB1,9,7.883999999999999,1,38,104.0,up,down,down,disease_up_drug_down,reference_control,reference_control
Entinostat,physical,FOSB,2354,FOSB,0,0.0,51,1,105.0,down,up,up,disease_down_drug_up,reference_control,reference_control
Entinostat,physical,COMMD4,54939,COMMD4,0,0.0,30,1,106.0,up,down,down,disease_up_drug_down,reference_control,reference_control
Entinostat,physical,RGS2,5997,RGS2,0,0.0,113,1,107.0,down,up,up,disease_down_drug_up,reference_control,reference_control
Entinostat,physical,CDC6,990,CDC6,7,6.822000000000001,1,38,108.0,up,down,down,disease_up_drug_down,reference_control,reference_control
Entinostat,physical,TYMS,7298,TYMS,0,0.0,136,1,109.0,up,down,down,disease_up_drug_down,reference_control,reference_control
Entinostat,physical,AQP7,364,AQP7,0,0.0,13,1,110.0,down,up,up,disease_down_drug_up,reference_control,reference_control
Entinostat,physical,NAT10,55226,NAT10,4,3.43,2,14,111.0,up,down,down,disease_up_drug_down,reference_control,reference_control
Entinostat,physical,F8,2157,F8,0,0.0,46,1,112.0,down,up,up,disease_down_drug_up,reference_control,reference_control
Entinostat,physical,DSTN,11034,DSTN,0,0.0,37,1,113.0,down,up,up,disease_down_drug_up,reference_control,reference_control
Entinostat,physical,TSC22D3,1831,TSC22D3,0,0.0,135,1,114.0,down,up,up,disease_down_drug_up,reference_control,reference_control
Entinostat,physical,HSD17B6,8630,HSD17B6,0,0.0,64,1,115.0,down,up,up,disease_down_drug_up,reference_control,reference_control
Entinostat,physical,EXOSC5,56915,EXOSC5,0,0.0,45,1,116.0,up,down,down,disease_up_drug_down,reference_control,reference_control
Entinostat,physical,CDC25A,993,CDC25A,0,0.0,21,1,117.0,up,down,down,disease_up_drug_down,reference_control,reference_control
Entinostat,physical,REXO4,57109,REXO4,0,0.0,112,1,118.0,up,down,down,disease_up_drug_down,reference_control,reference_control
Entinostat,physical,ALG3,10195,ALG3,0,0.0,11,1,119.0,up,down,down,disease_up_drug_down,reference_control,reference_control
Entinostat,physical,DPM2,8818,DPM2,0,0.0,36,1,120.0,up,down,down,disease_up_drug_down,reference_control,reference_control
Entinostat,physical,NOC4L,79050,NOC4L,3,2.732,2,14,121.0,up,down,down,disease_up_drug_down,reference_control,reference_control
Entinostat,physical,GCNT2,2651,GCNT2,0,0.0,54,1,122.0,down,up,up,disease_down_drug_up,reference_control,reference_control
Entinostat,physical,HBB,3043,HBB,0,0.0,60,1,123.0,down,up,up,disease_down_drug_up,reference_control,reference_control
Entinostat,physical,PLP1,5354,PLP1,0,0.0,98,1,124.0,down,up,up,disease_down_drug_up,reference_control,reference_control
Entinostat,physical,SOX10,6663,SOX10,0,0.0,120,1,125.0,down,up,up,disease_down_drug_up,reference_control,reference_control
Entinostat,physical,NME1,4830,NME1,0,0.0,84,1,126.0,up,down,down,disease_up_drug_down,reference_control,reference_control
Entinostat,physical,MASP1,5648,MASP1,0,0.0,77,1,127.0,down,up,up,disease_down_drug_up,reference_control,reference_control
Entinostat,physical,MCM10,55388,MCM10,7,6.579000000000001,1,38,128.0,up,down,down,disease_up_drug_down,reference_control,reference_control
Entinostat,physical,CDC20,991,CDC20,6,5.585000000000001,1,38,129.0,up,down,down,disease_up_drug_down,reference_control,reference_control
Entinostat,physical,FHL1,2273,FHL1,0,0.0,50,1,130.0,down,up,up,disease_down_drug_up,reference_control,reference_control
Entinostat,physical,ZNF282,8427,ZNF282,0,0.0,141,1,131.0,up,down,down,disease_up_drug_down,reference_control,reference_control
Entinostat,physical,TOP2A,7153,TOP2A,1,0.78,1,38,132.0,up,down,down,disease_up_drug_down,reference_control,reference_control
Entinostat,physical,NUP85,79902,NUP85,0,0.0,89,1,133.0,up,down,down,disease_up_drug_down,reference_control,reference_control
Entinostat,physical,CNPY2,10330,CNPY2,0,0.0,29,1,134.0,up,down,down,disease_up_drug_down,reference_control,reference_control
Entinostat,physical,PCGF1,84759,PCGF1,1,0.9,7,2,135.0,up,down,down,disease_up_drug_down,reference_control,reference_control
Entinostat,physical,FOXO4,4303,FOXO4,0,0.0,52,1,136.0,down,up,up,disease_down_drug_up,reference_control,reference_control
Entinostat,physical,PCSK2,5126,PCSK2,0,0.0,94,1,137.0,down,up,up,disease_down_drug_up,reference_control,reference_control
Entinostat,physical,PCNA,5111,PCNA,6,5.372,1,38,138.0,up,down,down,disease_up_drug_down,reference_control,reference_control
Entinostat,physical,BRIX1,55299,BRIX1,2,1.5539999999999998,4,3,139.0,up,down,down,disease_up_drug_down,reference_control,reference_control
Entinostat,physical,PTGIS,5740,PTGIS,0,0.0,106,1,140.0,down,up,up,disease_down_drug_up,reference_control,reference_control
Entinostat,physical,U2AF2,11338,U2AF2,0,0.0,137,1,141.0,up,down,down,disease_up_drug_down,reference_control,reference_control
Entinostat,physical,MAOA,4128,MAOA,1,0.9,5,2,142.0,down,up,up,disease_down_drug_up,reference_control,reference_control
Entinostat,physical,ZWINT,11130,ZWINT,3,2.662,1,38,143.0,up,down,down,disease_up_drug_down,reference_control,reference_control
Entinostat,physical,MCM4,4173,MCM4,7,6.849,1,38,144.0,up,down,down,disease_up_drug_down,reference_control,reference_control
Entinostat,physical,DUSP1,1843,DUSP1,0,0.0,39,1,145.0,down,up,up,disease_down_drug_up,reference_control,reference_control
Entinostat,physical,PAPPA2,60676,PAPPA2,0,0.0,93,1,146.0,down,up,up,disease_down_drug_up,reference_control,reference_control
Entinostat,physical,PTBP1,5725,PTBP1,0,0.0,104,1,147.0,up,down,down,disease_up_drug_down,reference_control,reference_control
Entinostat,physical,TPI1,7167,TPI1,0,0.0,133,1,148.0,up,down,down,disease_up_drug_down,reference_control,reference_control
Entinostat,physical,BACH2,60468,BACH2,0,0.0,15,1,149.0,down,up,up,disease_down_drug_up,reference_control,reference_control
Entinostat,physical,MAN1C1,57134,MAN1C1,0,0.0,76,1,150.0,down,up,up,disease_down_drug_up,reference_control,reference_control
Entinostat,physical,DTYMK,1841,DTYMK,0,0.0,38,1,151.0,up,down,down,disease_up_drug_down,reference_control,reference_control
Entinostat,physical,BUB1,699,BUB1,6,4.917999999999999,1,38,152.0,up,down,down,disease_up_drug_down,reference_control,reference_control
Entinostat,physical,CKS2,1164,CKS2,2,1.881,1,38,153.0,up,down,down,disease_up_drug_down,reference_control,reference_control
Entinostat,physical,STAB2,55576,STAB2,0,0.0,122,1,154.0,down,up,up,disease_down_drug_up,reference_control,reference_control
Entinostat,physical,RECQL4,9401,RECQL4,2,1.71,1,38,155.0,up,down,down,disease_up_drug_down,reference_control,reference_control
Entinostat,physical,CCNI,10983,CCNI,0,0.0,20,1,156.0,down,up,up,disease_down_drug_up,reference_control,reference_control
Entinostat,physical,SKA1,220134,SKA1,3,2.27,1,38,157.0,up,down,down,disease_up_drug_down,reference_control,reference_control
Entinostat,physical,POLE3,54107,POLE3,1,0.72,1,38,158.0,up,down,down,disease_up_drug_down,reference_control,reference_control
Entinostat,physical,EPAS1,2034,EPAS1,0,0.0,44,1,159.0,down,up,up,disease_down_drug_up,reference_control,reference_control
Entinostat,physical,MRPL9,65005,MRPL9,3,2.704,3,4,160.0,up,down,down,disease_up_drug_down,reference_control,reference_control
Entinostat,physical,GPC3,2719,GPC3,0,0.0,56,1,161.0,down,up,up,disease_down_drug_up,reference_control,reference_control
Entinostat,physical,MCM3,4172,MCM3,9,8.331,1,38,162.0,up,down,down,disease_up_drug_down,reference_control,reference_control
Entinostat,physical,ADRM1,11047,ADRM1,0,0.0,9,1,163.0,up,down,down,disease_up_drug_down,reference_control,reference_control
Entinostat,physical,C1orf35,79169,C1orf35,0,0.0,18,1,164.0,up,down,down,disease_up_drug_down,reference_control,reference_control
Entinostat,physical,SNRPA1,6627,SNRPA1,6,5.667,2,14,165.0,up,down,down,disease_up_drug_down,reference_control,reference_control
Entinostat,physical,CEP55,55165,CEP55,0,0.0,24,1,166.0,up,down,down,disease_up_drug_down,reference_control,reference_control
Entinostat,physical,SPC25,57405,SPC25,3,2.586,1,38,167.0,up,down,down,disease_up_drug_down,reference_control,reference_control
Entinostat,physical,BAX,581,BAX,0,0.0,16,1,168.0,up,down,down,disease_up_drug_down,reference_control,reference_control
Entinostat,physical,TAC1,6863,TAC1,0,0.0,126,1,169.0,down,up,up,disease_down_drug_up,reference_control,reference_control
Entinostat,physical,KIF15,56992,KIF15,0,0.0,67,1,170.0,up,down,down,disease_up_drug_down,reference_control,reference_control
Entinostat,physical,DKC1,1736,DKC1,3,2.223,2,14,171.0,up,down,down,disease_up_drug_down,reference_control,reference_control
Entinostat,physical,RCAN1,1827,RCAN1,0,0.0,110,1,172.0,down,up,up,disease_down_drug_up,reference_control,reference_control
Entinostat,physical,PKNOX2,63876,PKNOX2,0,0.0,97,1,173.0,down,up,up,disease_down_drug_up,reference_control,reference_control
Entinostat,physical,TCERG1,10915,TCERG1,4,3.356,2,14,174.0,up,down,down,disease_up_drug_down,reference_control,reference_control
Entinostat,physical,HSD11B1,3290,HSD11B1,0,0.0,63,1,175.0,down,up,up,disease_down_drug_up,reference_control,reference_control
Entinostat,physical,MRPS12,6183,MRPS12,3,2.709,3,4,176.0,up,down,down,disease_up_drug_down,reference_control,reference_control
Entinostat,physical,GOLT1B,51026,GOLT1B,0,0.0,55,1,177.0,up,down,down,disease_up_drug_down,reference_control,reference_control
Entinostat,physical,S1PR1,1901,S1PR1,0,0.0,115,1,178.0,down,up,up,disease_down_drug_up,reference_control,reference_control
Entinostat,physical,NUDT1,4521,NUDT1,0,0.0,88,1,179.0,up,down,down,disease_up_drug_down,reference_control,reference_control
Entinostat,physical,ASAP3,55616,ASAP3,0,0.0,14,1,180.0,down,up,up,disease_down_drug_up,reference_control,reference_control
Entinostat,physical,DDX27,55661,DDX27,0,0.0,32,1,181.0,up,down,down,disease_up_drug_down,reference_control,reference_control
Entinostat,physical,SLC35B1,10237,SLC35B1,0,0.0,118,1,182.0,up,down,down,disease_up_drug_down,reference_control,reference_control
Entinostat,physical,ZNF668,79759,ZNF668,0,0.0,142,1,183.0,up,down,down,disease_up_drug_down,reference_control,reference_control
Entinostat,physical,RPP40,10799,RPP40,1,0.992,2,14,184.0,up,down,down,disease_up_drug_down,reference_control,reference_control
Entinostat,physical,AOC3,8639,AOC3,1,0.9,5,2,185.0,down,up,up,disease_down_drug_up,reference_control,reference_control
Entinostat,physical,SYNPO,11346,SYNPO,0,0.0,125,1,186.0,down,up,up,disease_down_drug_up,reference_control,reference_control
Entinostat,physical,TOMM40,10452,TOMM40,0,0.0,132,1,187.0,up,down,down,disease_up_drug_down,reference_control,reference_control
Entinostat,physical,HDGF,3068,HDGF,0,0.0,61,1,188.0,up,down,down,disease_up_drug_down,reference_control,reference_control
Entinostat,physical,TCF21,6943,TCF21,0,0.0,128,1,189.0,down,up,up,disease_down_drug_up,reference_control,reference_control
Entinostat,physical,PRX,57716,PRX,0,0.0,103,1,190.0,down,up,up,disease_down_drug_up,reference_control,reference_control
Entinostat,physical,SHBG,6462,SHBG,0,0.0,117,1,191.0,down,up,up,disease_down_drug_up,reference_control,reference_control
Entinostat,physical,BUD31,8896,BUD31,4,3.77,2,14,192.0,up,down,down,disease_up_drug_down,reference_control,reference_control
Entinostat,physical,SNRPC,6631,SNRPC,3,2.915,2,14,193.0,up,down,down,disease_up_drug_down,reference_control,reference_control
Entinostat,physical,UBAP2L,9898,UBAP2L,1,0.9,7,2,194.0,up,down,down,disease_up_drug_down,reference_control,reference_control
Entinostat,physical,SNRPB2,6629,SNRPB2,6,5.544,2,14,195.0,up,down,down,disease_up_drug_down,reference_control,reference_control
Entinostat,physical,MRPS34,65993,MRPS34,3,2.624,3,4,196.0,up,down,down,disease_up_drug_down,reference_control,reference_control
Entinostat,physical,SLC46A3,283537,SLC46A3,0,0.0,119,1,197.0,down,up,up,disease_down_drug_up,reference_control,reference_control
Entinostat,physical,REEP4,80346,REEP4,0,0.0,111,1,198.0,up,down,down,disease_up_drug_down,reference_control,reference_control
Entinostat,physical,GADD45GIP1,90480,GADD45GIP1,3,2.607,3,4,199.0,up,down,down,disease_up_drug_down,reference_control,reference_control
Entinostat,physical,EMCN,51705,EMCN,0,0.0,43,1,200.0,down,up,up,disease_down_drug_up,reference_control,reference_control
Entinostat,functional,PDK4,5166,PDK4,0,0.0,68,1,1.0,down,up,up,disease_down_drug_up,reference_control,reference_control
Entinostat,functional,AKAP12,9590,AKAP12,0,0.0,12,1,2.0,down,up,up,disease_down_drug_up,reference_control,reference_control
Entinostat,functional,TEK,7010,TEK,1,0.754,5,4,3.0,down,up,up,disease_down_drug_up,reference_control,reference_control
Entinostat,functional,XPNPEP2,7512,XPNPEP2,0,0.0,90,1,4.0,down,up,up,disease_down_drug_up,reference_control,reference_control
Entinostat,functional,FBLN5,10516,FBLN5,0,0.0,35,1,5.0,down,up,up,disease_down_drug_up,reference_control,reference_control
Entinostat,functional,CDK4,1019,CDK4,18,15.076,1,59,6.0,up,down,down,disease_up_drug_down,reference_control,reference_control
Entinostat,functional,FOXM1,2305,FOXM1,21,18.355,1,59,7.0,up,down,down,disease_up_drug_down,reference_control,reference_control
Entinostat,functional,CDCA8,55143,CDCA8,28,25.211,1,59,8.0,up,down,down,disease_up_drug_down,reference_control,reference_control
Entinostat,functional,FAM107A,11170,FAM107A,0,0.0,33,1,9.0,down,up,up,disease_down_drug_up,reference_control,reference_control
Entinostat,functional,LEPR,3953,LEPR,0,0.0,51,1,10.0,down,up,up,disease_down_drug_up,reference_control,reference_control
Entinostat,functional,RAD51AP1,10635,RAD51AP1,15,12.049,1,59,11.0,up,down,down,disease_up_drug_down,reference_control,reference_control
Entinostat,functional,CCDC86,79080,CCDC86,0,0.0,18,1,12.0,up,down,down,disease_up_drug_down,reference_control,reference_control
Entinostat,functional,FEN1,2237,FEN1,19,16.777,1,59,13.0,up,down,down,disease_up_drug_down,reference_control,reference_control
Entinostat,functional,DNAJC9,23234,DNAJC9,1,0.944,1,59,14.0,up,down,down,disease_up_drug_down,reference_control,reference_control
Entinostat,functional,ADH1B,125,ADH1B,2,1.898,3,5,15.0,down,up,up,disease_down_drug_up,reference_control,reference_control
Entinostat,functional,BIRC5,332,BIRC5,33,29.129000000000005,1,59,16.0,up,down,down,disease_up_drug_down,reference_control,reference_control
Entinostat,functional,UBE2C,11065,UBE2C,26,23.556000000000004,1,59,17.0,up,down,down,disease_up_drug_down,reference_control,reference_control
Entinostat,functional,CHRDL1,91851,CHRDL1,0,0.0,21,1,18.0,down,up,up,disease_down_drug_up,reference_control,reference_control
Entinostat,functional,CES1,1066,CES1,0,0.0,20,1,19.0,down,up,up,disease_down_drug_up,reference_control,reference_control
Entinostat,functional,GPX3,2878,GPX3,0,0.0,43,1,20.0,down,up,up,disease_down_drug_up,reference_control,reference_control
Entinostat,functional,CYP4F12,66002,CYP4F12,0,0.0,25,1,21.0,down,up,up,disease_down_drug_up,reference_control,reference_control
Entinostat,functional,GINS2,51659,GINS2,12,10.418,1,59,22.0,up,down,down,disease_up_drug_down,reference_control,reference_control
Entinostat,functional,LTBP4,8425,LTBP4,0,0.0,54,1,23.0,down,up,up,disease_down_drug_up,reference_control,reference_control
Entinostat,functional,AOX1,316,AOX1,3,2.817,3,5,24.0,down,up,up,disease_down_drug_up,reference_control,reference_control
Entinostat,functional,PRKAR2B,5577,PRKAR2B,1,0.812,1,59,25.0,down,up,up,disease_down_drug_up,reference_control,reference_control
Entinostat,functional,NPR3,4883,NPR3,0,0.0,62,1,26.0,down,up,up,disease_down_drug_up,reference_control,reference_control
Entinostat,functional,SAC3D1,29901,SAC3D1,0,0.0,76,1,27.0,up,down,down,disease_up_drug_down,reference_control,reference_control
Entinostat,functional,KLF9,687,KLF9,0,0.0,49,1,28.0,down,up,up,disease_down_drug_up,reference_control,reference_control
Entinostat,functional,MCM2,4171,MCM2,21,18.686000000000003,1,59,29.0,up,down,down,disease_up_drug_down,reference_control,reference_control
Entinostat,functional,BRMS1,25855,BRMS1,0,0.0,16,1,30.0,up,down,down,disease_up_drug_down,reference_control,reference_control
Entinostat,functional,PUS1,80324,PUS1,3,2.401,2,35,31.0,up,down,down,disease_up_drug_down,reference_control,reference_control
Entinostat,functional,RHOB,388,RHOB,0,0.0,74,1,32.0,down,up,up,disease_down_drug_up,reference_control,reference_control
Entinostat,functional,SNRPB,6628,SNRPB,9,8.054,2,35,33.0,up,down,down,disease_up_drug_down,reference_control,reference_control
Entinostat,functional,TRMT1,55621,TRMT1,2,1.483,2,35,34.0,up,down,down,disease_up_drug_down,reference_control,reference_control
Entinostat,functional,KIF22,3835,KIF22,13,10.427,1,59,35.0,up,down,down,disease_up_drug_down,reference_control,reference_control
Entinostat,functional,CCNB2,9133,CCNB2,35,31.19,1,59,36.0,up,down,down,disease_up_drug_down,reference_control,reference_control
Entinostat,functional,PLK1,5347,PLK1,33,29.277000000000005,1,59,37.0,up,down,down,disease_up_drug_down,reference_control,reference_control
Entinostat,functional,DDX49,54555,DDX49,7,6.007,2,35,38.0,up,down,down,disease_up_drug_down,reference_control,reference_control
Entinostat,functional,KIF20A,10112,KIF20A,28,25.159,1,59,39.0,up,down,down,disease_up_drug_down,reference_control,reference_control
Entinostat,functional,CCNA2,890,CCNA2,42,37.84600000000001,1,59,40.0,up,down,down,disease_up_drug_down,reference_control,reference_control
Entinostat,functional,KIF14,9928,KIF14,16,13.063,1,59,41.0,up,down,down,disease_up_drug_down,reference_control,reference_control
Entinostat,functional,DDX56,54606,DDX56,13,11.756,2,35,42.0,up,down,down,disease_up_drug_down,reference_control,reference_control
Entinostat,functional,DES,1674,DES,0,0.0,26,1,43.0,down,up,up,disease_down_drug_up,reference_control,reference_control
Entinostat,functional,GPM6A,2823,GPM6A,0,0.0,41,1,44.0,down,up,up,disease_down_drug_up,reference_control,reference_control
Entinostat,functional,NCAPH,23397,NCAPH,20,16.187,1,59,45.0,up,down,down,disease_up_drug_down,reference_control,reference_control
Entinostat,functional,CDCA3,83461,CDCA3,22,19.117999999999995,1,59,46.0,up,down,down,disease_up_drug_down,reference_control,reference_control
Entinostat,functional,FXYD1,5348,FXYD1,1,0.756,8,2,47.0,down,up,up,disease_down_drug_up,reference_control,reference_control
Entinostat,functional,WASF3,10810,WASF3,0,0.0,88,1,48.0,down,up,up,disease_down_drug_up,reference_control,reference_control
Entinostat,functional,TGFBR2,7048,TGFBR2,0,0.0,85,1,49.0,down,up,up,disease_down_drug_up,reference_control,reference_control
Entinostat,functional,PTGDS,5730,PTGDS,1,0.956,10,2,50.0,down,up,up,disease_down_drug_up,reference_control,reference_control
Entinostat,functional,TNXB,7148,TNXB,0,0.0,86,1,51.0,down,up,up,disease_down_drug_up,reference_control,reference_control
Entinostat,functional,EXO1,9156,EXO1,30,24.988,1,59,52.0,up,down,down,disease_up_drug_down,reference_control,reference_control
Entinostat,functional,NDC80,10403,NDC80,25,21.861,1,59,53.0,up,down,down,disease_up_drug_down,reference_control,reference_control
Entinostat,functional,NFIL3,4783,NFIL3,0,0.0,60,1,54.0,down,up,up,disease_down_drug_up,reference_control,reference_control
Entinostat,functional,HRAS,3265,HRAS,1,0.744,1,59,55.0,up,down,down,disease_up_drug_down,reference_control,reference_control
Entinostat,functional,EFEMP1,2202,EFEMP1,0,0.0,29,1,56.0,down,up,up,disease_down_drug_up,reference_control,reference_control
Entinostat,functional,TACC3,10460,TACC3,13,10.672999999999998,1,59,57.0,up,down,down,disease_up_drug_down,reference_control,reference_control
Entinostat,functional,LIG1,3978,LIG1,9,7.821999999999999,1,59,58.0,up,down,down,disease_up_drug_down,reference_control,reference_control
Entinostat,functional,OIP5,11339,OIP5,16,13.096,1,59,59.0,up,down,down,disease_up_drug_down,reference_control,reference_control
Entinostat,functional,LIMS2,55679,LIMS2,0,0.0,53,1,60.0,down,up,up,disease_down_drug_up,reference_control,reference_control
Entinostat,functional,GPR17,2840,GPR17,0,0.0,42,1,61.0,down,up,up,disease_down_drug_up,reference_control,reference_control
Entinostat,functional,PPIA,5478,PPIA,1,0.773,1,59,62.0,up,down,down,disease_up_drug_down,reference_control,reference_control
Entinostat,functional,IL33,90865,IL33,0,0.0,47,1,63.0,down,up,up,disease_down_drug_up,reference_control,reference_control
Entinostat,functional,PDE8B,8622,PDE8B,0,0.0,67,1,64.0,down,up,up,disease_down_drug_up,reference_control,reference_control
Entinostat,functional,PA2G4,5036,PA2G4,9,7.579000000000001,2,35,65.0,up,down,down,disease_up_drug_down,reference_control,reference_control
Entinostat,functional,PALLD,23022,PALLD,0,0.0,64,1,66.0,down,up,up,disease_down_drug_up,reference_control,reference_control
Entinostat,functional,PUF60,22827,PUF60,5,4.109,2,35,67.0,up,down,down,disease_up_drug_down,reference_control,reference_control
Entinostat,functional,UBE2S,27338,UBE2S,7,5.882000000000001,1,59,68.0,up,down,down,disease_up_drug_down,reference_control,reference_control
Entinostat,functional,NOP16,51491,NOP16,0,0.0,61,1,69.0,up,down,down,disease_up_drug_down,reference_control,reference_control
Entinostat,functional,EDNRB,1910,EDNRB,1,0.908,4,4,70.0,down,up,up,disease_down_drug_up,reference_control,reference_control
Entinostat,functional,CLN6,54982,CLN6,0,0.0,22,1,71.0,up,down,down,disease_up_drug_down,reference_control,reference_control
Entinostat,functional,EIF3B,8662,EIF3B,0,0.0,30,1,72.0,up,down,down,disease_up_drug_down,reference_control,reference_control
Entinostat,functional,BOP1,23246,BOP1,13,12.32,2,35,73.0,up,down,down,disease_up_drug_down,reference_control,reference_control
Entinostat,functional,NOP2,4839,NOP2,13,11.409000000000004,2,35,74.0,up,down,down,disease_up_drug_down,reference_control,reference_control
Entinostat,functional,MCM7,4176,MCM7,21,18.491,1,59,75.0,up,down,down,disease_up_drug_down,reference_control,reference_control
Entinostat,functional,LIMCH1,22998,LIMCH1,0,0.0,52,1,76.0,down,up,up,disease_down_drug_up,reference_control,reference_control
Entinostat,functional,LDB2,9079,LDB2,0,0.0,50,1,77.0,down,up,up,disease_down_drug_up,reference_control,reference_control
Entinostat,functional,NFASC,23114,NFASC,0,0.0,59,1,78.0,down,up,up,disease_down_drug_up,reference_control,reference_control
Entinostat,functional,CHAF1A,10036,CHAF1A,5,4.058,1,59,79.0,up,down,down,disease_up_drug_down,reference_control,reference_control
Entinostat,functional,BYSL,705,BYSL,13,11.486,2,35,80.0,up,down,down,disease_up_drug_down,reference_control,reference_control
Entinostat,functional,DNAJC2,27000,DNAJC2,0,0.0,27,1,81.0,up,down,down,disease_up_drug_down,reference_control,reference_control
Entinostat,functional,STON1,11037,STON1,0,0.0,82,1,82.0,down,up,up,disease_down_drug_up,reference_control,reference_control
Entinostat,functional,SRM,6723,SRM,0,0.0,80,1,83.0,up,down,down,disease_up_drug_down,reference_control,reference_control
Entinostat,functional,MPDZ,8777,MPDZ,0,0.0,57,1,84.0,down,up,up,disease_down_drug_up,reference_control,reference_control
Entinostat,functional,CDT1,81620,CDT1,27,23.24300000000001,1,59,85.0,up,down,down,disease_up_drug_down,reference_control,reference_control
Entinostat,functional,STARD8,9754,STARD8,0,0.0,81,1,86.0,down,up,up,disease_down_drug_up,reference_control,reference_control
Entinostat,functional,PNRC1,10957,PNRC1,0,0.0,70,1,87.0,down,up,up,disease_down_drug_up,reference_control,reference_control
Entinostat,functional,LYVE1,10894,LYVE1,2,1.632,5,4,88.0,down,up,up,disease_down_drug_up,reference_control,reference_control
Entinostat,functional,RAD51,5888,RAD51,28,23.62100000000001,1,59,89.0,up,down,down,disease_up_drug_down,reference_control,reference_control
Entinostat,functional,KANK3,256949,KANK3,0,0.0,48,1,90.0,down,up,up,disease_down_drug_up,reference_control,reference_control
Entinostat,functional,CENPM,79019,CENPM,16,12.875000000000002,1,59,91.0,up,down,down,disease_up_drug_down,reference_control,reference_control
Entinostat,functional,BLM,641,BLM,5,4.534,1,59,92.0,up,down,down,disease_up_drug_down,reference_control,reference_control
Entinostat,functional,TBRG4,9238,TBRG4,1,0.756,2,35,93.0,up,down,down,disease_up_drug_down,reference_control,reference_control
Entinostat,functional,POP7,10248,POP7,2,1.734,2,35,94.0,up,down,down,disease_up_drug_down,reference_control,reference_control
Entinostat,functional,MIF,4282,MIF,1,0.732,1,59,95.0,up,down,down,disease_up_drug_down,reference_control,reference_control
Entinostat,functional,WLS,79971,WLS,0,0.0,89,1,96.0,down,up,up,disease_down_drug_up,reference_control,reference_control
Entinostat,functional,RBM34,23029,RBM34,11,9.53,2,35,97.0,up,down,down,disease_up_drug_down,reference_control,reference_control
Entinostat,functional,RAN,5901,RAN,2,1.533,1,59,98.0,up,down,down,disease_up_drug_down,reference_control,reference_control
Entinostat,functional,FARSA,2193,FARSA,0,0.0,34,1,99.0,up,down,down,disease_up_drug_down,reference_control,reference_control
Entinostat,functional,WDR74,54663,WDR74,13,11.531,2,35,100.0,up,down,down,disease_up_drug_down,reference_control,reference_control
Entinostat,functional,PPAN,56342,PPAN,10,8.308,2,35,101.0,up,down,down,disease_up_drug_down,reference_control,reference_control
Entinostat,functional,MYH11,4629,MYH11,0,0.0,58,1,102.0,down,up,up,disease_down_drug_up,reference_control,reference_control
Entinostat,functional,AURKA,6790,AURKA,28,24.233,1,59,103.0,up,down,down,disease_up_drug_down,reference_control,reference_control
Entinostat,functional,CCNB1,891,CCNB1,37,33.46500000000001,1,59,104.0,up,down,down,disease_up_drug_down,reference_control,reference_control
Entinostat,functional,FOSB,2354,FOSB,1,0.864,6,3,105.0,down,up,up,disease_down_drug_up,reference_control,reference_control
Entinostat,functional,COMMD4,54939,COMMD4,0,0.0,24,1,106.0,up,down,down,disease_up_drug_down,reference_control,reference_control
Entinostat,functional,RGS2,5997,RGS2,0,0.0,73,1,107.0,down,up,up,disease_down_drug_up,reference_control,reference_control
Entinostat,functional,CDC6,990,CDC6,25,21.818,1,59,108.0,up,down,down,disease_up_drug_down,reference_control,reference_control
Entinostat,functional,TYMS,7298,TYMS,23,18.743,1,59,109.0,up,down,down,disease_up_drug_down,reference_control,reference_control
Entinostat,functional,AQP7,364,AQP7,0,0.0,13,1,110.0,down,up,up,disease_down_drug_up,reference_control,reference_control
Entinostat,functional,NAT10,55226,NAT10,14,12.093,2,35,111.0,up,down,down,disease_up_drug_down,reference_control,reference_control
Entinostat,functional,F8,2157,F8,0,0.0,32,1,112.0,down,up,up,disease_down_drug_up,reference_control,reference_control
Entinostat,functional,DSTN,11034,DSTN,0,0.0,28,1,113.0,down,up,up,disease_down_drug_up,reference_control,reference_control
Entinostat,functional,TSC22D3,1831,TSC22D3,1,0.74,6,3,114.0,down,up,up,disease_down_drug_up,reference_control,reference_control
Entinostat,functional,HSD17B6,8630,HSD17B6,1,0.918,3,5,115.0,down,up,up,disease_down_drug_up,reference_control,reference_control
Entinostat,functional,EXOSC5,56915,EXOSC5,2,1.635,2,35,116.0,up,down,down,disease_up_drug_down,reference_control,reference_control
Entinostat,functional,CDC25A,993,CDC25A,13,11.196,1,59,117.0,up,down,down,disease_up_drug_down,reference_control,reference_control
Entinostat,functional,REXO4,57109,REXO4,3,2.321,2,35,118.0,up,down,down,disease_up_drug_down,reference_control,reference_control
Entinostat,functional,ALG3,10195,ALG3,1,0.968,7,2,119.0,up,down,down,disease_up_drug_down,reference_control,reference_control
Entinostat,functional,DPM2,8818,DPM2,1,0.968,7,2,120.0,up,down,down,disease_up_drug_down,reference_control,reference_control
Entinostat,functional,NOC4L,79050,NOC4L,10,8.493,2,35,121.0,up,down,down,disease_up_drug_down,reference_control,reference_control
Entinostat,functional,GCNT2,2651,GCNT2,0,0.0,38,1,122.0,down,up,up,disease_down_drug_up,reference_control,reference_control
Entinostat,functional,HBB,3043,HBB,0,0.0,44,1,123.0,down,up,up,disease_down_drug_up,reference_control,reference_control
Entinostat,functional,PLP1,5354,PLP1,1,0.883,4,4,124.0,down,up,up,disease_down_drug_up,reference_control,reference_control
Entinostat,functional,SOX10,6663,SOX10,3,2.699,4,4,125.0,down,up,up,disease_down_drug_up,reference_control,reference_control
Entinostat,functional,NME1,4830,NME1,2,1.69,1,59,126.0,up,down,down,disease_up_drug_down,reference_control,reference_control
Entinostat,functional,MASP1,5648,MASP1,0,0.0,56,1,127.0,down,up,up,disease_down_drug_up,reference_control,reference_control
Entinostat,functional,MCM10,55388,MCM10,24,20.675,1,59,128.0,up,down,down,disease_up_drug_down,reference_control,reference_control
Entinostat,functional,CDC20,991,CDC20,39,35.15699999999999,1,59,129.0,up,down,down,disease_up_drug_down,reference_control,reference_control
Entinostat,functional,FHL1,2273,FHL1,0,0.0,36,1,130.0,down,up,up,disease_down_drug_up,reference_control,reference_control
Entinostat,functional,ZNF282,8427,ZNF282,0,0.0,91,1,131.0,up,down,down,disease_up_drug_down,reference_control,reference_control
Entinostat,functional,TOP2A,7153,TOP2A,35,30.49,1,59,132.0,up,down,down,disease_up_drug_down,reference_control,reference_control
Entinostat,functional,NUP85,79902,NUP85,2,1.508,1,59,133.0,up,down,down,disease_up_drug_down,reference_control,reference_control
Entinostat,functional,CNPY2,10330,CNPY2,0,0.0,23,1,134.0,up,down,down,disease_up_drug_down,reference_control,reference_control
Entinostat,functional,PCGF1,84759,PCGF1,1,0.903,9,2,135.0,up,down,down,disease_up_drug_down,reference_control,reference_control
Entinostat,functional,FOXO4,4303,FOXO4,0,0.0,37,1,136.0,down,up,up,disease_down_drug_up,reference_control,reference_control
Entinostat,functional,PCSK2,5126,PCSK2,0,0.0,66,1,137.0,down,up,up,disease_down_drug_up,reference_control,reference_control
Entinostat,functional,PCNA,5111,PCNA,17,15.655999999999995,1,59,138.0,up,down,down,disease_up_drug_down,reference_control,reference_control
Entinostat,functional,BRIX1,55299,BRIX1,11,10.188,2,35,139.0,up,down,down,disease_up_drug_down,reference_control,reference_control
Entinostat,functional,PTGIS,5740,PTGIS,1,0.956,10,2,140.0,down,up,up,disease_down_drug_up,reference_control,reference_control
Entinostat,functional,U2AF2,11338,U2AF2,6,5.287,2,35,141.0,up,down,down,disease_up_drug_down,reference_control,reference_control
Entinostat,functional,MAOA,4128,MAOA,3,2.852,3,5,142.0,down,up,up,disease_down_drug_up,reference_control,reference_control
Entinostat,functional,ZWINT,11130,ZWINT,24,20.628000000000004,1,59,143.0,up,down,down,disease_up_drug_down,reference_control,reference_control
Entinostat,functional,MCM4,4173,MCM4,26,23.048,1,59,144.0,up,down,down,disease_up_drug_down,reference_control,reference_control
Entinostat,functional,DUSP1,1843,DUSP1,2,1.604,6,3,145.0,down,up,up,disease_down_drug_up,reference_control,reference_control
Entinostat,functional,PAPPA2,60676,PAPPA2,0,0.0,65,1,146.0,down,up,up,disease_down_drug_up,reference_control,reference_control
Entinostat,functional,PTBP1,5725,PTBP1,2,1.6949999999999998,2,35,147.0,up,down,down,disease_up_drug_down,reference_control,reference_control
Entinostat,functional,TPI1,7167,TPI1,1,0.752,1,59,148.0,up,down,down,disease_up_drug_down,reference_control,reference_control
Entinostat,functional,BACH2,60468,BACH2,0,0.0,15,1,149.0,down,up,up,disease_down_drug_up,reference_control,reference_control
Entinostat,functional,MAN1C1,57134,MAN1C1,0,0.0,55,1,150.0,down,up,up,disease_down_drug_up,reference_control,reference_control
Entinostat,functional,DTYMK,1841,DTYMK,2,1.955,1,59,151.0,up,down,down,disease_up_drug_down,reference_control,reference_control
Entinostat,functional,BUB1,699,BUB1,33,29.509,1,59,152.0,up,down,down,disease_up_drug_down,reference_control,reference_control
Entinostat,functional,CKS2,1164,CKS2,10,8.764999999999999,1,59,153.0,up,down,down,disease_up_drug_down,reference_control,reference_control
Entinostat,functional,STAB2,55576,STAB2,1,0.886,5,4,154.0,down,up,up,disease_down_drug_up,reference_control,reference_control
Entinostat,functional,RECQL4,9401,RECQL4,9,7.851,1,59,155.0,up,down,down,disease_up_drug_down,reference_control,reference_control
Entinostat,functional,CCNI,10983,CCNI,0,0.0,19,1,156.0,down,up,up,disease_down_drug_up,reference_control,reference_control
Entinostat,functional,SKA1,220134,SKA1,15,12.105000000000002,1,59,157.0,up,down,down,disease_up_drug_down,reference_control,reference_control
Entinostat,functional,POLE3,54107,POLE3,6,4.817,1,59,158.0,up,down,down,disease_up_drug_down,reference_control,reference_control
Entinostat,functional,EPAS1,2034,EPAS1,0,0.0,31,1,159.0,down,up,up,disease_down_drug_up,reference_control,reference_control
Entinostat,functional,MRPL9,65005,MRPL9,3,2.863,2,35,160.0,up,down,down,disease_up_drug_down,reference_control,reference_control
Entinostat,functional,GPC3,2719,GPC3,0,0.0,40,1,161.0,down,up,up,disease_down_drug_up,reference_control,reference_control
Entinostat,functional,MCM3,4172,MCM3,24,20.532,1,59,162.0,up,down,down,disease_up_drug_down,reference_control,reference_control
Entinostat,functional,ADRM1,11047,ADRM1,0,0.0,11,1,163.0,up,down,down,disease_up_drug_down,reference_control,reference_control
Entinostat,functional,C1orf35,79169,C1orf35,0,0.0,17,1,164.0,up,down,down,disease_up_drug_down,reference_control,reference_control
Entinostat,functional,SNRPA1,6627,SNRPA1,7,6.875,2,35,165.0,up,down,down,disease_up_drug_down,reference_control,reference_control
Entinostat,functional,CEP55,55165,CEP55,26,22.835,1,59,166.0,up,down,down,disease_up_drug_down,reference_control,reference_control
Entinostat,functional,SPC25,57405,SPC25,15,12.584,1,59,167.0,up,down,down,disease_up_drug_down,reference_control,reference_control
Entinostat,functional,BAX,581,BAX,1,0.774,2,35,168.0,up,down,down,disease_up_drug_down,reference_control,reference_control
Entinostat,functional,TAC1,6863,TAC1,1,0.756,8,2,169.0,down,up,up,disease_down_drug_up,reference_control,reference_control
Entinostat,functional,KIF15,56992,KIF15,25,20.980000000000004,1,59,170.0,up,down,down,disease_up_drug_down,reference_control,reference_control
Entinostat,functional,DKC1,1736,DKC1,13,11.443,2,35,171.0,up,down,down,disease_up_drug_down,reference_control,reference_control
Entinostat,functional,RCAN1,1827,RCAN1,0,0.0,71,1,172.0,down,up,up,disease_down_drug_up,reference_control,reference_control
Entinostat,functional,PKNOX2,63876,PKNOX2,0,0.0,69,1,173.0,down,up,up,disease_down_drug_up,reference_control,reference_control
Entinostat,functional,TCERG1,10915,TCERG1,6,5.301,2,35,174.0,up,down,down,disease_up_drug_down,reference_control,reference_control
Entinostat,functional,HSD11B1,3290,HSD11B1,0,0.0,46,1,175.0,down,up,up,disease_down_drug_up,reference_control,reference_control
Entinostat,functional,MRPS12,6183,MRPS12,7,6.029,2,35,176.0,up,down,down,disease_up_drug_down,reference_control,reference_control
Entinostat,functional,GOLT1B,51026,GOLT1B,0,0.0,39,1,177.0,up,down,down,disease_up_drug_down,reference_control,reference_control
Entinostat,functional,S1PR1,1901,S1PR1,0,0.0,75,1,178.0,down,up,up,disease_down_drug_up,reference_control,reference_control
Entinostat,functional,NUDT1,4521,NUDT1,0,0.0,63,1,179.0,up,down,down,disease_up_drug_down,reference_control,reference_control
Entinostat,functional,ASAP3,55616,ASAP3,0,0.0,14,1,180.0,down,up,up,disease_down_drug_up,reference_control,reference_control
Entinostat,functional,DDX27,55661,DDX27,9,8.052,2,35,181.0,up,down,down,disease_up_drug_down,reference_control,reference_control
Entinostat,functional,SLC35B1,10237,SLC35B1,0,0.0,78,1,182.0,up,down,down,disease_up_drug_down,reference_control,reference_control
Entinostat,functional,ZNF668,79759,ZNF668,0,0.0,92,1,183.0,up,down,down,disease_up_drug_down,reference_control,reference_control
Entinostat,functional,RPP40,10799,RPP40,1,0.997,2,35,184.0,up,down,down,disease_up_drug_down,reference_control,reference_control
Entinostat,functional,AOC3,8639,AOC3,1,0.959,3,5,185.0,down,up,up,disease_down_drug_up,reference_control,reference_control
Entinostat,functional,SYNPO,11346,SYNPO,0,0.0,83,1,186.0,down,up,up,disease_down_drug_up,reference_control,reference_control
Entinostat,functional,TOMM40,10452,TOMM40,0,0.0,87,1,187.0,up,down,down,disease_up_drug_down,reference_control,reference_control
Entinostat,functional,HDGF,3068,HDGF,0,0.0,45,1,188.0,up,down,down,disease_up_drug_down,reference_control,reference_control
Entinostat,functional,TCF21,6943,TCF21,0,0.0,84,1,189.0,down,up,up,disease_down_drug_up,reference_control,reference_control
Entinostat,functional,PRX,57716,PRX,1,0.908,4,4,190.0,down,up,up,disease_down_drug_up,reference_control,reference_control
Entinostat,functional,SHBG,6462,SHBG,0,0.0,77,1,191.0,down,up,up,disease_down_drug_up,reference_control,reference_control
Entinostat,functional,BUD31,8896,BUD31,4,3.891,2,35,192.0,up,down,down,disease_up_drug_down,reference_control,reference_control
Entinostat,functional,SNRPC,6631,SNRPC,5,4.724,2,35,193.0,up,down,down,disease_up_drug_down,reference_control,reference_control
Entinostat,functional,UBAP2L,9898,UBAP2L,1,0.903,9,2,194.0,up,down,down,disease_up_drug_down,reference_control,reference_control
Entinostat,functional,SNRPB2,6629,SNRPB2,6,5.711,2,35,195.0,up,down,down,disease_up_drug_down,reference_control,reference_control
Entinostat,functional,MRPS34,65993,MRPS34,3,2.817,2,35,196.0,up,down,down,disease_up_drug_down,reference_control,reference_control
Entinostat,functional,SLC46A3,283537,SLC46A3,0,0.0,79,1,197.0,down,up,up,disease_down_drug_up,reference_control,reference_control
Entinostat,functional,REEP4,80346,REEP4,0,0.0,72,1,198.0,up,down,down,disease_up_drug_down,reference_control,reference_control
Entinostat,functional,GADD45GIP1,90480,GADD45GIP1,3,2.788,2,35,199.0,up,down,down,disease_up_drug_down,reference_control,reference_control
Entinostat,functional,EMCN,51705,EMCN,2,1.5,5,4,200.0,down,up,up,disease_down_drug_up,reference_control,reference_control
Vorinostat,physical,ATP1B2,482,ATP1B2,0,0.0,24,1,1.0,down,up,up,disease_down_drug_up,reference_control,reference_control
Vorinostat,physical,FBLN5,10516,FBLN5,0,0.0,53,1,2.0,down,up,up,disease_down_drug_up,reference_control,reference_control
Vorinostat,physical,CDT1,81620,CDT1,3,2.856,2,11,3.0,up,down,down,disease_up_drug_down,reference_control,reference_control
Vorinostat,physical,MCM2,4171,MCM2,7,6.637,2,11,4.0,up,down,down,disease_up_drug_down,reference_control,reference_control
Vorinostat,physical,LMNB2,84823,LMNB2,1,0.998,1,31,5.0,up,down,down,disease_up_drug_down,reference_control,reference_control
Vorinostat,physical,GPX3,2878,GPX3,0,0.0,59,1,6.0,down,up,up,disease_down_drug_up,reference_control,reference_control
Vorinostat,physical,CLN6,54982,CLN6,0,0.0,37,1,7.0,up,down,down,disease_up_drug_down,reference_control,reference_control
Vorinostat,physical,TCF21,6943,TCF21,0,0.0,129,1,8.0,down,up,up,disease_down_drug_up,reference_control,reference_control
Vorinostat,physical,FOXM1,2305,FOXM1,2,1.71,1,31,9.0,up,down,down,disease_up_drug_down,reference_control,reference_control
Vorinostat,physical,CCNB2,9133,CCNB2,4,3.311,1,31,10.0,up,down,down,disease_up_drug_down,reference_control,reference_control
Vorinostat,physical,KIF4A,24137,KIF4A,1,0.76,10,2,11.0,up,down,down,disease_up_drug_down,reference_control,reference_control
Vorinostat,physical,AKAP12,9590,AKAP12,0,0.0,16,1,12.0,down,up,up,disease_down_drug_up,reference_control,reference_control
Vorinostat,physical,TTK,7272,TTK,0,0.0,136,1,13.0,up,down,down,disease_up_drug_down,reference_control,reference_control
Vorinostat,physical,NCAPH,23397,NCAPH,0,0.0,84,1,14.0,up,down,down,disease_up_drug_down,reference_control,reference_control
Vorinostat,physical,ZNF282,8427,ZNF282,0,0.0,145,1,15.0,up,down,down,disease_up_drug_down,reference_control,reference_control
Vorinostat,physical,SPC25,57405,SPC25,3,2.586,1,31,16.0,up,down,down,disease_up_drug_down,reference_control,reference_control
Vorinostat,physical,TRIB3,57761,TRIB3,0,0.0,135,1,17.0,up,down,down,disease_up_drug_down,reference_control,reference_control
Vorinostat,physical,ECT2,1894,ECT2,0,0.0,48,1,18.0,up,down,down,disease_up_drug_down,reference_control,reference_control
Vorinostat,physical,PLK1,5347,PLK1,11,9.626,1,31,19.0,up,down,down,disease_up_drug_down,reference_control,reference_control
Vorinostat,physical,CDK4,1019,CDK4,4,3.566,1,31,20.0,up,down,down,disease_up_drug_down,reference_control,reference_control
Vorinostat,physical,FOSB,2354,FOSB,1,0.998,8,2,21.0,down,up,up,disease_down_drug_up,reference_control,reference_control
Vorinostat,physical,GTSE1,51512,GTSE1,1,0.926,1,31,22.0,up,down,down,disease_up_drug_down,reference_control,reference_control
Vorinostat,physical,KIF18B,146909,KIF18B,0,0.0,70,1,23.0,up,down,down,disease_up_drug_down,reference_control,reference_control
Vorinostat,physical,DEPDC1,55635,DEPDC1,0,0.0,41,1,24.0,up,down,down,disease_up_drug_down,reference_control,reference_control
Vorinostat,physical,GNG7,2788,GNG7,0,0.0,57,1,25.0,down,up,up,disease_down_drug_up,reference_control,reference_control
Vorinostat,physical,ZWINT,11130,ZWINT,5,4.249,1,31,26.0,up,down,down,disease_up_drug_down,reference_control,reference_control
Vorinostat,physical,KIF15,56992,KIF15,0,0.0,69,1,27.0,up,down,down,disease_up_drug_down,reference_control,reference_control
Vorinostat,physical,PTGDS,5730,PTGDS,0,0.0,107,1,28.0,down,up,up,disease_down_drug_up,reference_control,reference_control
Vorinostat,physical,SKA1,220134,SKA1,5,4.069999999999999,1,31,29.0,up,down,down,disease_up_drug_down,reference_control,reference_control
Vorinostat,physical,PRC1,9055,PRC1,0,0.0,104,1,30.0,up,down,down,disease_up_drug_down,reference_control,reference_control
Vorinostat,physical,ARHGAP11A,9824,ARHGAP11A,0,0.0,21,1,31.0,up,down,down,disease_up_drug_down,reference_control,reference_control
Vorinostat,physical,POLE2,5427,POLE2,8,7.208,2,11,32.0,up,down,down,disease_up_drug_down,reference_control,reference_control
Vorinostat,physical,RAD51,5888,RAD51,6,4.963,1,31,33.0,up,down,down,disease_up_drug_down,reference_control,reference_control
Vorinostat,physical,SLC25A20,788,SLC25A20,0,0.0,124,1,34.0,down,up,up,disease_down_drug_up,reference_control,reference_control
Vorinostat,physical,CENPM,79019,CENPM,1,0.994,6,2,35.0,up,down,down,disease_up_drug_down,reference_control,reference_control
Vorinostat,physical,MYO19,80179,MYO19,0,0.0,81,1,36.0,up,down,down,disease_up_drug_down,reference_control,reference_control
Vorinostat,physical,ALAD,210,ALAD,0,0.0,18,1,37.0,down,up,up,disease_down_drug_up,reference_control,reference_control
Vorinostat,physical,STX12,23673,STX12,0,0.0,127,1,38.0,down,up,up,disease_down_drug_up,reference_control,reference_control
Vorinostat,physical,PLK4,10733,PLK4,0,0.0,101,1,39.0,up,down,down,disease_up_drug_down,reference_control,reference_control
Vorinostat,physical,CCNA2,890,CCNA2,6,5.144,1,31,40.0,up,down,down,disease_up_drug_down,reference_control,reference_control
Vorinostat,physical,ZFP64,55734,ZFP64,0,0.0,143,1,41.0,up,down,down,disease_up_drug_down,reference_control,reference_control
Vorinostat,physical,HJURP,55355,HJURP,1,0.716,9,2,42.0,up,down,down,disease_up_drug_down,reference_control,reference_control
Vorinostat,physical,MCM7,4176,MCM7,7,6.657,2,11,43.0,up,down,down,disease_up_drug_down,reference_control,reference_control
Vorinostat,physical,MAD2L1,4085,MAD2L1,3,2.764,1,31,44.0,up,down,down,disease_up_drug_down,reference_control,reference_control
Vorinostat,physical,FAM107A,11170,FAM107A,0,0.0,50,1,45.0,down,up,up,disease_down_drug_up,reference_control,reference_control
Vorinostat,physical,TROAP,10024,TROAP,1,0.926,5,3,46.0,up,down,down,disease_up_drug_down,reference_control,reference_control
Vorinostat,physical,MKI67,4288,MKI67,0,0.0,76,1,47.0,up,down,down,disease_up_drug_down,reference_control,reference_control
Vorinostat,physical,CDCA8,55143,CDCA8,0,0.0,31,1,48.0,up,down,down,disease_up_drug_down,reference_control,reference_control
Vorinostat,physical,RRM2,6241,RRM2,0,0.0,120,1,49.0,up,down,down,disease_up_drug_down,reference_control,reference_control
Vorinostat,physical,FEN1,2237,FEN1,1,0.883,2,11,50.0,up,down,down,disease_up_drug_down,reference_control,reference_control
Vorinostat,physical,PTBP1,5725,PTBP1,2,1.554,3,4,51.0,up,down,down,disease_up_drug_down,reference_control,reference_control
Vorinostat,physical,ERCC6L,54821,ERCC6L,1,0.95,1,31,52.0,up,down,down,disease_up_drug_down,reference_control,reference_control
Vorinostat,physical,FANCI,55215,FANCI,2,1.834,1,31,53.0,up,down,down,disease_up_drug_down,reference_control,reference_control
Vorinostat,physical,OIP5,11339,OIP5,1,0.716,9,2,54.0,up,down,down,disease_up_drug_down,reference_control,reference_control
Vorinostat,physical,FAM117A,81558,FAM117A,0,0.0,51,1,55.0,down,up,up,disease_down_drug_up,reference_control,reference_control
Vorinostat,physical,KCNK3,3777,KCNK3,0,0.0,68,1,56.0,down,up,up,disease_down_drug_up,reference_control,reference_control
Vorinostat,physical,ZNF331,55422,ZNF331,0,0.0,146,1,57.0,down,up,up,disease_down_drug_up,reference_control,reference_control
Vorinostat,physical,CDCA3,83461,CDCA3,0,0.0,30,1,58.0,up,down,down,disease_up_drug_down,reference_control,reference_control
Vorinostat,physical,RHOB,388,RHOB,0,0.0,119,1,59.0,down,up,up,disease_down_drug_up,reference_control,reference_control
Vorinostat,physical,UBE2C,11065,UBE2C,5,3.86,1,31,60.0,up,down,down,disease_up_drug_down,reference_control,reference_control
Vorinostat,physical,CENPF,1063,CENPF,5,4.156,1,31,61.0,up,down,down,disease_up_drug_down,reference_control,reference_control
Vorinostat,physical,THOC6,79228,THOC6,0,0.0,132,1,62.0,up,down,down,disease_up_drug_down,reference_control,reference_control
Vorinostat,physical,NEIL3,55247,NEIL3,0,0.0,85,1,63.0,up,down,down,disease_up_drug_down,reference_control,reference_control
Vorinostat,physical,PUS1,80324,PUS1,0,0.0,109,1,64.0,up,down,down,disease_up_drug_down,reference_control,reference_control
Vorinostat,physical,RAN,5901,RAN,0,0.0,111,1,65.0,up,down,down,disease_up_drug_down,reference_control,reference_control
Vorinostat,physical,AURKA,6790,AURKA,5,4.409,1,31,66.0,up,down,down,disease_up_drug_down,reference_control,reference_control
Vorinostat,physical,NMT2,9397,NMT2,0,0.0,87,1,67.0,down,up,up,disease_down_drug_up,reference_control,reference_control
Vorinostat,physical,PRKAR2B,5577,PRKAR2B,0,0.0,105,1,68.0,down,up,up,disease_down_drug_up,reference_control,reference_control
Vorinostat,physical,LMNB1,4001,LMNB1,3,2.53,1,31,69.0,up,down,down,disease_up_drug_down,reference_control,reference_control
Vorinostat,physical,TRIP13,9319,TRIP13,1,0.961,1,31,70.0,up,down,down,disease_up_drug_down,reference_control,reference_control
Vorinostat,physical,CDKN1C,1028,CDKN1C,2,1.895,1,31,71.0,down,up,up,disease_down_drug_up,reference_control,reference_control
Vorinostat,physical,SUV39H1,6839,SUV39H1,1,0.991,7,2,72.0,up,down,down,disease_up_drug_down,reference_control,reference_control
Vorinostat,physical,PALB2,79728,PALB2,4,3.834,1,31,73.0,up,down,down,disease_up_drug_down,reference_control,reference_control
Vorinostat,physical,CLEC3B,7123,CLEC3B,0,0.0,36,1,74.0,down,up,up,disease_down_drug_up,reference_control,reference_control
Vorinostat,physical,YARS2,51067,YARS2,0,0.0,141,1,75.0,up,down,down,disease_up_drug_down,reference_control,reference_control
Vorinostat,physical,CCDC86,79080,CCDC86,0,0.0,29,1,76.0,up,down,down,disease_up_drug_down,reference_control,reference_control
Vorinostat,physical,TACC3,10460,TACC3,1,0.984,1,31,77.0,up,down,down,disease_up_drug_down,reference_control,reference_control
Vorinostat,physical,UCK2,7371,UCK2,0,0.0,139,1,78.0,up,down,down,disease_up_drug_down,reference_control,reference_control
Vorinostat,physical,TYMS,7298,TYMS,0,0.0,138,1,79.0,up,down,down,disease_up_drug_down,reference_control,reference_control
Vorinostat,physical,COL4A3,1285,COL4A3,0,0.0,39,1,80.0,down,up,up,disease_down_drug_up,reference_control,reference_control
Vorinostat,physical,MRPL9,65005,MRPL9,0,0.0,80,1,81.0,up,down,down,disease_up_drug_down,reference_control,reference_control
Vorinostat,physical,TPX2,22974,TPX2,1,0.999,1,31,82.0,up,down,down,disease_up_drug_down,reference_control,reference_control
Vorinostat,physical,CCNB1,891,CCNB1,8,6.821999999999999,1,31,83.0,up,down,down,disease_up_drug_down,reference_control,reference_control
Vorinostat,physical,SLC46A3,283537,SLC46A3,0,0.0,125,1,84.0,down,up,up,disease_down_drug_up,reference_control,reference_control
Vorinostat,physical,HDGF,3068,HDGF,0,0.0,61,1,85.0,up,down,down,disease_up_drug_down,reference_control,reference_control
Vorinostat,physical,NDC80,10403,NDC80,8,6.470999999999999,1,31,86.0,up,down,down,disease_up_drug_down,reference_control,reference_control
Vorinostat,physical,CDK2AP1,8099,CDK2AP1,0,0.0,32,1,87.0,up,down,down,disease_up_drug_down,reference_control,reference_control
Vorinostat,physical,KIFC1,3833,KIFC1,0,0.0,72,1,88.0,up,down,down,disease_up_drug_down,reference_control,reference_control
Vorinostat,physical,FBXO3,26273,FBXO3,0,0.0,54,1,89.0,down,up,up,disease_down_drug_up,reference_control,reference_control
Vorinostat,physical,PJA2,9867,PJA2,0,0.0,98,1,90.0,down,up,up,disease_down_drug_up,reference_control,reference_control
Vorinostat,physical,PLOD3,8985,PLOD3,0,0.0,102,1,91.0,up,down,down,disease_up_drug_down,reference_control,reference_control
Vorinostat,physical,CNPY2,10330,CNPY2,0,0.0,38,1,92.0,up,down,down,disease_up_drug_down,reference_control,reference_control
Vorinostat,physical,RGN,9104,RGN,0,0.0,117,1,93.0,down,up,up,disease_down_drug_up,reference_control,reference_control
Vorinostat,physical,METTL1,4234,METTL1,0,0.0,75,1,94.0,up,down,down,disease_up_drug_down,reference_control,reference_control
Vorinostat,physical,CASP9,842,CASP9,0,0.0,26,1,95.0,down,up,up,disease_down_drug_up,reference_control,reference_control
Vorinostat,physical,DNAJB4,11080,DNAJB4,0,0.0,43,1,96.0,down,up,up,disease_down_drug_up,reference_control,reference_control
Vorinostat,physical,HGF,3082,HGF,0,0.0,62,1,97.0,down,up,up,disease_down_drug_up,reference_control,reference_control
Vorinostat,physical,LTBP4,8425,LTBP4,0,0.0,73,1,98.0,down,up,up,disease_down_drug_up,reference_control,reference_control
Vorinostat,physical,CCDC69,26112,CCDC69,0,0.0,28,1,99.0,down,up,up,disease_down_drug_up,reference_control,reference_control
Vorinostat,physical,NR3C2,4306,NR3C2,0,0.0,89,1,100.0,down,up,up,disease_down_drug_up,reference_control,reference_control
Vorinostat,physical,HADHA,3030,HADHA,0,0.0,60,1,101.0,down,up,up,disease_down_drug_up,reference_control,reference_control
Vorinostat,physical,ASPM,259266,ASPM,0,0.0,23,1,102.0,up,down,down,disease_up_drug_down,reference_control,reference_control
Vorinostat,physical,BUB1,699,BUB1,7,5.732999999999999,1,31,103.0,up,down,down,disease_up_drug_down,reference_control,reference_control
Vorinostat,physical,BYSL,705,BYSL,2,1.908,5,3,104.0,up,down,down,disease_up_drug_down,reference_control,reference_control
Vorinostat,physical,RRP1,8568,RRP1,2,1.5699999999999998,4,4,105.0,up,down,down,disease_up_drug_down,reference_control,reference_control
Vorinostat,physical,DDX56,54606,DDX56,0,0.0,40,1,106.0,up,down,down,disease_up_drug_down,reference_control,reference_control
Vorinostat,physical,DTYMK,1841,DTYMK,0,0.0,46,1,107.0,up,down,down,disease_up_drug_down,reference_control,reference_control
Vorinostat,physical,NR4A1,3164,NR4A1,0,0.0,90,1,108.0,down,up,up,disease_down_drug_up,reference_control,reference_control
Vorinostat,physical,CHAF1A,10036,CHAF1A,0,0.0,33,1,109.0,up,down,down,disease_up_drug_down,reference_control,reference_control
Vorinostat,physical,HSDL2,84263,HSDL2,0,0.0,64,1,110.0,down,up,up,disease_down_drug_up,reference_control,reference_control
Vorinostat,physical,REXO4,57109,REXO4,0,0.0,116,1,111.0,up,down,down,disease_up_drug_down,reference_control,reference_control
Vorinostat,physical,MMP13,4322,MMP13,0,0.0,77,1,112.0,up,down,down,disease_up_drug_down,reference_control,reference_control
Vorinostat,physical,PEX3,8504,PEX3,0,0.0,96,1,113.0,down,up,up,disease_down_drug_up,reference_control,reference_control
Vorinostat,physical,CCDC28A,25901,CCDC28A,0,0.0,27,1,114.0,down,up,up,disease_down_drug_up,reference_control,reference_control
Vorinostat,physical,PUF60,22827,PUF60,0,0.0,108,1,115.0,up,down,down,disease_up_drug_down,reference_control,reference_control
Vorinostat,physical,NAALAD2,10003,NAALAD2,0,0.0,82,1,116.0,down,up,up,disease_down_drug_up,reference_control,reference_control
Vorinostat,physical,NOP2,4839,NOP2,0,0.0,88,1,117.0,up,down,down,disease_up_drug_down,reference_control,reference_control
Vorinostat,physical,CITED2,10370,CITED2,0,0.0,34,1,118.0,down,up,up,disease_down_drug_up,reference_control,reference_control
Vorinostat,physical,RGS2,5997,RGS2,0,0.0,118,1,119.0,down,up,up,disease_down_drug_up,reference_control,reference_control
Vorinostat,physical,KIF22,3835,KIF22,0,0.0,71,1,120.0,up,down,down,disease_up_drug_down,reference_control,reference_control
Vorinostat,physical,RECK,8434,RECK,0,0.0,115,1,121.0,down,up,up,disease_down_drug_up,reference_control,reference_control
Vorinostat,physical,PAIP2B,400961,PAIP2B,0,0.0,94,1,122.0,down,up,up,disease_down_drug_up,reference_control,reference_control
Vorinostat,physical,FOS,2353,FOS,1,0.998,8,2,123.0,down,up,up,disease_down_drug_up,reference_control,reference_control
Vorinostat,physical,BUB1B,701,BUB1B,13,11.277000000000005,1,31,124.0,up,down,down,disease_up_drug_down,reference_control,reference_control
Vorinostat,physical,ADAMTS20,80070,ADAMTS20,0,0.0,15,1,125.0,up,down,down,disease_up_drug_down,reference_control,reference_control
Vorinostat,physical,ZCCHC24,219654,ZCCHC24,0,0.0,142,1,126.0,down,up,up,disease_down_drug_up,reference_control,reference_control
Vorinostat,physical,SNX2,6643,SNX2,0,0.0,126,1,127.0,down,up,up,disease_down_drug_up,reference_control,reference_control
Vorinostat,physical,TIMP3,7078,TIMP3,0,0.0,133,1,128.0,down,up,up,disease_down_drug_up,reference_control,reference_control
Vorinostat,physical,TFAP4,7023,TFAP4,0,0.0,131,1,129.0,up,down,down,disease_up_drug_down,reference_control,reference_control
Vorinostat,physical,AQP4,361,AQP4,0,0.0,20,1,130.0,down,up,up,disease_down_drug_up,reference_control,reference_control
Vorinostat,physical,SHMT2,6472,SHMT2,0,0.0,122,1,131.0,up,down,down,disease_up_drug_down,reference_control,reference_control
Vorinostat,physical,WDHD1,11169,WDHD1,6,5.489,2,11,132.0,up,down,down,disease_up_drug_down,reference_control,reference_control
Vorinostat,physical,PES1,23481,PES1,3,2.391,4,4,133.0,up,down,down,disease_up_drug_down,reference_control,reference_control
Vorinostat,physical,IL11RA,3590,IL11RA,0,0.0,66,1,134.0,down,up,up,disease_down_drug_up,reference_control,reference_control
Vorinostat,physical,NAP1L3,4675,NAP1L3,0,0.0,83,1,135.0,down,up,up,disease_down_drug_up,reference_control,reference_control
Vorinostat,physical,DLGAP5,9787,DLGAP5,0,0.0,42,1,136.0,up,down,down,disease_up_drug_down,reference_control,reference_control
Vorinostat,physical,PRR11,55771,PRR11,0,0.0,106,1,137.0,up,down,down,disease_up_drug_down,reference_control,reference_control
Vorinostat,physical,POLD1,5424,POLD1,3,2.805,2,11,138.0,up,down,down,disease_up_drug_down,reference_control,reference_control
Vorinostat,physical,RAD54L,8438,RAD54L,1,0.732,1,31,139.0,up,down,down,disease_up_drug_down,reference_control,reference_control
Vorinostat,physical,GINS2,51659,GINS2,6,5.692,2,11,140.0,up,down,down,disease_up_drug_down,reference_control,reference_control
Vorinostat,physical,NFIL3,4783,NFIL3,0,0.0,86,1,141.0,down,up,up,disease_down_drug_up,reference_control,reference_control
Vorinostat,physical,DNAJC2,27000,DNAJC2,0,0.0,44,1,142.0,up,down,down,disease_up_drug_down,reference_control,reference_control
Vorinostat,physical,POLA2,23649,POLA2,2,1.892,2,11,143.0,up,down,down,disease_up_drug_down,reference_control,reference_control
Vorinostat,physical,GADD45B,4616,GADD45B,0,0.0,56,1,144.0,down,up,up,disease_down_drug_up,reference_control,reference_control
Vorinostat,physical,ZNF695,57116,ZNF695,0,0.0,147,1,145.0,up,down,down,disease_up_drug_down,reference_control,reference_control
Vorinostat,physical,PYCR1,5831,PYCR1,0,0.0,110,1,146.0,up,down,down,disease_up_drug_down,reference_control,reference_control
Vorinostat,physical,ZHX3,23051,ZHX3,0,0.0,144,1,147.0,down,up,up,disease_down_drug_up,reference_control,reference_control
Vorinostat,physical,WDR74,54663,WDR74,2,1.704,4,4,148.0,up,down,down,disease_up_drug_down,reference_control,reference_control
Vorinostat,physical,DSTN,11034,DSTN,0,0.0,45,1,149.0,down,up,up,disease_down_drug_up,reference_control,reference_control
Vorinostat,physical,PKMYT1,9088,PKMYT1,0,0.0,99,1,150.0,up,down,down,disease_up_drug_down,reference_control,reference_control
Vorinostat,physical,SYNE1,23345,SYNE1,1,0.808,1,31,151.0,down,up,up,disease_down_drug_up,reference_control,reference_control
Vorinostat,physical,ACO1,48,ACO1,0,0.0,12,1,152.0,down,up,up,disease_down_drug_up,reference_control,reference_control
Vorinostat,physical,WASF3,10810,WASF3,0,0.0,140,1,153.0,down,up,up,disease_down_drug_up,reference_control,reference_control
Vorinostat,physical,AOX1,316,AOX1,0,0.0,19,1,154.0,down,up,up,disease_down_drug_up,reference_control,reference_control
Vorinostat,physical,MRM1,79922,MRM1,0,0.0,79,1,155.0,up,down,down,disease_up_drug_down,reference_control,reference_control
Vorinostat,physical,GPC3,2719,GPC3,0,0.0,58,1,156.0,down,up,up,disease_down_drug_up,reference_control,reference_control
Vorinostat,physical,U2AF2,11338,U2AF2,1,0.836,3,4,157.0,up,down,down,disease_up_drug_down,reference_control,reference_control
Vorinostat,physical,SNRPA,6626,SNRPA,2,1.644,3,4,158.0,up,down,down,disease_up_drug_down,reference_control,reference_control
Vorinostat,physical,HNRNPAB,3182,HNRNPAB,1,0.746,3,4,159.0,up,down,down,disease_up_drug_down,reference_control,reference_control
Vorinostat,physical,HIF3A,64344,HIF3A,0,0.0,63,1,160.0,down,up,up,disease_down_drug_up,reference_control,reference_control
Vorinostat,physical,TIMELESS,8914,TIMELESS,6,5.538,2,11,161.0,up,down,down,disease_up_drug_down,reference_control,reference_control
Vorinostat,physical,ECHDC3,79746,ECHDC3,0,0.0,47,1,162.0,down,up,up,disease_down_drug_up,reference_control,reference_control
Vorinostat,physical,NR4A2,4929,NR4A2,0,0.0,91,1,163.0,down,up,up,disease_down_drug_up,reference_control,reference_control
Vorinostat,physical,PFDN4,5203,PFDN4,0,0.0,97,1,164.0,up,down,down,disease_up_drug_down,reference_control,reference_control
Vorinostat,physical,HSF1,3297,HSF1,0,0.0,65,1,165.0,up,down,down,disease_up_drug_down,reference_control,reference_control
Vorinostat,physical,TXNIP,10628,TXNIP,0,0.0,137,1,166.0,down,up,up,disease_down_drug_up,reference_control,reference_control
Vorinostat,physical,MOAP1,64112,MOAP1,0,0.0,78,1,167.0,down,up,up,disease_down_drug_up,reference_control,reference_control
Vorinostat,physical,KIF20A,10112,KIF20A,1,0.76,10,2,168.0,up,down,down,disease_up_drug_down,reference_control,reference_control
Vorinostat,physical,FAM8A1,51439,FAM8A1,0,0.0,52,1,169.0,down,up,up,disease_down_drug_up,reference_control,reference_control
Vorinostat,physical,MAGOHB,55110,MAGOHB,0,0.0,74,1,170.0,up,down,down,disease_up_drug_down,reference_control,reference_control
Vorinostat,physical,POLQ,10721,POLQ,0,0.0,103,1,171.0,up,down,down,disease_up_drug_down,reference_control,reference_control
Vorinostat,physical,RAP1A,5906,RAP1A,0,0.0,112,1,172.0,down,up,up,disease_down_drug_up,reference_control,reference_control
Vorinostat,physical,ACSF2,80221,ACSF2,0,0.0,13,1,173.0,down,up,up,disease_down_drug_up,reference_control,reference_control
Vorinostat,physical,NUDT1,4521,NUDT1,0,0.0,93,1,174.0,up,down,down,disease_up_drug_down,reference_control,reference_control
Vorinostat,physical,CENPN,55839,CENPN,1,0.994,6,2,175.0,up,down,down,disease_up_drug_down,reference_control,reference_control
Vorinostat,physical,RUNDC3B,154661,RUNDC3B,0,0.0,121,1,176.0,down,up,up,disease_down_drug_up,reference_control,reference_control
Vorinostat,physical,RRS1,23212,RRS1,1,0.773,4,4,177.0,up,down,down,disease_up_drug_down,reference_control,reference_control
Vorinostat,physical,SLC17A7,57030,SLC17A7,0,0.0,123,1,178.0,down,up,up,disease_down_drug_up,reference_control,reference_control
Vorinostat,physical,IRAK1,3654,IRAK1,0,0.0,67,1,179.0,up,down,down,disease_up_drug_down,reference_control,reference_control
Vorinostat,physical,FOXO4,4303,FOXO4,0,0.0,55,1,180.0,down,up,up,disease_down_drug_up,reference_control,reference_control
Vorinostat,physical,NR4A3,8013,NR4A3,0,0.0,92,1,181.0,down,up,up,disease_down_drug_up,reference_control,reference_control
Vorinostat,physical,ADAM12,8038,ADAM12,0,0.0,14,1,182.0,up,down,down,disease_up_drug_down,reference_control,reference_control
Vorinostat,physical,NAT10,55226,NAT10,1,0.982,5,3,183.0,up,down,down,disease_up_drug_down,reference_control,reference_control
Vorinostat,physical,CALCOCO1,57658,CALCOCO1,0,0.0,25,1,184.0,down,up,up,disease_down_drug_up,reference_control,reference_control
Vorinostat,physical,ABHD6,57406,ABHD6,0,0.0,11,1,185.0,down,up,up,disease_down_drug_up,reference_control,reference_control
Vorinostat,physical,PCDH9,5101,PCDH9,0,0.0,95,1,186.0,down,up,up,disease_down_drug_up,reference_control,reference_control
Vorinostat,physical,TCERG1,10915,TCERG1,0,0.0,128,1,187.0,up,down,down,disease_up_drug_down,reference_control,reference_control
Vorinostat,physical,EIF4EBP2,1979,EIF4EBP2,0,0.0,49,1,188.0,down,up,up,disease_down_drug_up,reference_control,reference_control
Vorinostat,physical,BRCA2,675,BRCA2,8,7.021999999999999,1,31,189.0,up,down,down,disease_up_drug_down,reference_control,reference_control
Vorinostat,physical,AKTIP,64400,AKTIP,0,0.0,17,1,190.0,down,up,up,disease_down_drug_up,reference_control,reference_control
Vorinostat,physical,CKAP2,26586,CKAP2,0,0.0,35,1,191.0,up,down,down,disease_up_drug_down,reference_control,reference_control
Vorinostat,physical,PKNOX2,63876,PKNOX2,0,0.0,100,1,192.0,down,up,up,disease_down_drug_up,reference_control,reference_control
Vorinostat,physical,KEAP1,9817,KEAP1,1,0.964,1,31,193.0,up,down,down,disease_up_drug_down,reference_control,reference_control
Vorinostat,physical,ASAP3,55616,ASAP3,0,0.0,22,1,194.0,down,up,up,disease_down_drug_up,reference_control,reference_control
Vorinostat,physical,TEX2,55852,TEX2,0,0.0,130,1,195.0,down,up,up,disease_down_drug_up,reference_control,reference_control
Vorinostat,physical,TRAK2,66008,TRAK2,0,0.0,134,1,196.0,down,up,up,disease_down_drug_up,reference_control,reference_control
Vorinostat,physical,MCM5,4174,MCM5,7,6.662999999999999,2,11,197.0,up,down,down,disease_up_drug_down,reference_control,reference_control
Vorinostat,physical,DNMT1,1786,DNMT1,1,0.991,7,2,198.0,up,down,down,disease_up_drug_down,reference_control,reference_control
Vorinostat,physical,RASGRP2,10235,RASGRP2,0,0.0,113,1,199.0,down,up,up,disease_down_drug_up,reference_control,reference_control
Vorinostat,physical,RCAN1,1827,RCAN1,0,0.0,114,1,200.0,down,up,up,disease_down_drug_up,reference_control,reference_control
Vorinostat,functional,ATP1B2,482,ATP1B2,0,0.0,18,1,1.0,down,up,up,disease_down_drug_up,reference_control,reference_control
Vorinostat,functional,FBLN5,10516,FBLN5,0,0.0,35,1,2.0,down,up,up,disease_down_drug_up,reference_control,reference_control
Vorinostat,functional,CDT1,81620,CDT1,23,18.899,1,95,3.0,up,down,down,disease_up_drug_down,reference_control,reference_control
Vorinostat,functional,MCM2,4171,MCM2,19,16.936,1,95,4.0,up,down,down,disease_up_drug_down,reference_control,reference_control
Vorinostat,functional,LMNB2,84823,LMNB2,2,1.748,1,95,5.0,up,down,down,disease_up_drug_down,reference_control,reference_control
Vorinostat,functional,GPX3,2878,GPX3,1,0.727,1,95,6.0,down,up,up,disease_down_drug_up,reference_control,reference_control
Vorinostat,functional,CLN6,54982,CLN6,0,0.0,26,1,7.0,up,down,down,disease_up_drug_down,reference_control,reference_control
Vorinostat,functional,TCF21,6943,TCF21,0,0.0,75,1,8.0,down,up,up,disease_down_drug_up,reference_control,reference_control
Vorinostat,functional,FOXM1,2305,FOXM1,30,25.979,1,95,9.0,up,down,down,disease_up_drug_down,reference_control,reference_control
Vorinostat,functional,CCNB2,9133,CCNB2,47,41.51200000000002,1,95,10.0,up,down,down,disease_up_drug_down,reference_control,reference_control
Vorinostat,functional,KIF4A,24137,KIF4A,40,34.59,1,95,11.0,up,down,down,disease_up_drug_down,reference_control,reference_control
Vorinostat,functional,AKAP12,9590,AKAP12,0,0.0,13,1,12.0,down,up,up,disease_down_drug_up,reference_control,reference_control
Vorinostat,functional,TTK,7272,TTK,40,34.786,1,95,13.0,up,down,down,disease_up_drug_down,reference_control,reference_control
Vorinostat,functional,NCAPH,23397,NCAPH,26,20.992,1,95,14.0,up,down,down,disease_up_drug_down,reference_control,reference_control
Vorinostat,functional,ZNF282,8427,ZNF282,0,0.0,85,1,15.0,up,down,down,disease_up_drug_down,reference_control,reference_control
Vorinostat,functional,SPC25,57405,SPC25,21,17.639,1,95,16.0,up,down,down,disease_up_drug_down,reference_control,reference_control
Vorinostat,functional,TRIB3,57761,TRIB3,0,0.0,79,1,17.0,up,down,down,disease_up_drug_down,reference_control,reference_control
Vorinostat,functional,ECT2,1894,ECT2,22,18.234,1,95,18.0,up,down,down,disease_up_drug_down,reference_control,reference_control
Vorinostat,functional,PLK1,5347,PLK1,45,39.901,1,95,19.0,up,down,down,disease_up_drug_down,reference_control,reference_control
Vorinostat,functional,CDK4,1019,CDK4,13,10.97,1,95,20.0,up,down,down,disease_up_drug_down,reference_control,reference_control
Vorinostat,functional,FOSB,2354,FOSB,4,3.545,3,5,21.0,down,up,up,disease_down_drug_up,reference_control,reference_control
Vorinostat,functional,GTSE1,51512,GTSE1,12,9.563,1,95,22.0,up,down,down,disease_up_drug_down,reference_control,reference_control
Vorinostat,functional,KIF18B,146909,KIF18B,17,14.009,1,95,23.0,up,down,down,disease_up_drug_down,reference_control,reference_control
Vorinostat,functional,DEPDC1,55635,DEPDC1,22,18.012,1,95,24.0,up,down,down,disease_up_drug_down,reference_control,reference_control
Vorinostat,functional,GNG7,2788,GNG7,0,0.0,38,1,25.0,down,up,up,disease_down_drug_up,reference_control,reference_control
Vorinostat,functional,ZWINT,11130,ZWINT,31,26.828,1,95,26.0,up,down,down,disease_up_drug_down,reference_control,reference_control
Vorinostat,functional,KIF15,56992,KIF15,34,29.024,1,95,27.0,up,down,down,disease_up_drug_down,reference_control,reference_control
Vorinostat,functional,PTGDS,5730,PTGDS,0,0.0,64,1,28.0,down,up,up,disease_down_drug_up,reference_control,reference_control
Vorinostat,functional,SKA1,220134,SKA1,21,16.880999999999997,1,95,29.0,up,down,down,disease_up_drug_down,reference_control,reference_control
Vorinostat,functional,PRC1,9055,PRC1,34,28.985,1,95,30.0,up,down,down,disease_up_drug_down,reference_control,reference_control
Vorinostat,functional,ARHGAP11A,9824,ARHGAP11A,9,6.9830000000000005,1,95,31.0,up,down,down,disease_up_drug_down,reference_control,reference_control
Vorinostat,functional,POLE2,5427,POLE2,12,11.078,1,95,32.0,up,down,down,disease_up_drug_down,reference_control,reference_control
Vorinostat,functional,RAD51,5888,RAD51,29,24.215000000000003,1,95,33.0,up,down,down,disease_up_drug_down,reference_control,reference_control
Vorinostat,functional,SLC25A20,788,SLC25A20,1,0.72,4,4,34.0,down,up,up,disease_down_drug_up,reference_control,reference_control
Vorinostat,functional,CENPM,79019,CENPM,21,17.087999999999997,1,95,35.0,up,down,down,disease_up_drug_down,reference_control,reference_control
Vorinostat,functional,MYO19,80179,MYO19,1,0.816,8,2,36.0,up,down,down,disease_up_drug_down,reference_control,reference_control
Vorinostat,functional,ALAD,210,ALAD,1,0.711,6,2,37.0,down,up,up,disease_down_drug_up,reference_control,reference_control
Vorinostat,functional,STX12,23673,STX12,0,0.0,74,1,38.0,down,up,up,disease_down_drug_up,reference_control,reference_control
Vorinostat,functional,PLK4,10733,PLK4,18,14.912,1,95,39.0,up,down,down,disease_up_drug_down,reference_control,reference_control
Vorinostat,functional,CCNA2,890,CCNA2,52,46.478,1,95,40.0,up,down,down,disease_up_drug_down,reference_control,reference_control
Vorinostat,functional,ZFP64,55734,ZFP64,0,0.0,83,1,41.0,up,down,down,disease_up_drug_down,reference_control,reference_control
Vorinostat,functional,HJURP,55355,HJURP,37,32.15699999999999,1,95,42.0,up,down,down,disease_up_drug_down,reference_control,reference_control
Vorinostat,functional,MCM7,4176,MCM7,22,19.169,1,95,43.0,up,down,down,disease_up_drug_down,reference_control,reference_control
Vorinostat,functional,MAD2L1,4085,MAD2L1,39,34.050000000000004,1,95,44.0,up,down,down,disease_up_drug_down,reference_control,reference_control
Vorinostat,functional,FAM107A,11170,FAM107A,0,0.0,32,1,45.0,down,up,up,disease_down_drug_up,reference_control,reference_control
Vorinostat,functional,TROAP,10024,TROAP,20,15.924999999999995,1,95,46.0,up,down,down,disease_up_drug_down,reference_control,reference_control
Vorinostat,functional,MKI67,4288,MKI67,33,28.434,1,95,47.0,up,down,down,disease_up_drug_down,reference_control,reference_control
Vorinostat,functional,CDCA8,55143,CDCA8,44,38.65100000000001,1,95,48.0,up,down,down,disease_up_drug_down,reference_control,reference_control
Vorinostat,functional,RRM2,6241,RRM2,34,29.643999999999995,1,95,49.0,up,down,down,disease_up_drug_down,reference_control,reference_control
Vorinostat,functional,FEN1,2237,FEN1,20,16.672,1,95,50.0,up,down,down,disease_up_drug_down,reference_control,reference_control
Vorinostat,functional,PTBP1,5725,PTBP1,4,3.612,2,7,51.0,up,down,down,disease_up_drug_down,reference_control,reference_control
Vorinostat,functional,ERCC6L,54821,ERCC6L,10,7.924999999999999,1,95,52.0,up,down,down,disease_up_drug_down,reference_control,reference_control
Vorinostat,functional,FANCI,55215,FANCI,12,9.829999999999998,1,95,53.0,up,down,down,disease_up_drug_down,reference_control,reference_control
Vorinostat,functional,OIP5,11339,OIP5,21,17.16,1,95,54.0,up,down,down,disease_up_drug_down,reference_control,reference_control
Vorinostat,functional,FAM117A,81558,FAM117A,0,0.0,33,1,55.0,down,up,up,disease_down_drug_up,reference_control,reference_control
Vorinostat,functional,KCNK3,3777,KCNK3,0,0.0,46,1,56.0,down,up,up,disease_down_drug_up,reference_control,reference_control
Vorinostat,functional,ZNF331,55422,ZNF331,0,0.0,86,1,57.0,down,up,up,disease_down_drug_up,reference_control,reference_control
Vorinostat,functional,CDCA3,83461,CDCA3,35,29.421999999999997,1,95,58.0,up,down,down,disease_up_drug_down,reference_control,reference_control
Vorinostat,functional,RHOB,388,RHOB,1,0.793,1,95,59.0,down,up,up,disease_down_drug_up,reference_control,reference_control
Vorinostat,functional,UBE2C,11065,UBE2C,37,32.91,1,95,60.0,up,down,down,disease_up_drug_down,reference_control,reference_control
Vorinostat,functional,CENPF,1063,CENPF,37,33.213,1,95,61.0,up,down,down,disease_up_drug_down,reference_control,reference_control
Vorinostat,functional,THOC6,79228,THOC6,0,0.0,78,1,62.0,up,down,down,disease_up_drug_down,reference_control,reference_control
Vorinostat,functional,NEIL3,55247,NEIL3,4,3.04,1,95,63.0,up,down,down,disease_up_drug_down,reference_control,reference_control
Vorinostat,functional,PUS1,80324,PUS1,3,2.484,1,95,64.0,up,down,down,disease_up_drug_down,reference_control,reference_control
Vorinostat,functional,RAN,5901,RAN,1,0.75,1,95,65.0,up,down,down,disease_up_drug_down,reference_control,reference_control
Vorinostat,functional,AURKA,6790,AURKA,35,30.526000000000003,1,95,66.0,up,down,down,disease_up_drug_down,reference_control,reference_control
Vorinostat,functional,NMT2,9397,NMT2,0,0.0,53,1,67.0,down,up,up,disease_down_drug_up,reference_control,reference_control
Vorinostat,functional,PRKAR2B,5577,PRKAR2B,1,0.812,1,95,68.0,down,up,up,disease_down_drug_up,reference_control,reference_control
Vorinostat,functional,LMNB1,4001,LMNB1,5,4.259,1,95,69.0,up,down,down,disease_up_drug_down,reference_control,reference_control
Vorinostat,functional,TRIP13,9319,TRIP13,25,19.764000000000006,1,95,70.0,up,down,down,disease_up_drug_down,reference_control,reference_control
Vorinostat,functional,CDKN1C,1028,CDKN1C,3,2.818,1,95,71.0,down,up,up,disease_down_drug_up,reference_control,reference_control
Vorinostat,functional,SUV39H1,6839,SUV39H1,1,0.998,1,95,72.0,up,down,down,disease_up_drug_down,reference_control,reference_control
Vorinostat,functional,PALB2,79728,PALB2,5,4.787,1,95,73.0,up,down,down,disease_up_drug_down,reference_control,reference_control
Vorinostat,functional,CLEC3B,7123,CLEC3B,0,0.0,25,1,74.0,down,up,up,disease_down_drug_up,reference_control,reference_control
Vorinostat,functional,YARS2,51067,YARS2,1,0.956,1,95,75.0,up,down,down,disease_up_drug_down,reference_control,reference_control
Vorinostat,functional,CCDC86,79080,CCDC86,0,0.0,22,1,76.0,up,down,down,disease_up_drug_down,reference_control,reference_control
Vorinostat,functional,TACC3,10460,TACC3,19,15.217999999999998,1,95,77.0,up,down,down,disease_up_drug_down,reference_control,reference_control
Vorinostat,functional,UCK2,7371,UCK2,1,0.781,1,95,78.0,up,down,down,disease_up_drug_down,reference_control,reference_control
Vorinostat,functional,TYMS,7298,TYMS,21,17.382,1,95,79.0,up,down,down,disease_up_drug_down,reference_control,reference_control
Vorinostat,functional,COL4A3,1285,COL4A3,0,0.0,28,1,80.0,down,up,up,disease_down_drug_up,reference_control,reference_control
Vorinostat,functional,MRPL9,65005,MRPL9,0,0.0,50,1,81.0,up,down,down,disease_up_drug_down,reference_control,reference_control
Vorinostat,functional,TPX2,22974,TPX2,40,35.122,1,95,82.0,up,down,down,disease_up_drug_down,reference_control,reference_control
Vorinostat,functional,CCNB1,891,CCNB1,49,43.68900000000001,1,95,83.0,up,down,down,disease_up_drug_down,reference_control,reference_control
Vorinostat,functional,SLC46A3,283537,SLC46A3,0,0.0,72,1,84.0,down,up,up,disease_down_drug_up,reference_control,reference_control
Vorinostat,functional,HDGF,3068,HDGF,0,0.0,40,1,85.0,up,down,down,disease_up_drug_down,reference_control,reference_control
Vorinostat,functional,NDC80,10403,NDC80,34,29.784,1,95,86.0,up,down,down,disease_up_drug_down,reference_control,reference_control
Vorinostat,functional,CDK2AP1,8099,CDK2AP1,0,0.0,23,1,87.0,up,down,down,disease_up_drug_down,reference_control,reference_control
Vorinostat,functional,KIFC1,3833,KIFC1,26,21.209,1,95,88.0,up,down,down,disease_up_drug_down,reference_control,reference_control
Vorinostat,functional,FBXO3,26273,FBXO3,0,0.0,36,1,89.0,down,up,up,disease_down_drug_up,reference_control,reference_control
Vorinostat,functional,PJA2,9867,PJA2,0,0.0,60,1,90.0,down,up,up,disease_down_drug_up,reference_control,reference_control
Vorinostat,functional,PLOD3,8985,PLOD3,0,0.0,62,1,91.0,up,down,down,disease_up_drug_down,reference_control,reference_control
Vorinostat,functional,CNPY2,10330,CNPY2,0,0.0,27,1,92.0,up,down,down,disease_up_drug_down,reference_control,reference_control
Vorinostat,functional,RGN,9104,RGN,0,0.0,68,1,93.0,down,up,up,disease_down_drug_up,reference_control,reference_control
Vorinostat,functional,METTL1,4234,METTL1,7,5.356,1,95,94.0,up,down,down,disease_up_drug_down,reference_control,reference_control
Vorinostat,functional,CASP9,842,CASP9,1,0.803,1,95,95.0,down,up,up,disease_down_drug_up,reference_control,reference_control
Vorinostat,functional,DNAJB4,11080,DNAJB4,1,0.865,7,2,96.0,down,up,up,disease_down_drug_up,reference_control,reference_control
Vorinostat,functional,HGF,3082,HGF,0,0.0,41,1,97.0,down,up,up,disease_down_drug_up,reference_control,reference_control
Vorinostat,functional,LTBP4,8425,LTBP4,0,0.0,47,1,98.0,down,up,up,disease_down_drug_up,reference_control,reference_control
Vorinostat,functional,CCDC69,26112,CCDC69,0,0.0,21,1,99.0,down,up,up,disease_down_drug_up,reference_control,reference_control
Vorinostat,functional,NR3C2,4306,NR3C2,0,0.0,54,1,100.0,down,up,up,disease_down_drug_up,reference_control,reference_control
Vorinostat,functional,HADHA,3030,HADHA,2,1.567,4,4,101.0,down,up,up,disease_down_drug_up,reference_control,reference_control
Vorinostat,functional,ASPM,259266,ASPM,38,33.658,1,95,102.0,up,down,down,disease_up_drug_down,reference_control,reference_control
Vorinostat,functional,BUB1,699,BUB1,49,43.277,1,95,103.0,up,down,down,disease_up_drug_down,reference_control,reference_control
Vorinostat,functional,BYSL,705,BYSL,8,7.327,1,95,104.0,up,down,down,disease_up_drug_down,reference_control,reference_control
Vorinostat,functional,RRP1,8568,RRP1,6,5.388,1,95,105.0,up,down,down,disease_up_drug_down,reference_control,reference_control
Vorinostat,functional,DDX56,54606,DDX56,7,6.348,1,95,106.0,up,down,down,disease_up_drug_down,reference_control,reference_control
Vorinostat,functional,DTYMK,1841,DTYMK,2,1.95,1,95,107.0,up,down,down,disease_up_drug_down,reference_control,reference_control
Vorinostat,functional,NR4A1,3164,NR4A1,4,3.439,3,5,108.0,down,up,up,disease_down_drug_up,reference_control,reference_control
Vorinostat,functional,CHAF1A,10036,CHAF1A,3,2.428,1,95,109.0,up,down,down,disease_up_drug_down,reference_control,reference_control
Vorinostat,functional,HSDL2,84263,HSDL2,2,1.6629999999999998,4,4,110.0,down,up,up,disease_down_drug_up,reference_control,reference_control
Vorinostat,functional,REXO4,57109,REXO4,0,0.0,67,1,111.0,up,down,down,disease_up_drug_down,reference_control,reference_control
Vorinostat,functional,MMP13,4322,MMP13,1,0.746,5,3,112.0,up,down,down,disease_up_drug_down,reference_control,reference_control
Vorinostat,functional,PEX3,8504,PEX3,0,0.0,58,1,113.0,down,up,up,disease_down_drug_up,reference_control,reference_control
Vorinostat,functional,CCDC28A,25901,CCDC28A,0,0.0,20,1,114.0,down,up,up,disease_down_drug_up,reference_control,reference_control
Vorinostat,functional,PUF60,22827,PUF60,2,1.631,2,7,115.0,up,down,down,disease_up_drug_down,reference_control,reference_control
Vorinostat,functional,NAALAD2,10003,NAALAD2,0,0.0,51,1,116.0,down,up,up,disease_down_drug_up,reference_control,reference_control
Vorinostat,functional,NOP2,4839,NOP2,9,8.074000000000002,1,95,117.0,up,down,down,disease_up_drug_down,reference_control,reference_control
Vorinostat,functional,CITED2,10370,CITED2,0,0.0,24,1,118.0,down,up,up,disease_down_drug_up,reference_control,reference_control
Vorinostat,functional,RGS2,5997,RGS2,0,0.0,69,1,119.0,down,up,up,disease_down_drug_up,reference_control,reference_control
Vorinostat,functional,KIF22,3835,KIF22,16,12.771,1,95,120.0,up,down,down,disease_up_drug_down,reference_control,reference_control
Vorinostat,functional,RECK,8434,RECK,1,0.745,5,3,121.0,down,up,up,disease_down_drug_up,reference_control,reference_control
Vorinostat,functional,PAIP2B,400961,PAIP2B,0,0.0,56,1,122.0,down,up,up,disease_down_drug_up,reference_control,reference_control
Vorinostat,functional,FOS,2353,FOS,3,2.715,3,5,123.0,down,up,up,disease_down_drug_up,reference_control,reference_control
Vorinostat,functional,BUB1B,701,BUB1B,49,44.665,1,95,124.0,up,down,down,disease_up_drug_down,reference_control,reference_control
Vorinostat,functional,ADAMTS20,80070,ADAMTS20,0,0.0,12,1,125.0,up,down,down,disease_up_drug_down,reference_control,reference_control
Vorinostat,functional,ZCCHC24,219654,ZCCHC24,0,0.0,82,1,126.0,down,up,up,disease_down_drug_up,reference_control,reference_control
Vorinostat,functional,SNX2,6643,SNX2,0,0.0,73,1,127.0,down,up,up,disease_down_drug_up,reference_control,reference_control
Vorinostat,functional,TIMP3,7078,TIMP3,2,1.491,5,3,128.0,down,up,up,disease_down_drug_up,reference_control,reference_control
Vorinostat,functional,TFAP4,7023,TFAP4,0,0.0,77,1,129.0,up,down,down,disease_up_drug_down,reference_control,reference_control
Vorinostat,functional,AQP4,361,AQP4,0,0.0,16,1,130.0,down,up,up,disease_down_drug_up,reference_control,reference_control
Vorinostat,functional,SHMT2,6472,SHMT2,1,0.997,1,95,131.0,up,down,down,disease_up_drug_down,reference_control,reference_control
Vorinostat,functional,WDHD1,11169,WDHD1,14,12.441999999999998,1,95,132.0,up,down,down,disease_up_drug_down,reference_control,reference_control
Vorinostat,functional,PES1,23481,PES1,8,7.479,1,95,133.0,up,down,down,disease_up_drug_down,reference_control,reference_control
Vorinostat,functional,IL11RA,3590,IL11RA,0,0.0,44,1,134.0,down,up,up,disease_down_drug_up,reference_control,reference_control
Vorinostat,functional,NAP1L3,4675,NAP1L3,0,0.0,52,1,135.0,down,up,up,disease_down_drug_up,reference_control,reference_control
Vorinostat,functional,DLGAP5,9787,DLGAP5,43,38.282,1,95,136.0,up,down,down,disease_up_drug_down,reference_control,reference_control
Vorinostat,functional,PRR11,55771,PRR11,0,0.0,63,1,137.0,up,down,down,disease_up_drug_down,reference_control,reference_control
Vorinostat,functional,POLD1,5424,POLD1,14,12.246,1,95,138.0,up,down,down,disease_up_drug_down,reference_control,reference_control
Vorinostat,functional,RAD54L,8438,RAD54L,9,6.96,1,95,139.0,up,down,down,disease_up_drug_down,reference_control,reference_control
Vorinostat,functional,GINS2,51659,GINS2,13,11.564,1,95,140.0,up,down,down,disease_up_drug_down,reference_control,reference_control
Vorinostat,functional,NFIL3,4783,NFIL3,1,0.753,1,95,141.0,down,up,up,disease_down_drug_up,reference_control,reference_control
Vorinostat,functional,DNAJC2,27000,DNAJC2,1,0.865,7,2,142.0,up,down,down,disease_up_drug_down,reference_control,reference_control
Vorinostat,functional,POLA2,23649,POLA2,9,7.703,1,95,143.0,up,down,down,disease_up_drug_down,reference_control,reference_control
Vorinostat,functional,GADD45B,4616,GADD45B,2,1.896,1,95,144.0,down,up,up,disease_down_drug_up,reference_control,reference_control
Vorinostat,functional,ZNF695,57116,ZNF695,0,0.0,87,1,145.0,up,down,down,disease_up_drug_down,reference_control,reference_control
Vorinostat,functional,PYCR1,5831,PYCR1,0,0.0,65,1,146.0,up,down,down,disease_up_drug_down,reference_control,reference_control
Vorinostat,functional,ZHX3,23051,ZHX3,0,0.0,84,1,147.0,down,up,up,disease_down_drug_up,reference_control,reference_control
Vorinostat,functional,WDR74,54663,WDR74,8,7.339,1,95,148.0,up,down,down,disease_up_drug_down,reference_control,reference_control
Vorinostat,functional,DSTN,11034,DSTN,0,0.0,29,1,149.0,down,up,up,disease_down_drug_up,reference_control,reference_control
Vorinostat,functional,PKMYT1,9088,PKMYT1,5,4.634,1,95,150.0,up,down,down,disease_up_drug_down,reference_control,reference_control
Vorinostat,functional,SYNE1,23345,SYNE1,1,0.956,1,95,151.0,down,up,up,disease_down_drug_up,reference_control,reference_control
Vorinostat,functional,ACO1,48,ACO1,1,0.711,6,2,152.0,down,up,up,disease_down_drug_up,reference_control,reference_control
Vorinostat,functional,WASF3,10810,WASF3,0,0.0,81,1,153.0,down,up,up,disease_down_drug_up,reference_control,reference_control
Vorinostat,functional,AOX1,316,AOX1,0,0.0,15,1,154.0,down,up,up,disease_down_drug_up,reference_control,reference_control
Vorinostat,functional,MRM1,79922,MRM1,0,0.0,49,1,155.0,up,down,down,disease_up_drug_down,reference_control,reference_control
Vorinostat,functional,GPC3,2719,GPC3,0,0.0,39,1,156.0,down,up,up,disease_down_drug_up,reference_control,reference_control
Vorinostat,functional,U2AF2,11338,U2AF2,5,4.34,2,7,157.0,up,down,down,disease_up_drug_down,reference_control,reference_control
Vorinostat,functional,SNRPA,6626,SNRPA,2,1.958,2,7,158.0,up,down,down,disease_up_drug_down,reference_control,reference_control
Vorinostat,functional,HNRNPAB,3182,HNRNPAB,1,0.951,2,7,159.0,up,down,down,disease_up_drug_down,reference_control,reference_control
Vorinostat,functional,HIF3A,64344,HIF3A,0,0.0,42,1,160.0,down,up,up,disease_down_drug_up,reference_control,reference_control
Vorinostat,functional,TIMELESS,8914,TIMELESS,10,9.034,1,95,161.0,up,down,down,disease_up_drug_down,reference_control,reference_control
Vorinostat,functional,ECHDC3,79746,ECHDC3,0,0.0,30,1,162.0,down,up,up,disease_down_drug_up,reference_control,reference_control
Vorinostat,functional,NR4A2,4929,NR4A2,4,3.31,3,5,163.0,down,up,up,disease_down_drug_up,reference_control,reference_control
Vorinostat,functional,PFDN4,5203,PFDN4,0,0.0,59,1,164.0,up,down,down,disease_up_drug_down,reference_control,reference_control
Vorinostat,functional,HSF1,3297,HSF1,0,0.0,43,1,165.0,up,down,down,disease_up_drug_down,reference_control,reference_control
Vorinostat,functional,TXNIP,10628,TXNIP,0,0.0,80,1,166.0,down,up,up,disease_down_drug_up,reference_control,reference_control
Vorinostat,functional,MOAP1,64112,MOAP1,0,0.0,48,1,167.0,down,up,up,disease_down_drug_up,reference_control,reference_control
Vorinostat,functional,KIF20A,10112,KIF20A,44,39.348000000000006,1,95,168.0,up,down,down,disease_up_drug_down,reference_control,reference_control
Vorinostat,functional,FAM8A1,51439,FAM8A1,0,0.0,34,1,169.0,down,up,up,disease_down_drug_up,reference_control,reference_control
Vorinostat,functional,MAGOHB,55110,MAGOHB,1,0.743,2,7,170.0,up,down,down,disease_up_drug_down,reference_control,reference_control
Vorinostat,functional,POLQ,10721,POLQ,5,3.979,1,95,171.0,up,down,down,disease_up_drug_down,reference_control,reference_control
Vorinostat,functional,RAP1A,5906,RAP1A,1,0.993,9,2,172.0,down,up,up,disease_down_drug_up,reference_control,reference_control
Vorinostat,functional,ACSF2,80221,ACSF2,1,0.816,4,4,173.0,down,up,up,disease_down_drug_up,reference_control,reference_control
Vorinostat,functional,NUDT1,4521,NUDT1,0,0.0,55,1,174.0,up,down,down,disease_up_drug_down,reference_control,reference_control
Vorinostat,functional,CENPN,55839,CENPN,16,12.83,1,95,175.0,up,down,down,disease_up_drug_down,reference_control,reference_control
Vorinostat,functional,RUNDC3B,154661,RUNDC3B,0,0.0,70,1,176.0,down,up,up,disease_down_drug_up,reference_control,reference_control
Vorinostat,functional,RRS1,23212,RRS1,8,7.087,1,95,177.0,up,down,down,disease_up_drug_down,reference_control,reference_control
Vorinostat,functional,SLC17A7,57030,SLC17A7,0,0.0,71,1,178.0,down,up,up,disease_down_drug_up,reference_control,reference_control
Vorinostat,functional,IRAK1,3654,IRAK1,0,0.0,45,1,179.0,up,down,down,disease_up_drug_down,reference_control,reference_control
Vorinostat,functional,FOXO4,4303,FOXO4,0,0.0,37,1,180.0,down,up,up,disease_down_drug_up,reference_control,reference_control
Vorinostat,functional,NR4A3,8013,NR4A3,3,2.395,3,5,181.0,down,up,up,disease_down_drug_up,reference_control,reference_control
Vorinostat,functional,ADAM12,8038,ADAM12,0,0.0,11,1,182.0,up,down,down,disease_up_drug_down,reference_control,reference_control
Vorinostat,functional,NAT10,55226,NAT10,7,6.0840000000000005,1,95,183.0,up,down,down,disease_up_drug_down,reference_control,reference_control
Vorinostat,functional,CALCOCO1,57658,CALCOCO1,0,0.0,19,1,184.0,down,up,up,disease_down_drug_up,reference_control,reference_control
Vorinostat,functional,ABHD6,57406,ABHD6,0,0.0,10,1,185.0,down,up,up,disease_down_drug_up,reference_control,reference_control
Vorinostat,functional,PCDH9,5101,PCDH9,0,0.0,57,1,186.0,down,up,up,disease_down_drug_up,reference_control,reference_control
Vorinostat,functional,TCERG1,10915,TCERG1,1,0.767,2,7,187.0,up,down,down,disease_up_drug_down,reference_control,reference_control
Vorinostat,functional,EIF4EBP2,1979,EIF4EBP2,0,0.0,31,1,188.0,down,up,up,disease_down_drug_up,reference_control,reference_control
Vorinostat,functional,BRCA2,675,BRCA2,14,12.339,1,95,189.0,up,down,down,disease_up_drug_down,reference_control,reference_control
Vorinostat,functional,AKTIP,64400,AKTIP,0,0.0,14,1,190.0,down,up,up,disease_down_drug_up,reference_control,reference_control
Vorinostat,functional,CKAP2,26586,CKAP2,15,12.07,1,95,191.0,up,down,down,disease_up_drug_down,reference_control,reference_control
Vorinostat,functional,PKNOX2,63876,PKNOX2,0,0.0,61,1,192.0,down,up,up,disease_down_drug_up,reference_control,reference_control
Vorinostat,functional,KEAP1,9817,KEAP1,3,2.496,1,95,193.0,up,down,down,disease_up_drug_down,reference_control,reference_control
Vorinostat,functional,ASAP3,55616,ASAP3,0,0.0,17,1,194.0,down,up,up,disease_down_drug_up,reference_control,reference_control
Vorinostat,functional,TEX2,55852,TEX2,0,0.0,76,1,195.0,down,up,up,disease_down_drug_up,reference_control,reference_control
Vorinostat,functional,TRAK2,66008,TRAK2,1,0.816,8,2,196.0,down,up,up,disease_down_drug_up,reference_control,reference_control
Vorinostat,functional,MCM5,4174,MCM5,20,18.128000000000004,1,95,197.0,up,down,down,disease_up_drug_down,reference_control,reference_control
Vorinostat,functional,DNMT1,1786,DNMT1,2,1.736,1,95,198.0,up,down,down,disease_up_drug_down,reference_control,reference_control
Vorinostat,functional,RASGRP2,10235,RASGRP2,1,0.993,9,2,199.0,down,up,up,disease_down_drug_up,reference_control,reference_control
Vorinostat,functional,RCAN1,1827,RCAN1,0,0.0,66,1,200.0,down,up,up,disease_down_drug_up,reference_control,reference_control
