description,effective_domain_size,goshv,intersection_size,intersections,name,native,p_value,parents,precision,query,query_size,recall,significant,source,term_size,source_order,group_id,candidate,gene_set_scope,intersection_genes,intersection_evidence_codes,representative_rank
"""The cell cycle process in which replicated homologous chromosomes are organized and then physically separated and apportioned to two sets during the mitotic cell cycle. Each replicated chromosome, composed of two sister chromatids, aligns at the cell equator, paired with its homologous partner. One homolog of each morphologic type goes into each of the resulting chromosome sets."" [GOC:ai, GOC:jl]",11154,10146,27,"[[""IDA""], [], [], [""IMP""], [], [], [], [], [], [], [], [], [], [], [], [], [""IDA"", ""IMP"", ""TAS""], [], [], [], [""IMP""], [""IBA""], [], [], [], [], [], [""IDA"", ""IMP"", ""IBA"", ""IEA""], [], [], [""IDA"", ""IEA""], [""IDA"", ""IBA""], [""NAS""], [], [""IBA"", ""TAS""], [""NAS""], [], [""ISS""], [], [], [], [], [""IDA"", ""IMP""], [""IDA"", ""IBA"", ""NAS"", ""IEA""], [], [], [], [], [], [], [], [], [], [], [], [], [], [], [], [""IMP""], [], [], [], [], [], [], [], [], [], [""NAS""], [], [], [], [], [], [], [], [], [], [], [], [], [], [], [], [], [], [""IMP""], [], [], [], [], [], [""IDA"", ""IMP"", ""IBA""], [], [], [], [], [], [""IDA"", ""IMP"", ""IBA"", ""TAS"", ""NAS"", ""IEA""], [], [], [], [], [], [], [], [], [], [], [], [], [], [], [], [], [], [], [], [], [], [], [], [], [], [], [], [], [], [], [""NAS""], [], [""IMP"", ""IBA"", ""TAS"", ""IEA""], [], [], [], [], [], [], [], [], [], [""IMP"", ""IBA"", ""NAS""], [], [], [], [""IDA"", ""IBA"", ""TAS"", ""IEA""], [], [""IDA"", ""IMP"", ""TAS"", ""NAS""], [], [], [], [""IMP"", ""IBA"", ""NAS""], [], [], [], [], [], [], [], [], [], [], [], [], [], [], [], [], [], [], [], [], [""IEA""], [""IEA""], [], [], [], [], [], [], [], [], [], [], [], [], [], [], [], [], [], [], [], [], [], [], [], [], []]",mitotic sister chromatid segregation,GO:0000070,2.7970629572100754e-17,"[""GO:0000819"", ""GO:0140014"", ""GO:1903047""]",0.135,query_1,200,0.19014084507042253,True,GO:BP,142,23,9,Belinostat,all_selected,11065 | 81620 | 5347 | 24137 | 146909 | 23397 | 22974 | 11130 | 57405 | 9055 | 1063 | 56992 | 220134 | 4085 | 5901 | 332 | 9319 | 3832 | 10403 | 9787 | 699 | 55143 | 7272 | 9212 | 3833 | 4751 | 4605,IDA | IMP | TAS | IBA | IEA | NAS | ISS,1.0
"""The process resulting in division and partitioning of components of a cell to form more cells; may or may not be accompanied by the physical separation of a cell into distinct, individually membrane-bounded daughter cells."" [GOC:di, GOC:go_curators, GOC:pr]",11154,22854,40,"[[""IEA""], [], [], [""IEA""], [], [], [], [], [], [""IEA""], [], [], [], [], [], [""IEA""], [""IDA"", ""IMP"", ""TAS"", ""IEA""], [], [""IEA""], [], [""IMP""], [""IDA"", ""IEA""], [], [], [], [], [], [""IEA""], [], [], [""IEA""], [""IEA""], [""IEA""], [], [""IDA"", ""IEA""], [""IEA""], [], [], [""IDA"", ""IMP"", ""IBA"", ""IEA""], [], [], [], [""IEA""], [""IEA""], [], [""IEA""], [""IEA""], [], [], [], [""IGI""], [], [], [], [], [], [], [], [], [""IEA""], [], [], [], [], [], [], [], [], [], [""IBA"", ""NAS"", ""IEA""], [], [], [], [], [], [], [], [], [], [], [], [], [], [], [], [], [], [], [], [], [], [], [], [""IEA""], [], [], [], [], [], [""IEA""], [], [], [], [], [], [""IDA""], [], [], [], [], [], [], [], [""IDA""], [], [], [], [], [], [""IEA""], [], [], [], [], [], [], [], [], [""IEA""], [""IDA"", ""IMP""], [], [""IEA""], [""IEA""], [], [""IEA""], [], [], [], [], [], [], [], [""NAS"", ""IEA""], [], [], [], [], [""IMP"", ""IEA""], [""IDA"", ""IMP"", ""ISS"", ""IBA"", ""TAS"", ""NAS"", ""IEA""], [], [], [], [""IEA""], [], [], [], [], [], [], [], [], [], [], [], [], [], [], [], [], [], [], [], [], [""IEA""], [], [], [], [""IEA""], [], [], [], [""IEA""], [], [], [], [], [], [], [], [], [], [], [], [], [], [""IEA""], [], [], [], []]",cell division,GO:0051301,2.179267511548331e-14,"[""GO:0009987""]",0.2,query_1,200,0.08695652173913043,True,GO:BP,460,12731,9,Belinostat,all_selected,11065 | 81620 | 1019 | 9133 | 5347 | 890 | 24137 | 146909 | 23397 | 22974 | 11130 | 57405 | 9055 | 1063 | 1894 | 220134 | 4085 | 4192 | 10460 | 26586 | 5901 | 332 | 3832 | 10403 | 10628 | 3068 | 3978 | 7153 | 10112 | 259266 | 699 | 83461 | 55143 | 1058 | 9212 | 3833 | 4751 | 11339 | 8091 | 993,IEA | IDA | IMP | TAS | IBA | IGI | NAS | ISS,2.0
"""A mitotic cell cycle checkpoint that delays mitotic sister chromatid separation and consequently the mitotic metaphase/anaphase transition until the spindle is correctly assembled and chromosomes are attached to the spindle. Spindle assembly checkpoint signaling begins with the activated Mph family kinase, and results in the inhibition of the Anaphase Promoting Complex and its activator Sleepy/Cdc20 by the mitotic checkpoint complex (MCC)."" [GOC:mtg_cell_cycle, PMID:12360190]",11154,12666,13,"[[], [], [], [], [], [], [], [], [], [], [], [], [], [], [], [], [""IMP""], [], [], [], [], [], [], [], [], [], [], [], [], [], [], [""IDA"", ""IBA""], [""NAS""], [], [], [""NAS""], [], [], [], [], [], [], [""IMP""], [""IDA"", ""IBA"", ""NAS"", ""IEA""], [], [], [], [], [], [], [], [], [], [], [], [], [], [], [], [], [], [], [], [], [], [], [], [], [], [""NAS""], [], [], [], [], [], [], [], [], [], [], [], [], [], [], [], [], [], [""IMP""], [], [], [], [], [], [], [], [], [], [], [], [""IMP"", ""NAS""], [], [], [], [], [], [], [], [], [], [], [], [], [], [], [], [], [], [], [], [], [], [], [], [], [], [], [], [], [], [], [], [], [""IMP"", ""IBA"", ""TAS"", ""IEA""], [], [], [], [], [], [], [], [], [], [""NAS""], [], [], [], [""IDA"", ""IBA"", ""TAS"", ""IEA""], [], [""NAS""], [], [], [], [], [], [], [], [], [], [], [], [], [], [], [], [], [], [], [], [], [], [], [], [], [], [], [], [], [], [], [], [], [], [], [], [], [], [], [], [], [], [], [], [], [], [], [], [], [], [], []]",mitotic spindle assembly checkpoint signaling,GO:0007094,5.714741376551183e-12,"[""GO:0045841"", ""GO:0071173"", ""GO:0071174""]",0.065,query_1,200,0.35135135135135137,True,GO:BP,37,2543,9,Belinostat,all_selected,5347 | 11130 | 57405 | 1063 | 220134 | 4085 | 332 | 9319 | 10403 | 699 | 55143 | 7272 | 9212,IMP | IDA | IBA | NAS | IEA | TAS,3.0
"""The aggregation, arrangement and bonding together of a set of components to form the spindle, the array of microtubules and associated molecules that serves to move duplicated chromosomes apart."" [GOC:ai, GOC:expert_rg, GOC:mtg_sensu, GOC:tb]",11154,22804,16,"[[], [], [], [], [], [], [], [], [], [], [], [], [], [], [], [""IEA""], [""IDA""], [], [], [], [""IMP""], [], [], [], [], [], [], [], [], [], [""IDA"", ""IEA""], [], [], [], [""IBA""], [], [], [""ISS""], [], [], [], [], [""ISS""], [], [], [], [], [], [], [], [], [], [], [], [], [], [], [], [], [], [], [], [], [], [], [], [], [], [], [""NAS""], [], [], [], [], [], [], [], [], [], [], [], [], [], [], [], [], [], [], [], [], [], [], [], [""IDA"", ""IMP"", ""IBA"", ""IEA""], [], [], [], [], [], [""IEA""], [], [], [], [], [], [], [], [], [], [], [], [], [], [], [], [], [], [], [], [], [], [], [], [], [], [], [], [], [], [], [], [""IEA""], [], [], [], [], [], [], [], [], [], [], [""NAS""], [], [], [], [], [], [""IMP"", ""TAS"", ""NAS""], [], [], [], [""IMP"", ""IBA""], [], [], [], [], [], [], [], [], [], [], [], [], [], [], [], [], [], [], [], [], [""TAS"", ""IEA""], [""IEA""], [], [], [], [], [], [], [], [], [], [], [], [], [], [], [], [], [], [], [], [], [], [], [], [], []]",spindle assembly,GO:0051225,1.556673889246766e-09,"[""GO:0007051"", ""GO:0007059"", ""GO:0140694""]",0.08,query_1,200,0.16161616161616163,True,GO:BP,99,12681,9,Belinostat,all_selected,9133 | 5347 | 24137 | 22974 | 9055 | 56992 | 220134 | 332 | 3832 | 10403 | 259266 | 55143 | 9212 | 3833 | 4751 | 4605,IEA | IDA | IMP | IBA | ISS | NAS | TAS,4.0
"""The cell cycle process by which a cell commits to entering the next cell cycle phase."" [GOC:mtg_cell_cycle]",11154,20518,28,"[[""IDA"", ""IMP"", ""IBA""], [], [], [""IDA"", ""IBA"", ""IEA""], [], [], [], [], [], [""IDA"", ""IMP"", ""IBA"", ""NAS""], [], [], [], [], [], [""IBA"", ""IEA""], [""IDA"", ""IMP"", ""TAS""], [""IDA"", ""IEA""], [""IDA"", ""IBA"", ""NAS"", ""IEA""], [], [], [], [], [""IMP""], [], [], [], [], [], [], [], [""IDA"", ""ISS"", ""IBA"", ""IEA""], [""NAS""], [], [], [""IMP"", ""IBA"", ""NAS""], [], [], [], [""IDA""], [], [], [""IMP""], [""IDA"", ""IBA"", ""NAS"", ""IEA""], [], [], [""IMP""], [], [], [], [], [], [], [], [], [], [], [], [], [], [], [], [], [], [], [], [], [], [], [""NAS""], [], [], [], [], [], [], [], [], [], [], [], [], [], [], [], [], [], [""IMP"", ""IBA""], [], [], [], [], [], [], [], [], [], [], [], [""IMP"", ""NAS"", ""IEA""], [], [""NAS""], [], [], [], [], [], [], [], [], [], [], [], [], [], [], [], [], [], [], [], [], [], [], [], [], [], [], [], [], [""NAS""], [], [""IMP"", ""IBA"", ""TAS"", ""IEA""], [], [], [], [], [], [], [], [], [], [""NAS""], [], [], [], [""IDA"", ""IBA"", ""TAS"", ""IEA""], [], [""IDA"", ""ISS"", ""NAS""], [], [], [""TAS""], [], [""IDA""], [], [], [], [], [], [], [], [], [], [], [], [], [], [], [], [], [], [], [], [], [], [], [], [], [], [], [], [], [], [], [], [], [""IEA""], [], [], [], [], [], [], [], [], [""IDA"", ""IBA"", ""TAS"", ""IEA""], [], [], [], []]",cell cycle phase transition,GO:0044770,3.681845549279656e-08,"[""GO:0022402""]",0.14,query_1,200,0.07017543859649122,True,GO:BP,399,10395,9,Belinostat,all_selected,11065 | 81620 | 1019 | 9133 | 5347 | 2305 | 890 | 11170 | 11130 | 57405 | 1063 | 6241 | 220134 | 4085 | 10460 | 332 | 9319 | 10403 | 5888 | 9787 | 699 | 55143 | 7272 | 9212 | 9833 | 5243 | 4303 | 993,IDA | IMP | IBA | IEA | NAS | TAS | ISS,5.0
"""The region of a chromosome that includes the centromeric DNA and associated proteins. In monocentric chromosomes, this region corresponds to a single area of the chromosome, whereas in holocentric chromosomes, it is evenly distributed along the chromosome."" [GOC:cjm, GOC:elh, GOC:kmv, GOC:pr]",11154,34752,20,"[[], [], [], [""IDA"", ""IEA""], [], [], [], [], [], [], [], [], [], [], [], [], [""IDA"", ""IBA"", ""IEA""], [], [], [], [], [], [], [], [], [""IDA"", ""IBA"", ""IEA""], [], [], [], [], [], [""IDA"", ""IBA"", ""NAS"", ""IEA""], [""IDA"", ""IPI"", ""IBA"", ""NAS"", ""IEA""], [], [], [""IDA"", ""IBA"", ""TAS"", ""IEA""], [], [], [], [], [], [], [""IDA"", ""IPI"", ""IBA"", ""IEA""], [""IDA"", ""IBA"", ""IEA""], [], [], [], [], [], [], [], [], [], [], [], [], [], [], [], [], [], [], [], [], [], [], [], [], [], [""IDA"", ""IBA"", ""IEA""], [], [], [], [], [], [], [], [], [], [], [], [], [], [], [], [""IEA""], [""IPI"", ""IEA""], [], [], [], [], [], [], [], [], [], [], [], [], [""IDA"", ""IPI"", ""IBA"", ""TAS"", ""NAS"", ""IEA""], [], [], [], [], [], [], [], [], [], [], [], [], [], [], [], [], [], [], [], [], [], [], [], [], [], [], [], [], [""IEA""], [], [], [], [""IDA"", ""IBA"", ""IEA""], [], [], [], [], [], [], [], [], [], [""IDA"", ""IBA"", ""IEA""], [], [], [], [""IBA"", ""IEA""], [""IDA"", ""IPI"", ""TAS"", ""IEA""], [""IDA"", ""IBA"", ""IEA""], [], [], [], [], [], [], [], [], [], [], [], [], [], [], [], [], [], [], [], [], [], [], [], [], [""IDA"", ""IEA""], [], [], [], [""IBA"", ""IEA""], [], [], [], [], [], [], [], [], [], [], [], [], [], [], [], [], [], [], [], [], [], []]","chromosome, centromeric region",GO:0000775,8.684327269404255e-09,"[""GO:0098687""]",0.1,query_1,200,0.11235955056179775,True,GO:CC,178,83,4,Belinostat,all_selected,81620 | 5347 | 55355 | 11130 | 57405 | 1063 | 220134 | 4085 | 332 | 6839 | 79019 | 10403 | 7153 | 699 | 55143 | 7272 | 1058 | 9212 | 4751 | 11339,IDA | IEA | IBA | NAS | IPI | TAS,1.0
"""The region of a kinetochore most external to centromeric DNA; this outer region mediates kinetochore-microtubule interactions."" [GOC:clt, PMID:11483983]",11154,34799,7,"[[], [], [], [], [], [], [], [], [], [], [], [], [], [], [], [], [""IDA""], [], [], [], [], [], [], [], [], [], [], [], [], [], [], [""IDA""], [""IDA"", ""IPI"", ""IBA"", ""IEA""], [], [], [""IDA"", ""TAS""], [], [], [], [], [], [], [""IDA"", ""IBA""], [], [], [], [], [], [], [], [], [], [], [], [], [], [], [], [], [], [], [], [], [], [], [], [], [], [], [], [], [], [], [], [], [], [], [], [], [], [], [], [], [], [], [], [], [], [], [], [], [], [], [], [], [], [], [], [], [""IDA"", ""IPI"", ""IBA"", ""IEA""], [], [], [], [], [], [], [], [], [], [], [], [], [], [], [], [], [], [], [], [], [], [], [], [], [], [], [], [], [], [], [], [], [""IDA""], [], [], [], [], [], [], [], [], [], [], [], [], [], [], [], [], [], [], [], [], [], [], [], [], [], [], [], [], [], [], [], [], [], [], [], [], [], [], [], [], [], [], [], [], [], [], [], [], [], [], [], [], [], [], [], [], [], [], [], [], [], [], [], [], [], [], []]",outer kinetochore,GO:0000940,1.0224920191314025e-07,"[""GO:0000776"", ""GO:0032991""]",0.035,query_1,200,0.5384615384615384,True,GO:CC,13,130,4,Belinostat,all_selected,5347 | 11130 | 57405 | 1063 | 220134 | 10403 | 699,IDA | IPI | IBA | IEA | TAS,2.0
"""The array of microtubules and associated molecules that forms between opposite poles of a eukaryotic cell during mitosis or meiosis and serves to move the duplicated chromosomes apart."" [ISBN:0198547684]",11154,35027,24,"[[], [], [], [], [], [], [], [], [], [], [], [], [], [], [], [], [""IDA"", ""IBA"", ""IEA""], [], [], [], [""TAS"", ""IEA""], [""IDA"", ""IBA""], [], [], [], [], [], [], [], [], [""IDA"", ""ISS"", ""TAS"", ""IEA""], [], [], [], [""IDA"", ""IBA"", ""TAS"", ""IEA""], [""IDA"", ""IBA"", ""IEA""], [], [""ISS"", ""IEA""], [""IDA"", ""IEA""], [], [], [], [""IDA"", ""IBA"", ""IEA""], [""IDA"", ""IEA""], [], [], [""IDA"", ""IEA""], [], [], [], [""IDA"", ""IEA""], [], [], [], [], [], [], [], [], [], [], [], [], [], [], [], [], [], [], [""IBA"", ""IEA""], [], [], [], [], [], [], [], [], [], [], [], [], [], [], [], [], [], [], [], [], [], [], [], [""IDA"", ""IBA"", ""TAS"", ""IEA""], [], [], [], [], [], [], [], [], [], [], [], [], [], [], [], [], [], [], [], [], [], [], [], [], [], [], [], [], [], [], [], [], [], [], [], [""IDA"", ""IEA""], [""IDA"", ""IBA"", ""IEA""], [""IDA"", ""IEA""], [], [], [], [], [], [], [], [], [], [], [""IBA"", ""IEA""], [], [""IDA"", ""IEA""], [], [""TAS""], [], [""IBA"", ""TAS"", ""IEA""], [], [], [], [""IBA"", ""IEA""], [], [], [], [], [], [], [], [], [], [], [], [], [], [], [], [], [], [], [], [], [""IEA""], [], [], [], [], [], [], [], [], [], [], [], [], [], [], [""ISS"", ""IEA""], [], [], [], [], [], [], [], [], [], [], []]",spindle,GO:0005819,1.0224920191314025e-07,"[""GO:0015630"", ""GO:0043232""]",0.12,query_1,200,0.07868852459016394,True,GO:CC,305,358,4,Belinostat,all_selected,5347 | 24137 | 146909 | 22974 | 9055 | 1063 | 56992 | 1894 | 220134 | 4085 | 10460 | 26586 | 332 | 3832 | 10112 | 9787 | 259266 | 55143 | 3161 | 7272 | 9212 | 3833 | 4751 | 51646,IDA | IBA | IEA | TAS | ISS,3.0
"""A structure composed of a very long molecule of DNA and associated proteins (e.g. histones) that carries hereditary information."" [ISBN:0198547684]",11154,34948,54,"[[], [], [], [""IDA"", ""IEA""], [""ISA""], [], [""IDA"", ""IPI"", ""HDA"", ""ISS"", ""TAS"", ""IEA""], [], [""IDA"", ""IPI"", ""IBA"", ""IEA""], [""IDA""], [], [], [], [], [], [], [""IDA"", ""IBA"", ""IEA""], [""ISA""], [], [], [""IEA""], [], [], [], [], [""IDA"", ""IBA"", ""IEA""], [], [""IDA"", ""ISO"", ""IBA"", ""NAS"", ""IEA""], [], [], [], [""IDA"", ""IBA"", ""NAS"", ""IEA""], [""IDA"", ""IPI"", ""IBA"", ""NAS"", ""IEA""], [], [""IEA""], [""IDA"", ""IBA"", ""TAS"", ""NAS"", ""IEA""], [""IDA"", ""IBA"", ""IEA""], [], [], [], [], [], [""IDA"", ""IPI"", ""IBA"", ""IEA""], [""IDA"", ""IBA"", ""IEA""], [], [], [], [""IDA"", ""HDA""], [], [], [], [""IPI"", ""ISS"", ""IBA"", ""IEA""], [], [], [""IPI"", ""HDA"", ""ISS"", ""TAS"", ""IEA""], [], [], [], [], [""IDA""], [], [], [], [], [], [], [], [], [""IDA"", ""IEA""], [""IDA"", ""IBA"", ""IEA""], [], [], [], [""ISA"", ""IBA""], [], [], [], [], [""ISA""], [""ISA""], [], [], [], [], [], [""IDA"", ""TAS"", ""IEA""], [""IPI"", ""IEA""], [""IBA""], [], [], [], [""ISS"", ""IEA""], [], [], [], [], [], [""ISA""], [], [""IDA"", ""IPI"", ""IBA"", ""TAS"", ""NAS"", ""IEA""], [], [""IDA"", ""ISS"", ""IBA"", ""IEA""], [], [], [], [], [], [], [""IDA"", ""IPI"", ""IBA"", ""IEA""], [], [], [], [], [], [""ISA""], [], [""IEA""], [], [], [], [], [], [""IEA""], [], [], [], [], [], [""IDA"", ""IEA""], [], [], [], [""IDA"", ""IBA"", ""IEA""], [], [], [], [], [], [""IDA""], [], [], [], [""IDA"", ""IBA"", ""IEA""], [], [], [""IDA"", ""IEA""], [""IBA"", ""IEA""], [""IDA"", ""IPI"", ""TAS"", ""IEA""], [""IDA"", ""IBA"", ""IEA""], [], [], [], [], [], [], [], [], [], [], [], [""NAS""], [], [], [], [], [], [], [], [], [], [], [""IDA"", ""IPI"", ""IBA"", ""IEA""], [""IDA""], [""IDA"", ""IEA""], [], [], [], [""IDA"", ""IBA"", ""IEA""], [], [], [], [""IDA"", ""ISS"", ""IEA""], [""ISA""], [], [], [], [""ISA""], [], [], [], [], [], [], [], [], [], [], [], [""ISA""], []]",chromosome,GO:0005694,4.482942478754822e-07,"[""GO:0043232""]",0.27,query_1,200,0.03967670830271859,True,GO:CC,1361,279,4,Belinostat,all_selected,81620 | 8013 | 4171 | 5427 | 1019 | 5347 | 2305 | 24137 | 55355 | 23397 | 11130 | 57405 | 9055 | 1063 | 4288 | 220134 | 4085 | 2237 | 9837 | 4176 | 5901 | 8099 | 332 | 4306 | 2354 | 6943 | 6839 | 79019 | 9319 | 10370 | 6304 | 10403 | 5888 | 5984 | 4929 | 90865 | 57658 | 7153 | 699 | 79228 | 55143 | 23481 | 7272 | 1058 | 9212 | 55215 | 23649 | 8568 | 4751 | 11339 | 8091 | 23051 | 4303 | 26959,IDA | IEA | ISA | IPI | HDA | ISS | TAS | IBA | ISO | NAS,4.0
"""A thin cytoplasmic bridge formed between daughter cells at the end of cytokinesis. The midbody forms where the contractile ring constricts, and may persist for some time before finally breaking to complete cytokinesis."" [ISBN:0815316194]",11154,35588,13,"[[], [], [], [], [], [], [], [], [], [], [], [], [], [], [], [], [""IDA"", ""IEA""], [], [], [], [""IDA"", ""IEA""], [], [], [], [], [], [], [], [], [], [], [], [], [], [""IDA"", ""IEA""], [""IDA""], [], [], [""IDA"", ""IEA""], [], [], [], [], [], [], [], [], [], [], [], [], [], [], [], [], [], [], [], [], [""IDA""], [], [], [], [], [], [], [], [], [], [""IDA"", ""IEA""], [], [], [], [], [], [], [], [], [], [], [], [], [], [], [], [], [], [], [], [], [], [], [], [], [], [], [], [], [], [], [], [], [], [], [], [], [], [], [], [], [], [], [], [], [], [], [], [], [], [], [], [], [], [], [], [], [], [], [], [""IDA""], [], [""IEA""], [], [], [], [], [], [], [], [], [], [], [""IDA""], [], [], [], [], [], [""IDA"", ""IBA"", ""TAS"", ""IEA""], [], [], [], [], [], [], [], [], [], [], [], [], [], [], [], [], [], [], [], [], [], [], [], [], [""IEA""], [], [], [], [], [], [], [], [], [], [], [], [], [], [], [""ISS"", ""IEA""], [], [], [], [], [], [], [], [], [], [], []]",midbody,GO:0030496,9.416009175266671e-05,"[""GO:0110165""]",0.065,query_1,200,0.08666666666666667,True,GO:CC,150,919,5,Belinostat,all_selected,5347 | 24137 | 9055 | 1063 | 1894 | 5901 | 332 | 10112 | 259266 | 55143 | 9212 | 4751 | 51646,IDA | IEA | IBA | TAS | ISS,5.0
"""Binding to a microtubule, a filament composed of tubulin monomers."" [GOC:krc]",11154,1486,14,"[[], [], [], [], [], [], [], [], [], [], [], [], [], [], [], [], [""IDA""], [], [], [""IBA""], [""IEA""], [""IBA"", ""IEA""], [], [], [], [], [], [], [], [], [], [], [], [], [""IBA"", ""IEA""], [""IEA""], [], [""IBA"", ""IEA""], [], [], [], [], [""IDA"", ""IBA"", ""IEA""], [], [], [], [], [], [], [], [], [], [], [], [], [], [], [], [], [], [], [], [], [], [], [], [], [], [], [""TAS""], [], [], [], [], [], [], [], [], [], [], [], [], [], [], [], [], [], [], [], [], [], [], [], [""IEA""], [], [], [], [], [], [""IMP""], [], [], [], [], [], [], [], [], [], [], [], [], [], [], [], [], [], [], [], [], [], [], [], [], [], [], [], [], [], [""IBA"", ""IEA""], [""IBA""], [], [], [], [], [], [], [], [], [], [], [], [], [], [], [], [], [], [], [], [], [], [""IBA"", ""IEA""], [], [], [], [], [], [], [], [], [], [], [], [], [], [], [], [], [], [], [], [], [], [], [], [], [], [], [], [], [], [], [], [], [], [], [], [], [], [], [], [], [], [], [], [], [], [], []]",microtubule binding,GO:0008017,0.0036742201329916417,"[""GO:0015631""]",0.07,query_1,200,0.07692307692307693,True,GO:MF,182,1486,1,Belinostat,all_selected,5347 | 51512 | 24137 | 146909 | 9055 | 1063 | 56992 | 220134 | 332 | 3832 | 10403 | 10112 | 9787 | 3833,IDA | IBA | IEA | TAS | IMP,1.0
"""A motor activity that generates movement along a microtubule, driven by ATP hydrolysis."" [PMID:19686686, PMID:32684327, PMID:32842864]",11154,347,6,"[[], [], [], [], [], [], [], [], [], [], [], [], [], [], [], [], [], [], [], [], [""IBA"", ""TAS"", ""IEA""], [""IBA"", ""IEA""], [], [], [], [], [], [], [], [], [], [], [], [], [], [], [], [""ISS"", ""IBA"", ""IEA""], [], [], [], [], [], [], [], [], [], [], [], [], [], [], [], [], [], [], [], [], [], [], [], [], [], [], [], [], [], [], [], [], [], [], [], [], [], [], [], [], [], [], [], [], [], [], [], [], [], [], [], [], [], [], [], [""IBA"", ""TAS"", ""IEA""], [], [], [], [], [], [], [], [], [], [], [], [], [], [], [], [], [], [], [], [], [], [], [], [], [], [], [], [], [], [], [], [], [], [], [], [""IBA"", ""IEA""], [], [], [], [], [], [], [], [], [], [], [], [], [], [], [], [], [], [], [], [], [], [], [""IBA"", ""NAS"", ""IEA""], [], [], [], [], [], [], [], [], [], [], [], [], [], [], [], [], [], [], [], [], [], [], [], [], [], [], [], [], [], [], [], [], [], [], [], [], [], [], [], [], [], [], [], [], [], [], []]",microtubule motor activity,GO:0003777,0.04558236648768808,"[""GO:0003774"", ""GO:0120544"", ""GO:0140657""]",0.03,query_1,200,0.1276595744680851,True,GO:MF,47,347,2,Belinostat,all_selected,24137 | 146909 | 56992 | 3832 | 10112 | 3833,IBA | TAS | IEA | ISS | NAS,2.0
"""Binding to a DNA polymerase."" [GOC:BHF, GOC:mah]",11154,7889,4,"[[], [], [], [""IBA""], [], [], [], [], [], [], [], [], [], [], [], [], [], [], [], [], [], [], [], [], [], [], [], [], [], [], [], [], [], [], [], [], [], [], [], [], [], [], [], [], [], [], [], [], [], [], [], [], [], [], [], [], [], [], [], [], [], [], [], [], [], [], [], [], [""IPI""], [], [], [], [], [], [], [], [], [], [], [], [], [], [], [], [], [], [], [], [], [], [], [], [], [], [], [], [], [], [], [], [], [""IPI""], [], [], [], [], [], [], [], [], [], [], [], [], [], [], [], [], [], [], [], [], [], [], [], [], [], [], [], [], [], [], [], [], [], [], [], [], [], [], [], [], [], [], [], [], [], [], [], [], [], [], [], [], [], [], [], [], [], [], [""IPI"", ""IBA""], [], [], [], [], [], [], [], [], [], [], [], [], [], [], [], [], [], [], [], [], [], [], [], [], [], [], [], [], [], [], [], [], [], [], [], [], [], [], []]",DNA polymerase binding,GO:0070182,0.048009728800551904,"[""GO:0019899""]",0.02,query_1,200,0.2222222222222222,True,GO:MF,18,7889,3,Belinostat,all_selected,81620 | 8099 | 5888 | 55215,IBA | IPI,3.0
Cell cycle,11154,39011,15,"[[], [], [], [""KEGG""], [], [], [""KEGG""], [], [], [""KEGG""], [], [], [], [], [], [""KEGG""], [""KEGG""], [], [""KEGG""], [], [], [], [], [], [], [], [], [], [], [], [], [], [], [], [], [], [], [], [], [], [], [""KEGG""], [], [""KEGG""], [], [], [], [], [], [], [], [], [], [], [""KEGG""], [], [], [], [], [], [], [], [], [], [], [], [], [], [], [], [], [], [], [], [], [], [], [], [], [], [], [], [], [], [], [], [], [""KEGG""], [], [], [], [], [], [], [], [], [], [], [], [""KEGG""], [], [], [], [], [], [], [], [], [], [], [], [], [], [], [], [], [], [], [], [], [], [], [], [], [], [], [], [], [], [], [], [], [""KEGG""], [], [], [], [], [], [], [], [], [], [], [], [], [], [""KEGG""], [], [""KEGG""], [], [], [], [], [], [], [], [], [], [], [], [], [], [], [], [], [], [], [], [], [], [], [], [], [], [], [], [], [], [], [], [], [], [], [], [], [], [], [], [], [], [], [], [], [], [], [""KEGG""], [], [], [], []]",Cell cycle,KEGG:04110,2.375716681654185e-06,"[""KEGG:00000""]",0.075,query_1,200,0.11538461538461539,True,KEGG,130,273,19,Belinostat,all_selected,81620 | 4171 | 1019 | 9133 | 5347 | 890 | 4616 | 4085 | 4176 | 9319 | 10403 | 699 | 7272 | 9212 | 993,KEGG,1.0
DNA replication,11154,38957,7,"[[], [], [], [], [], [], [""KEGG""], [], [""KEGG""], [], [], [], [], [], [], [], [], [], [], [], [], [], [], [], [], [], [], [], [], [], [], [], [], [], [], [], [], [], [], [], [], [], [], [], [], [], [], [""KEGG""], [], [], [], [], [], [], [""KEGG""], [], [], [], [], [], [], [], [], [], [], [], [], [], [], [], [], [], [], [], [], [], [], [], [], [], [], [], [], [], [], [], [], [], [], [], [], [], [], [], [], [], [], [], [], [], [], [], [], [], [], [], [], [], [""KEGG""], [], [], [], [], [], [], [], [], [], [], [""KEGG""], [], [], [], [], [], [], [], [], [], [], [], [], [], [], [], [], [], [], [], [], [], [], [], [], [], [], [], [], [], [], [], [], [], [], [], [], [], [], [], [], [], [], [], [], [], [], [], [], [], [], [], [""KEGG""], [], [], [], [], [], [], [], [], [], [], [], [], [], [], [], [], [], [], [], [], [], [], [], [], [], [], [], []]",DNA replication,KEGG:03030,0.00021825367931587494,"[""KEGG:00000""]",0.035,query_1,200,0.20588235294117646,True,KEGG,34,219,20,Belinostat,all_selected,4171 | 5427 | 2237 | 4176 | 5984 | 3978 | 23649,KEGG,2.0
Cell Cycle,11154,39661,45,"[[""REAC""], [], [], [""REAC""], [], [], [""REAC""], [], [""REAC""], [""REAC""], [], [], [], [], [], [""REAC""], [""REAC""], [""REAC""], [""REAC""], [""REAC""], [], [], [], [], [], [""REAC""], [], [""REAC""], [], [], [""REAC""], [""REAC""], [""REAC""], [], [], [""REAC""], [], [], [], [""REAC""], [], [], [""REAC""], [""REAC""], [], [], [], [""REAC""], [], [], [], [""REAC""], [], [], [""REAC""], [], [], [], [], [""REAC""], [], [], [], [], [], [], [], [""REAC""], [], [""REAC""], [], [], [], [], [], [""REAC""], [], [], [], [], [], [], [], [], [], [], [""REAC""], [], [], [], [], [], [], [], [], [], [""REAC""], [], [], [""REAC""], [], [""REAC""], [], [], [], [], [], [], [""REAC""], [], [], [], [], [], [], [], [], [], [""REAC""], [""REAC""], [], [], [], [], [], [], [], [], [""REAC""], [""REAC""], [], [], [""REAC""], [], [], [], [], [], [], [], [], [], [""REAC""], [], [""REAC""], [], [], [""REAC""], [""REAC""], [], [], [], [], [], [], [], [], [], [], [], [], [], [], [], [], [], [], [], [], [], [], [""REAC""], [], [""REAC""], [""REAC""], [], [], [""REAC""], [], [], [], [], [], [], [], [], [], [], [], [], [], [], [], [], [], [""REAC""], [], [], [], []]",Cell Cycle,REAC:R-HSA-1640170,3.60135601616797e-17,"[""REAC:0000000""]",0.225,query_1,200,0.0891089108910891,True,REAC,505,337,21,Belinostat,all_selected,11065 | 81620 | 4171 | 5427 | 1019 | 9133 | 5347 | 2305 | 890 | 51512 | 55355 | 23397 | 22974 | 11130 | 57405 | 1063 | 6241 | 220134 | 4085 | 2237 | 9837 | 4176 | 5901 | 7298 | 332 | 4001 | 79019 | 5577 | 10403 | 5888 | 5984 | 23345 | 3978 | 7153 | 10112 | 699 | 55143 | 3161 | 1058 | 9212 | 23649 | 4751 | 4605 | 11339 | 993,REAC,1.0
Cell Cycle Checkpoints,11154,39662,21,"[[""REAC""], [], [], [], [], [], [""REAC""], [], [], [], [], [], [], [], [], [""REAC""], [""REAC""], [], [""REAC""], [""REAC""], [], [], [], [], [], [], [], [], [], [], [], [""REAC""], [""REAC""], [], [], [""REAC""], [], [], [], [], [], [], [""REAC""], [""REAC""], [], [], [], [], [], [], [], [], [], [], [""REAC""], [], [], [], [], [], [], [], [], [], [], [], [], [], [], [""REAC""], [], [], [], [], [], [], [], [], [], [], [], [], [], [], [], [], [""REAC""], [], [], [], [], [], [], [], [], [], [], [], [], [""REAC""], [], [], [], [], [], [], [], [], [""REAC""], [], [], [], [], [], [], [], [], [], [], [], [], [], [], [], [], [], [], [], [], [], [], [], [""REAC""], [], [], [], [], [], [], [], [], [], [""REAC""], [], [], [], [], [""REAC""], [""REAC""], [], [], [], [], [], [], [], [], [], [], [], [], [], [], [], [], [], [], [], [], [], [], [], [], [], [], [], [], [], [], [], [], [], [], [], [], [], [], [], [], [], [], [], [], [], [], [""REAC""], [], [], [], []]",Cell Cycle Checkpoints,REAC:R-HSA-69620,3.3167054276479706e-08,"[""REAC:R-HSA-1640170""]",0.105,query_1,200,0.10047846889952153,True,REAC,209,338,21,Belinostat,all_selected,11065 | 4171 | 9133 | 5347 | 890 | 51512 | 11130 | 57405 | 1063 | 220134 | 4085 | 4176 | 332 | 79019 | 10403 | 5984 | 699 | 55143 | 1058 | 9212 | 993,REAC,2.0
Polo-like kinase mediated events,11154,41164,6,"[[], [], [], [], [], [], [], [], [], [], [], [], [], [], [], [""REAC""], [""REAC""], [""REAC""], [], [], [], [], [], [], [], [], [], [], [], [], [], [], [], [], [], [""REAC""], [], [], [], [], [], [], [], [], [], [], [], [], [], [], [], [], [], [], [], [], [], [], [], [], [], [], [], [], [], [], [], [], [], [], [], [], [], [], [], [], [], [], [], [], [], [], [], [], [], [], [], [], [], [], [], [], [], [], [], [], [], [], [], [], [], [], [], [], [], [], [], [], [], [], [], [], [], [], [], [], [], [], [], [], [], [], [], [], [], [], [], [], [], [], [], [], [], [], [], [], [], [], [], [], [], [], [], [], [], [], [], [], [], [], [], [], [], [], [], [], [], [], [], [], [], [], [], [], [], [], [], [], [], [], [], [], [], [], [""REAC""], [], [], [], [], [], [], [], [], [], [], [], [], [], [], [], [], [], [], [], [], [""REAC""], [], [], [], []]",Polo-like kinase mediated events,REAC:R-HSA-156711,2.5480588262352318e-06,"[""REAC:R-HSA-69275""]",0.03,query_1,200,0.46153846153846156,True,REAC,13,1840,21,Belinostat,all_selected,9133 | 5347 | 2305 | 1063 | 4605 | 993,REAC,3.0
DNA strand elongation,11154,39793,7,"[[], [], [], [], [], [], [""REAC""], [], [], [], [], [], [], [], [], [], [], [], [], [], [], [], [], [], [], [], [], [], [], [], [], [], [], [], [], [], [], [], [], [], [], [], [], [], [], [], [], [""REAC""], [], [], [], [""REAC""], [], [], [""REAC""], [], [], [], [], [], [], [], [], [], [], [], [], [], [], [], [], [], [], [], [], [], [], [], [], [], [], [], [], [], [], [], [], [], [], [], [], [], [], [], [], [], [], [], [], [], [], [], [], [], [], [], [], [], [""REAC""], [], [], [], [], [], [], [], [], [], [], [""REAC""], [], [], [], [], [], [], [], [], [], [], [], [], [], [], [], [], [], [], [], [], [], [], [], [], [], [], [], [], [], [], [], [], [], [], [], [], [], [], [], [], [], [], [], [], [], [], [], [], [], [], [], [""REAC""], [], [], [], [], [], [], [], [], [], [], [], [], [], [], [], [], [], [], [], [], [], [], [], [], [], [], [], []]",DNA strand elongation,REAC:R-HSA-69190,4.25459586607868e-05,"[""REAC:R-HSA-69239""]",0.035,query_1,200,0.22580645161290322,True,REAC,31,469,21,Belinostat,all_selected,4171 | 2237 | 9837 | 4176 | 5984 | 3978 | 23649,REAC,4.0
Chromosome Maintenance,11154,39697,9,"[[], [], [], [], [], [], [], [], [], [], [], [], [], [], [], [], [], [], [""REAC""], [], [], [], [], [], [], [""REAC""], [], [], [], [], [], [], [], [], [], [], [], [], [], [], [], [], [], [], [], [], [], [""REAC""], [], [], [], [], [], [], [], [], [], [], [], [], [], [], [], [], [], [], [], [], [], [], [], [], [], [], [], [], [], [], [], [], [], [], [], [], [], [], [""REAC""], [], [], [], [], [], [], [], [], [], [], [], [], [], [], [], [], [], [], [], [], [], [""REAC""], [], [], [], [], [], [], [], [], [], [], [""REAC""], [], [], [], [], [], [], [], [], [], [], [], [], [], [], [], [], [], [], [], [], [], [], [], [], [], [], [], [""REAC""], [], [], [], [], [], [], [], [], [], [], [], [], [], [], [], [], [], [], [], [], [], [], [], [""REAC""], [], [], [], [], [], [""REAC""], [], [], [], [], [], [], [], [], [], [], [], [], [], [], [], [], [], [], [], [], [], []]",Chromosome Maintenance,REAC:R-HSA-73886,0.00017835566064234055,"[""REAC:R-HSA-1640170""]",0.045,query_1,200,0.125,True,REAC,72,373,21,Belinostat,all_selected,890 | 55355 | 2237 | 79019 | 5984 | 3978 | 1058 | 23649 | 11339,REAC,5.0
"""Any process that results in a change in state or activity of a cell or an organism (in terms of movement, secretion, enzyme production, gene expression, etc.) as a result of a hormone stimulus."" [GOC:jl]",11154,13586,24,"[[], [], [""ISS"", ""IBA"", ""IEA""], [""IEA""], [], [], [], [], [""ISS""], [""IEA""], [], [], [], [], [], [], [], [""IEA""], [], [], [], [], [], [], [], [""IEA""], [], [], [""IBA""], [], [""IDA""], [], [""IEA""], [""ISS"", ""IEA""], [], [], [], [], [], [], [], [""IDA""], [""IEA""], [], [], [], [], [], [""IMP"", ""IBA"", ""IEA""], [""IBA""], [""IEA""], [], [], [], [], [""ISS"", ""IBA"", ""IEA""], [], [], [], [], [], [], [""ISS"", ""IEA""], [""IDA"", ""IEA""], [], [], [], [], [""IEA""], [], [""IEA""], [], [], [""IBA""], [], [], [], [], [], [""IEA""], [], [], [], [""IEA""], [], [], [], [], [], [], [], [], [], [], [], [], [], [""IDA""], [], [], [], [], [], [], []]",response to hormone,GO:0009725,0.0002712760044514081,"[""GO:0009719"", ""GO:0042221""]",0.22857142857142856,query_1,105,0.031578947368421054,True,GO:BP,760,3463,1,Belinostat,disease_down_drug_up,8013 | 5730 | 11170 | 210 | 7832 | 842 | 4306 | 7538 | 2354 | 6943 | 10370 | 1910 | 5166 | 1583 | 10628 | 4929 | 57658 | 55022 | 4916 | 5156 | 7078 | 7010 | 1979 | 4303,ISS | IBA | IEA | IDA | IMP,1.0
"""Any process that results in a change in state or activity of a cell or an organism (in terms of movement, secretion, enzyme production, gene expression, etc.) as a result of a steroid hormone stimulus."" [GOC:go_curators]",11154,22100,11,"[[], [], [""IEA""], [""IEA""], [], [], [], [], [""ISS""], [""IEA""], [], [], [], [], [], [], [], [], [], [], [], [], [], [], [], [""IEA""], [], [], [""IBA""], [], [""IDA""], [], [""IEA""], [""ISS"", ""IEA""], [], [], [], [], [], [], [], [], [], [], [], [], [], [], [], [], [""IEA""], [], [], [], [], [], [], [], [], [], [], [], [""ISS"", ""IEA""], [], [], [], [], [], [], [], [], [], [], [], [], [], [], [], [], [], [], [], [], [], [], [], [], [], [], [], [], [], [], [], [], [], [], [], [], [], [], [], [], [], []]",response to steroid hormone,GO:0048545,0.013416304864845168,"[""GO:0009725"", ""GO:0033993""]",0.10476190476190476,query_1,105,0.04247104247104247,True,GO:BP,259,11977,1,Belinostat,disease_down_drug_up,8013 | 5730 | 11170 | 210 | 842 | 4306 | 7538 | 2354 | 6943 | 10628 | 57658,IEA | ISS | IBA | IDA,2.0
"""Any process that increases the frequency, rate or extent of the directed movement of sodium ions (Na+) into, out of or within a cell, or between cells, by means of some agent such as a transporter or pore."" [GOC:dph, GOC:tb]",11154,14308,4,"[[], [""IDA""], [], [], [], [], [], [], [], [], [], [], [], [], [], [], [], [], [], [], [], [], [], [], [], [], [], [], [], [], [], [], [], [], [], [], [], [], [], [], [], [], [], [], [], [], [], [], [], [], [], [], [], [], [], [], [], [], [], [], [], [], [], [], [], [], [], [""IDA"", ""IMP""], [], [], [], [], [], [], [], [], [], [], [], [], [], [], [], [], [], [], [], [], [], [], [], [], [], [], [], [], [""IDA""], [], [], [], [], [], [], [""IEA""], []]",positive regulation of sodium ion transport,GO:0010765,0.04009483596923387,"[""GO:0002028"", ""GO:0006814"", ""GO:0043270""]",0.0380952380952381,query_1,105,0.14814814814814814,True,GO:BP,27,4185,2,Belinostat,disease_down_drug_up,482 | 55800 | 6327 | 1272,IDA | IMP | IEA,3.0
"""The process in which genetic material, in the form of chromosomes, is organized into specific structures and then physically separated and apportioned to two or more sets. In eukaryotes, chromosome segregation begins with the condensation of chromosomes, includes chromosome separation, and ends when chromosomes have completed movement to the spindle poles."" [GOC:jl, GOC:mah, GOC:mtg_cell_cycle, GOC:vw]",11154,12648,36,"[[""IDA"", ""IBA""], [""IMP""], [], [], [], [], [], [""IEA""], [""IDA"", ""IMP"", ""TAS"", ""IEA""], [], [], [], [""IMP"", ""IBA""], [""IBA""], [], [""IMP""], [], [""IDA"", ""IMP"", ""ISO"", ""IBA"", ""IEA""], [], [""IDA"", ""IEA""], [""IDA"", ""ISS"", ""IBA""], [""IDA"", ""IMP"", ""IBA"", ""NAS"", ""IEA""], [], [""IBA"", ""TAS""], [""IDA"", ""IMP"", ""IBA"", ""NAS""], [""IDA""], [""ISS""], [""IMP""], [], [""IDA"", ""IMP"", ""ISS"", ""IBA"", ""IEA""], [""IDA"", ""IBA"", ""NAS"", ""IEA""], [], [""IMP""], [], [], [], [], [], [], [], [""IMP""], [], [], [], [""IBA"", ""NAS"", ""IEA""], [], [], [""NAS""], [""IMP"", ""ISS"", ""IEA""], [], [], [""IDA"", ""IMP"", ""IBA"", ""IEA""], [""IDA"", ""IMP"", ""IBA"", ""TAS"", ""NAS"", ""IEA""], [], [], [], [], [], [], [], [""IMP"", ""IBA"", ""IEA""], [], [""IBA"", ""NAS""], [""IEA""], [""IMP"", ""IBA"", ""TAS"", ""IEA""], [], [], [], [""IMP"", ""IBA"", ""NAS""], [], [], [], [""IDA"", ""IBA"", ""TAS"", ""IEA""], [], [""IDA"", ""IMP"", ""TAS"", ""NAS""], [], [""IMP"", ""IBA"", ""NAS""], [], [], [], [], [], [], [""IDA"", ""IMP"", ""IBA"", ""TAS"", ""IEA""], [""IEA""], [], [""IBA""], [], [], [], [], [], [], [], []]",chromosome segregation,GO:0007059,1.6092571834078136e-29,"[""GO:0022402""]",0.37894736842105264,query_1,95,0.12244897959183673,True,GO:BP,294,2525,30,Belinostat,disease_up_drug_down,11065 | 81620 | 9133 | 5347 | 24137 | 146909 | 55355 | 23397 | 22974 | 11130 | 57405 | 9055 | 1063 | 4288 | 56992 | 1894 | 220134 | 4085 | 10460 | 5901 | 332 | 79019 | 9319 | 3832 | 10403 | 7153 | 9787 | 259266 | 699 | 55143 | 7272 | 9212 | 3833 | 4751 | 4605 | 11339,IDA | IBA | IMP | IEA | TAS | ISO | ISS | NAS,1.0
"""Any process that modulates the frequency, rate or extent of mitotic sister chromatid separation. Mitotic sister chromatid separation is the process in which sister chromatids are physically detached from each other during mitosis."" [GOC:dph, GOC:tb]",11154,14450,15,"[[""IDA""], [], [], [], [], [], [], [], [""IMP""], [], [], [], [], [], [], [], [], [], [], [], [""IDA"", ""IBA""], [""NAS""], [], [], [""NAS""], [], [], [], [], [""IMP""], [""IDA"", ""IBA"", ""NAS"", ""IEA""], [], [], [], [], [], [], [], [], [], [], [], [], [], [""NAS""], [], [], [], [""IMP""], [], [], [], [""IMP"", ""NAS""], [], [], [], [], [], [], [], [], [], [""NAS""], [], [""IMP"", ""IBA"", ""TAS"", ""IEA""], [], [], [], [""NAS""], [], [], [], [""IDA"", ""IBA"", ""TAS"", ""IEA""], [], [""NAS""], [], [], [], [], [], [], [], [], [], [], [], [], [], [], [], [], [], [], [], []]",regulation of mitotic sister chromatid separation,GO:0010965,2.3568265174443757e-18,"[""GO:0051306"", ""GO:1905818""]",0.15789473684210525,query_1,95,0.3191489361702128,True,GO:BP,47,4327,30,Belinostat,disease_up_drug_down,11065 | 5347 | 11130 | 57405 | 1063 | 220134 | 4085 | 332 | 9319 | 10403 | 9787 | 699 | 55143 | 7272 | 9212,IDA | IMP | IBA | NAS | IEA | TAS,2.0
"""The aggregation, arrangement and bonding together of a set of components to form the spindle, the array of microtubules and associated molecules that serves to move duplicated chromosomes apart."" [GOC:ai, GOC:expert_rg, GOC:mtg_sensu, GOC:tb]",11154,22804,16,"[[], [], [], [], [], [], [], [""IEA""], [""IDA""], [], [], [], [""IMP""], [], [], [], [], [], [], [""IDA"", ""IEA""], [], [], [], [""IBA""], [], [], [""ISS""], [], [], [""ISS""], [], [], [], [], [], [], [], [], [], [], [], [], [], [], [""NAS""], [], [], [], [], [], [], [""IDA"", ""IMP"", ""IBA"", ""IEA""], [""IEA""], [], [], [], [], [], [], [], [], [], [], [""IEA""], [], [], [], [], [""NAS""], [], [], [], [], [], [""IMP"", ""TAS"", ""NAS""], [], [""IMP"", ""IBA""], [], [], [], [], [], [], [""TAS"", ""IEA""], [""IEA""], [], [], [], [], [], [], [], [], [], []]",spindle assembly,GO:0051225,5.6324598613533525e-15,"[""GO:0007051"", ""GO:0007059"", ""GO:0140694""]",0.16842105263157894,query_1,95,0.16161616161616163,True,GO:BP,99,12681,30,Belinostat,disease_up_drug_down,9133 | 5347 | 24137 | 22974 | 9055 | 56992 | 220134 | 332 | 3832 | 10403 | 259266 | 55143 | 9212 | 3833 | 4751 | 4605,IEA | IDA | IMP | IBA | ISS | NAS | TAS,3.0
"""A chromosome localization process whereby chromosomes are positioned in a specific order and orientation at the metaphase plate (spindle equator), during chromosome segregation. This alignment ensures that each daughter cell will receive the correct number of chromosomes during cell division."" [GOC:vw]",11154,22862,13,"[[], [""IMP""], [], [], [], [], [], [], [], [], [], [], [], [], [], [], [], [], [], [], [""ISS""], [""IDA""], [], [], [""IDA"", ""IBA""], [], [], [""IMP""], [], [""IDA"", ""IMP""], [], [], [], [], [], [], [], [], [], [], [], [], [], [], [""NAS""], [], [], [], [], [], [], [], [""IDA"", ""IMP"", ""IBA"", ""IEA""], [], [], [], [], [], [], [], [], [], [], [], [], [], [], [], [""IMP"", ""NAS""], [], [], [], [""IDA""], [], [""IDA"", ""NAS""], [], [""IMP""], [], [], [], [], [], [], [""IMP""], [], [], [], [], [], [], [], [], [], [], []]",metaphase chromosome alignment,GO:0051310,1.3227910667110463e-12,"[""GO:0050000"", ""GO:0098813""]",0.1368421052631579,query_1,95,0.17567567567567569,True,GO:BP,74,12739,30,Belinostat,disease_up_drug_down,81620 | 11130 | 57405 | 1063 | 1894 | 220134 | 332 | 10403 | 55143 | 7272 | 9212 | 3833 | 4751,IMP | ISS | IDA | IBA | NAS | IEA,4.0
"""A cell cycle process by which the cell nucleus divides as part of a meiotic cell cycle in the female germline."" [GOC:dph, GOC:ems, GOC:mah, GOC:vw]",11154,12703,8,"[[], [], [], [], [], [], [], [""IEA""], [""IEA""], [], [], [], [], [], [], [], [], [""IEA""], [], [], [], [], [], [], [], [], [], [], [], [""ISS""], [], [], [], [], [], [], [], [], [], [], [], [], [], [], [], [], [], [], [""IEA""], [], [], [], [""IEA""], [], [], [], [], [], [], [], [""IEA""], [], [], [], [], [], [], [], [], [], [], [], [""IEA""], [], [], [], [], [], [], [], [], [], [], [], [], [], [], [], [], [], [], [], [], [], []]",female meiotic nuclear division,GO:0007143,2.9061917825538954e-10,"[""GO:0007292"", ""GO:0140013""]",0.08421052631578947,query_1,95,0.34782608695652173,True,GO:BP,23,2580,30,Belinostat,disease_up_drug_down,9133 | 5347 | 23397 | 220134 | 9319 | 10403 | 7153 | 7272,IEA | ISS,5.0
"""Any subdivision of a chromosome along its length."" [GOC:dos]",11154,37842,25,"[[], [""IDA"", ""IEA""], [""HDA""], [], [], [], [], [], [""IDA"", ""IBA"", ""IEA""], [], [], [], [], [], [], [""IDA"", ""IBA"", ""IEA""], [], [], [], [], [""IDA"", ""IBA"", ""NAS"", ""IEA""], [""IDA"", ""IPI"", ""IBA"", ""NAS"", ""IEA""], [], [], [""IDA"", ""IBA"", ""TAS"", ""IEA""], [], [], [], [], [""IDA"", ""IPI"", ""IBA"", ""IEA""], [""IDA"", ""IBA"", ""IEA""], [], [], [""IDA"", ""HDA""], [], [], [], [""HDA""], [], [], [], [], [], [], [""IDA"", ""IBA"", ""IEA""], [], [""IEA""], [""IPI"", ""IEA""], [], [], [], [], [""IDA"", ""IPI"", ""IBA"", ""TAS"", ""NAS"", ""IEA""], [""IDA"", ""IEA""], [], [], [], [], [], [], [""IEA""], [], [], [], [""IDA"", ""IBA"", ""IEA""], [], [""IDA""], [], [""IDA"", ""IBA"", ""IEA""], [], [], [], [""IBA"", ""IEA""], [""IDA"", ""IPI"", ""TAS"", ""IEA""], [""IDA"", ""IBA"", ""IEA""], [], [], [], [], [], [], [], [], [""IDA"", ""IEA""], [], [], [""IBA"", ""IEA""], [], [], [], [], [], [], [], []]",chromosomal region,GO:0098687,1.50507493787463e-16,"[""GO:0005694"", ""GO:0110165""]",0.2631578947368421,query_1,95,0.08833922261484099,True,GO:CC,283,3173,21,Belinostat,disease_up_drug_down,81620 | 4171 | 5347 | 55355 | 11130 | 57405 | 1063 | 220134 | 4085 | 2237 | 4176 | 332 | 6839 | 79019 | 10403 | 5888 | 7153 | 699 | 79228 | 55143 | 7272 | 1058 | 9212 | 4751 | 11339,IDA | IEA | HDA | IBA | NAS | IPI | TAS,1.0
"""The array of microtubules and associated molecules that forms between opposite poles of a eukaryotic cell during mitosis or meiosis and serves to move the duplicated chromosomes apart."" [ISBN:0198547684]",11154,35027,23,"[[], [], [], [], [], [], [], [], [""IDA"", ""IBA"", ""IEA""], [], [], [], [""TAS"", ""IEA""], [""IDA"", ""IBA""], [], [], [], [], [], [""IDA"", ""ISS"", ""TAS"", ""IEA""], [], [], [], [""IDA"", ""IBA"", ""TAS"", ""IEA""], [""IDA"", ""IBA"", ""IEA""], [], [""ISS"", ""IEA""], [""IDA"", ""IEA""], [], [""IDA"", ""IBA"", ""IEA""], [""IDA"", ""IEA""], [], [""IDA"", ""IEA""], [], [], [""IDA"", ""IEA""], [], [], [], [], [], [], [], [], [""IBA"", ""IEA""], [], [], [], [], [], [], [""IDA"", ""IBA"", ""TAS"", ""IEA""], [], [], [], [], [], [], [], [], [], [""IDA"", ""IEA""], [""IDA"", ""IBA"", ""IEA""], [""IDA"", ""IEA""], [], [], [], [], [""IBA"", ""IEA""], [], [""IDA"", ""IEA""], [], [""TAS""], [], [""IBA"", ""TAS"", ""IEA""], [], [""IBA"", ""IEA""], [], [], [], [], [], [], [""IEA""], [], [], [], [], [], [], [], [], [], [], []]",spindle,GO:0005819,2.6787491173391636e-14,"[""GO:0015630"", ""GO:0043232""]",0.24210526315789474,query_1,95,0.07540983606557378,True,GO:CC,305,358,21,Belinostat,disease_up_drug_down,5347 | 24137 | 146909 | 22974 | 9055 | 1063 | 56992 | 1894 | 220134 | 4085 | 10460 | 26586 | 332 | 3832 | 10112 | 9787 | 259266 | 55143 | 3161 | 7272 | 9212 | 3833 | 4751,IDA | IBA | IEA | TAS | ISS,2.0
"""The region of a kinetochore most external to centromeric DNA; this outer region mediates kinetochore-microtubule interactions."" [GOC:clt, PMID:11483983]",11154,34799,7,"[[], [], [], [], [], [], [], [], [""IDA""], [], [], [], [], [], [], [], [], [], [], [], [""IDA""], [""IDA"", ""IPI"", ""IBA"", ""IEA""], [], [], [""IDA"", ""TAS""], [], [], [], [], [""IDA"", ""IBA""], [], [], [], [], [], [], [], [], [], [], [], [], [], [], [], [], [], [], [], [], [], [], [""IDA"", ""IPI"", ""IBA"", ""IEA""], [], [], [], [], [], [], [], [], [], [], [], [""IDA""], [], [], [], [], [], [], [], [], [], [], [], [], [], [], [], [], [], [], [], [], [], [], [], [], [], [], [], [], [], []]",outer kinetochore,GO:0000940,7.470736423084207e-11,"[""GO:0000776"", ""GO:0032991""]",0.07368421052631578,query_1,95,0.5384615384615384,True,GO:CC,13,130,21,Belinostat,disease_up_drug_down,5347 | 11130 | 57405 | 1063 | 220134 | 10403 | 699,IDA | IPI | IBA | IEA | TAS,3.0
"""A chromosome that encodes the nuclear genome and is found in the nucleus of a eukaryotic cell during the cell cycle phases when the nucleus is intact."" [GOC:dph, GOC:mah]",11154,34706,13,"[[], [], [""IPI"", ""ISS"", ""IEA""], [""IDA"", ""IPI"", ""IBA"", ""IEA""], [], [], [], [], [""IEA""], [], [], [], [], [], [], [], [], [""ISO"", ""IEA""], [], [], [], [], [], [], [], [], [], [], [], [], [], [], [], [], [], [], [""IPI"", ""ISS"", ""IBA"", ""IEA""], [""IPI"", ""ISS""], [], [], [], [], [], [], [""IDA""], [], [""TAS""], [], [], [], [], [], [], [""IDA"", ""ISS"", ""IBA"", ""IEA""], [], [], [], [], [], [], [""IDA""], [], [], [], [], [], [], [], [], [], [], [], [], [], [], [], [], [], [], [], [], [""IDA"", ""IPI"", ""IBA"", ""IEA""], [], [""IEA""], [], [], [], [], [""ISS""], [], [], [], [], [], []]",nuclear chromosome,GO:0000228,1.8333311353874777e-08,"[""GO:0005694"", ""GO:0031981""]",0.1368421052631579,query_1,95,0.07878787878787878,True,GO:CC,165,37,21,Belinostat,disease_up_drug_down,4171 | 5427 | 5347 | 23397 | 9837 | 4176 | 332 | 6839 | 5888 | 7153 | 23649 | 4751 | 8091,IPI | ISS | IEA | IDA | IBA | ISO | TAS,4.0
"""A thin cytoplasmic bridge formed between daughter cells at the end of cytokinesis. The midbody forms where the contractile ring constricts, and may persist for some time before finally breaking to complete cytokinesis."" [ISBN:0815316194]",11154,35588,12,"[[], [], [], [], [], [], [], [], [""IDA"", ""IEA""], [], [], [], [""IDA"", ""IEA""], [], [], [], [], [], [], [], [], [], [], [""IDA"", ""IEA""], [""IDA""], [], [], [""IDA"", ""IEA""], [], [], [], [], [], [], [], [], [], [], [], [], [""IDA""], [], [], [], [""IDA"", ""IEA""], [], [], [], [], [], [], [], [], [], [], [], [], [], [], [], [], [""IDA""], [], [""IEA""], [], [], [], [], [""IDA""], [], [], [], [], [], [""IDA"", ""IBA"", ""TAS"", ""IEA""], [], [], [], [], [], [], [], [], [""IEA""], [], [], [], [], [], [], [], [], [], [], []]",midbody,GO:0030496,6.362727060529512e-08,"[""GO:0110165""]",0.12631578947368421,query_1,95,0.08,True,GO:CC,150,919,23,Belinostat,disease_up_drug_down,5347 | 24137 | 9055 | 1063 | 1894 | 5901 | 332 | 10112 | 259266 | 55143 | 9212 | 4751,IDA | IEA | IBA | TAS,5.0
"""Binding to a microtubule, a filament composed of tubulin monomers."" [GOC:krc]",11154,1486,14,"[[], [], [], [], [], [], [], [], [""IDA""], [], [], [""IBA""], [""IEA""], [""IBA"", ""IEA""], [], [], [], [], [], [], [], [], [], [""IBA"", ""IEA""], [""IEA""], [], [""IBA"", ""IEA""], [], [], [""IDA"", ""IBA"", ""IEA""], [], [], [], [], [], [], [], [], [], [], [], [], [], [], [""TAS""], [], [], [], [], [], [], [""IEA""], [""IMP""], [], [], [], [], [], [], [], [], [""IBA"", ""IEA""], [""IBA""], [], [], [], [], [], [], [], [], [], [], [], [], [], [""IBA"", ""IEA""], [], [], [], [], [], [], [], [], [], [], [], [], [], [], [], [], [], []]",microtubule binding,GO:0008017,1.4539537691831747e-07,"[""GO:0015631""]",0.14736842105263157,query_1,95,0.07692307692307693,True,GO:MF,182,1486,3,Belinostat,disease_up_drug_down,5347 | 51512 | 24137 | 146909 | 9055 | 1063 | 56992 | 220134 | 332 | 3832 | 10403 | 10112 | 9787 | 3833,IDA | IBA | IEA | TAS | IMP,1.0
"""Catalysis of a reaction that alters the macromolecular conformation of a molecule."" [EC:5.6.-.-]",11154,9119,12,"[[], [], [""IBA"", ""IEA""], [], [], [], [], [], [], [], [], [], [""IBA"", ""TAS"", ""IEA""], [""IBA"", ""IEA""], [], [], [], [], [], [], [], [], [], [], [], [], [""ISS"", ""IBA"", ""IEA""], [], [], [], [], [], [], [], [], [], [], [""IDA"", ""IBA"", ""IEA""], [], [], [], [], [], [], [], [], [], [], [], [], [], [""IBA"", ""TAS"", ""IEA""], [], [""IDA"", ""IMP""], [], [], [""IDA""], [], [], [], [""IDA"", ""IMP"", ""IEA""], [""IBA"", ""IEA""], [], [], [], [], [], [], [], [], [], [], [], [], [], [], [""IBA"", ""NAS"", ""IEA""], [], [], [""TAS"", ""IEA""], [], [], [], [], [], [], [], [], [], [], [], [], [], [], []]",macromolecular conformation isomerase activity,GO:0120543,3.7452959774185034e-05,"[""GO:0016853""]",0.12631578947368421,query_1,95,0.055299539170506916,True,GO:MF,217,9119,1,Belinostat,disease_up_drug_down,4171 | 24137 | 146909 | 56992 | 4176 | 3832 | 5888 | 5984 | 7153 | 10112 | 3833 | 54606,IBA | IEA | TAS | ISS | IDA | IMP | NAS,2.0
"""Binding to ATP, adenosine 5'-triphosphate, a universally important coenzyme and enzyme regulator."" [ISBN:0198506732]",11154,1463,26,"[[""IEA""], [], [""IEA""], [], [""IEA""], [], [""IEA""], [], [""IMP"", ""IEA""], [], [], [], [""IEA""], [""IEA""], [], [], [], [], [], [], [], [], [], [], [], [""IEA""], [""IEA""], [], [], [], [], [], [], [], [""IEA""], [], [], [""IEA""], [], [], [], [], [], [], [], [], [], [], [""NAS"", ""IEA""], [""TAS"", ""IEA""], [], [""IEA""], [], [""IDA"", ""IEA""], [], [], [""IEA""], [], [], [""IEA""], [""IEA""], [""IEA""], [], [], [""IEA""], [], [], [], [], [], [], [], [""IEA""], [], [""IEA""], [""IEA""], [""NAS"", ""IEA""], [], [], [""IEA""], [], [], [], [""IEA""], [], [], [], [], [], [], [], [], [], [], []]",ATP binding,GO:0005524,0.00010020834551163738,"[""GO:0032559"", ""GO:0035639""]",0.2736842105263158,query_1,95,0.023297491039426525,True,GO:MF,1116,1463,2,Belinostat,disease_up_drug_down,11065 | 4171 | 1019 | 57761 | 5347 | 24137 | 146909 | 4288 | 56992 | 7371 | 4176 | 9319 | 51067 | 3832 | 5888 | 5984 | 3978 | 7153 | 10112 | 699 | 7272 | 9212 | 9833 | 3833 | 54606 | 4751,IEA | IMP | NAS | TAS | IDA,3.0
"""Catalytic activity that acts to modify a nucleic acid."" [GOC:pg]",11154,9383,14,"[[], [], [""IBA"", ""IEA""], [""TAS""], [], [], [], [], [], [], [], [], [], [], [], [], [], [], [], [], [], [], [], [], [], [], [], [], [], [], [], [], [], [""IDA"", ""IMP"", ""IBA"", ""TAS"", ""IEA""], [], [], [], [""IDA"", ""IBA"", ""IEA""], [""IEA""], [], [], [], [], [], [], [], [], [], [], [""IDA"", ""IBA"", ""NAS"", ""IEA""], [], [], [], [""IDA"", ""IMP"", ""IBA"", ""IEA""], [], [], [""IDA"", ""IBA""], [], [], [""IDA"", ""IMP"", ""IBA"", ""TAS"", ""IEA""], [""IDA"", ""IMP"", ""IEA""], [], [], [], [], [], [], [""IDA"", ""IBA"", ""IEA""], [], [], [], [], [], [], [], [], [], [], [], [""TAS"", ""IEA""], [], [], [], [], [], [], [], [], [""IDA""], [""IDA"", ""IBA"", ""IEA""], [], [], [], [], []]","catalytic activity, acting on a nucleic acid",GO:0140640,0.00033290051437733913,"[""GO:0003824""]",0.14736842105263157,query_1,95,0.03414634146341464,True,GO:MF,410,9383,1,Belinostat,disease_up_drug_down,4171 | 5427 | 2237 | 4176 | 80324 | 51067 | 5888 | 5984 | 3978 | 7153 | 4234 | 54606 | 8091 | 57109,IBA | IEA | TAS | IDA | IMP | NAS,4.0
"""Binding to a DNA polymerase."" [GOC:BHF, GOC:mah]",11154,7889,4,"[[], [""IBA""], [], [], [], [], [], [], [], [], [], [], [], [], [], [], [], [], [], [], [], [], [], [], [], [], [], [], [], [], [], [], [], [], [], [], [], [], [], [], [], [], [], [""IPI""], [], [], [], [], [], [], [], [], [], [""IPI""], [], [], [], [], [], [], [], [], [], [], [], [], [], [], [], [], [], [], [], [], [], [], [], [""IPI"", ""IBA""], [], [], [], [], [], [], [], [], [], [], [], [], [], [], [], [], []]",DNA polymerase binding,GO:0070182,0.0003976356113941756,"[""GO:0019899""]",0.042105263157894736,query_1,95,0.2222222222222222,True,GO:MF,18,7889,3,Belinostat,disease_up_drug_down,81620 | 8099 | 5888 | 55215,IBA | IPI,5.0
Cell cycle,11154,39011,14,"[[], [""KEGG""], [""KEGG""], [], [""KEGG""], [], [], [""KEGG""], [""KEGG""], [], [""KEGG""], [], [], [], [], [], [], [], [], [], [], [], [], [], [], [], [], [], [], [], [""KEGG""], [], [], [], [], [], [], [""KEGG""], [], [], [], [], [], [], [], [], [], [], [""KEGG""], [], [], [], [""KEGG""], [], [], [], [], [], [], [], [], [], [], [], [""KEGG""], [], [], [], [], [], [], [], [""KEGG""], [], [""KEGG""], [], [], [], [], [], [], [], [], [], [], [], [], [], [], [], [], [""KEGG""], [], [], []]",Cell cycle,KEGG:04110,3.2765436157027985e-10,"[""KEGG:00000""]",0.14736842105263157,query_1,95,0.1076923076923077,True,KEGG,130,273,49,Belinostat,disease_up_drug_down,81620 | 4171 | 1019 | 9133 | 5347 | 890 | 4085 | 4176 | 9319 | 10403 | 699 | 7272 | 9212 | 993,KEGG,1.0
DNA replication,11154,38957,7,"[[], [], [""KEGG""], [""KEGG""], [], [], [], [], [], [], [], [], [], [], [], [], [], [], [], [], [], [], [], [], [], [], [], [], [], [], [], [], [], [""KEGG""], [], [], [], [""KEGG""], [], [], [], [], [], [], [], [], [], [], [], [], [], [], [], [], [], [], [""KEGG""], [], [], [""KEGG""], [], [], [], [], [], [], [], [], [], [], [], [], [], [], [], [], [], [], [], [], [], [""KEGG""], [], [], [], [], [], [], [], [], [], [], [], [], []]",DNA replication,KEGG:03030,4.92598969283845e-07,"[""KEGG:00000""]",0.07368421052631578,query_1,95,0.20588235294117646,True,KEGG,34,219,50,Belinostat,disease_up_drug_down,4171 | 5427 | 2237 | 4176 | 5984 | 3978 | 23649,KEGG,2.0
Progesterone-mediated oocyte maturation,11154,39123,6,"[[], [], [], [], [], [], [], [""KEGG""], [""KEGG""], [], [""KEGG""], [], [], [], [], [], [], [], [], [], [], [], [], [], [], [], [], [], [], [], [""KEGG""], [], [], [], [], [], [], [], [], [], [], [], [], [], [], [], [], [], [], [], [], [], [], [], [], [], [], [], [], [], [], [], [], [], [""KEGG""], [], [], [], [], [], [], [], [], [], [], [], [], [], [], [], [], [], [], [], [], [], [], [], [], [], [], [""KEGG""], [], [], []]",Progesterone-mediated oocyte maturation,KEGG:04914,0.001157195077894857,"[""KEGG:00000""]",0.06315789473684211,query_1,95,0.08,True,KEGG,75,385,51,Belinostat,disease_up_drug_down,9133 | 5347 | 890 | 4085 | 699 | 993,KEGG,3.0
Cellular senescence,11154,39042,6,"[[], [], [], [], [""KEGG""], [], [], [""KEGG""], [], [""KEGG""], [""KEGG""], [], [], [], [], [], [], [], [], [], [], [], [], [], [], [], [], [], [], [], [], [], [], [], [], [], [], [], [], [], [], [], [], [], [], [], [], [], [], [], [], [], [], [], [], [], [], [], [], [], [], [], [], [], [], [], [], [], [], [], [], [], [], [], [], [], [], [], [], [], [], [], [], [], [""KEGG""], [], [], [], [], [], [], [""KEGG""], [], [], []]",Cellular senescence,KEGG:04218,0.01928741083431775,"[""KEGG:00000""]",0.06315789473684211,query_1,95,0.043478260869565216,True,KEGG,138,304,53,Belinostat,disease_up_drug_down,1019 | 9133 | 2305 | 890 | 4605 | 993,KEGG,4.0
Motor proteins,11154,39117,6,"[[], [], [], [], [], [], [], [], [], [], [], [], [""KEGG""], [""KEGG""], [], [], [], [], [], [], [], [], [], [], [], [], [""KEGG""], [], [], [], [], [], [], [], [], [], [], [], [], [], [], [], [], [], [], [], [], [], [], [], [], [""KEGG""], [], [], [], [], [], [], [], [], [], [""KEGG""], [], [], [], [], [], [], [], [], [], [], [], [], [], [], [""KEGG""], [], [], [], [], [], [], [], [], [], [], [], [], [], [], [], [], [], []]",Motor proteins,KEGG:04814,0.02147828178420897,"[""KEGG:00000""]",0.06315789473684211,query_1,95,0.0410958904109589,True,KEGG,146,379,54,Belinostat,disease_up_drug_down,24137 | 146909 | 56992 | 3832 | 10112 | 3833,KEGG,5.0
Cell Cycle,11154,39661,43,"[[""REAC""], [""REAC""], [""REAC""], [""REAC""], [""REAC""], [], [], [""REAC""], [""REAC""], [""REAC""], [""REAC""], [""REAC""], [], [], [], [""REAC""], [], [""REAC""], [], [""REAC""], [""REAC""], [""REAC""], [], [], [""REAC""], [], [], [], [""REAC""], [""REAC""], [""REAC""], [], [], [""REAC""], [], [], [""REAC""], [""REAC""], [], [], [""REAC""], [], [""REAC""], [], [""REAC""], [""REAC""], [], [""REAC""], [], [], [], [], [""REAC""], [""REAC""], [], [], [""REAC""], [], [], [""REAC""], [""REAC""], [""REAC""], [], [], [""REAC""], [], [], [], [""REAC""], [], [""REAC""], [], [], [""REAC""], [""REAC""], [], [], [], [], [], [], [""REAC""], [], [""REAC""], [""REAC""], [], [""REAC""], [], [], [], [], [""REAC""], [], [], []]",Cell Cycle,REAC:R-HSA-1640170,1.2921500569863315e-30,"[""REAC:0000000""]",0.45263157894736844,query_1,95,0.08514851485148515,True,REAC,505,337,56,Belinostat,disease_up_drug_down,11065 | 81620 | 4171 | 5427 | 1019 | 9133 | 5347 | 2305 | 890 | 51512 | 55355 | 23397 | 22974 | 11130 | 57405 | 1063 | 6241 | 220134 | 4085 | 2237 | 9837 | 4176 | 5901 | 7298 | 332 | 4001 | 79019 | 10403 | 5888 | 5984 | 3978 | 7153 | 10112 | 699 | 55143 | 3161 | 1058 | 9212 | 23649 | 4751 | 4605 | 11339 | 993,REAC,1.0
Cell Cycle Checkpoints,11154,39662,21,"[[""REAC""], [], [""REAC""], [], [], [], [], [""REAC""], [""REAC""], [], [""REAC""], [""REAC""], [], [], [], [], [], [], [], [], [""REAC""], [""REAC""], [], [], [""REAC""], [], [], [], [], [""REAC""], [""REAC""], [], [], [], [], [], [], [""REAC""], [], [], [], [], [], [], [""REAC""], [], [], [""REAC""], [], [], [], [], [""REAC""], [], [], [], [""REAC""], [], [], [], [], [], [], [], [""REAC""], [], [], [], [""REAC""], [], [], [], [], [""REAC""], [""REAC""], [], [], [], [], [], [], [], [], [], [], [], [], [], [], [], [], [""REAC""], [], [], []]",Cell Cycle Checkpoints,REAC:R-HSA-69620,4.531769322526712e-15,"[""REAC:R-HSA-1640170""]",0.22105263157894736,query_1,95,0.10047846889952153,True,REAC,209,338,56,Belinostat,disease_up_drug_down,11065 | 4171 | 9133 | 5347 | 890 | 51512 | 11130 | 57405 | 1063 | 220134 | 4085 | 4176 | 332 | 79019 | 10403 | 5984 | 699 | 55143 | 1058 | 9212 | 993,REAC,2.0
S Phase,11154,41521,13,"[[""REAC""], [""REAC""], [""REAC""], [""REAC""], [""REAC""], [], [], [], [], [], [""REAC""], [], [], [], [], [], [], [], [], [], [], [], [], [], [], [], [], [], [], [], [], [], [], [""REAC""], [], [], [""REAC""], [""REAC""], [], [], [], [], [], [], [], [], [], [], [], [], [], [], [], [], [], [], [""REAC""], [], [], [""REAC""], [], [], [], [], [], [], [], [], [], [], [], [], [], [], [], [], [], [], [], [], [], [""REAC""], [], [], [], [], [], [], [], [], [], [""REAC""], [], [], []]",S Phase,REAC:R-HSA-69242,3.4004231838528057e-09,"[""REAC:R-HSA-69278""]",0.1368421052631579,query_1,95,0.09420289855072464,True,REAC,138,2197,56,Belinostat,disease_up_drug_down,11065 | 81620 | 4171 | 5427 | 1019 | 890 | 2237 | 9837 | 4176 | 5984 | 3978 | 23649 | 993,REAC,3.0
Polo-like kinase mediated events,11154,41164,6,"[[], [], [], [], [], [], [], [""REAC""], [""REAC""], [""REAC""], [], [], [], [], [], [], [], [], [], [], [], [], [], [], [""REAC""], [], [], [], [], [], [], [], [], [], [], [], [], [], [], [], [], [], [], [], [], [], [], [], [], [], [], [], [], [], [], [], [], [], [], [], [], [], [], [], [], [], [], [], [], [], [], [], [], [], [], [], [], [], [], [], [], [], [], [], [""REAC""], [], [], [], [], [], [], [""REAC""], [], [], []]",Polo-like kinase mediated events,REAC:R-HSA-156711,1.2838684516008642e-08,"[""REAC:R-HSA-69275""]",0.06315789473684211,query_1,95,0.46153846153846156,True,REAC,13,1840,56,Belinostat,disease_up_drug_down,9133 | 5347 | 2305 | 1063 | 4605 | 993,REAC,4.0
Mitotic G1 phase and G1/S transition,11154,40869,12,"[[], [""REAC""], [""REAC""], [""REAC""], [""REAC""], [], [], [], [], [], [""REAC""], [], [], [], [], [], [], [], [], [], [], [], [], [], [], [], [], [], [""REAC""], [], [], [], [], [], [], [], [], [""REAC""], [], [], [], [], [""REAC""], [], [], [], [], [], [], [], [], [], [], [], [], [], [], [], [], [], [""REAC""], [], [], [], [], [], [], [], [], [], [], [], [], [], [], [], [], [], [], [], [], [""REAC""], [], [], [""REAC""], [], [], [], [], [], [], [""REAC""], [], [], []]",Mitotic G1 phase and G1/S transition,REAC:R-HSA-453279,3.276184839904899e-08,"[""REAC:R-HSA-69278""]",0.12631578947368421,query_1,95,0.08823529411764706,True,REAC,136,1545,56,Belinostat,disease_up_drug_down,81620 | 4171 | 5427 | 1019 | 890 | 6241 | 4176 | 7298 | 7153 | 23649 | 4605 | 993,REAC,5.0
"""A process that is part of the mitotic cell cycle."" [GO_REF:0000060, GOC:mtg_cell_cycle, GOC:TermGenie]",11154,31273,43,"[[], [], [], [], [], [""IDA"", ""IMP"", ""IBA"", ""NAS""], [""IDA"", ""IEA""], [""IMP"", ""IBA"", ""NAS""], [""IMP""], [], [], [], [], [], [], [""IBA"", ""NAS""], [""IDA"", ""IMP"", ""IBA""], [], [], [], [], [], [], [], [], [], [], [], [""IBA""], [], [], [""IMP""], [], [], [""IMP""], [""IBA"", ""IEA""], [""IDA"", ""IMP"", ""IBA"", ""TAS""], [], [""IMP""], [""IDA"", ""IBA"", ""NAS"", ""IEA""], [""IMP""], [], [], [], [""IDA"", ""IMP"", ""IBA"", ""IEA""], [], [], [], [], [], [], [], [""IDA"", ""IMP"", ""IBA"", ""TAS"", ""NAS"", ""IEA""], [], [], [], [""IMP"", ""IEA""], [""IBA""], [], [], [], [], [], [], [], [], [""IDA"", ""IMP""], [], [], [], [], [], [], [], [], [], [], [], [], [], [], [], [], [""IMP""], [], [], [], [""IEA""], [], [], [""IDA""], [], [], [], [], [], [""IMP"", ""TAS""], [], [], [], [], [""IBA"", ""TAS"", ""IEA""], [""IDA"", ""IMP"", ""IBA"", ""NAS"", ""IEA""], [], [], [], [""IMP"", ""IBA"", ""TAS""], [], [], [], [], [], [], [], [], [""IDA"", ""IBA"", ""TAS""], [], [], [], [], [], [], [], [], [], [], [], [""IDA"", ""NAS"", ""IEA""], [""IDA""], [], [], [], [], [], [""IEA""], [], [""ISS"", ""IEA""], [], [], [], [], [""IDA"", ""IBA"", ""IEA""], [""IBA""], [""ISS""], [], [], [], [], [], [], [""IMP"", ""IBA"", ""TAS"", ""IEA""], [""IEA""], [], [], [""IBA""], [""IDA"", ""IMP""], [], [], [], [], [""IBA""], [], [], [], [""IMP"", ""IGI"", ""IBA"", ""IEA""], [""IMP"", ""NAS""], [], [], [""ISS""], [], [], [], [], [], [], [], [], [], [], [], [], [], [], [], [], [], [], [], [], [], [], [], [], [], [], [], [""IMP""], [], []]",mitotic cell cycle process,GO:1903047,9.683082450331903e-13,"[""GO:0000278"", ""GO:0022402""]",0.21608040201005024,query_1,199,0.07570422535211267,True,GO:BP,568,21150,18,Entinostat,all_selected,1019 | 2305 | 55143 | 11170 | 332 | 11065 | 4171 | 388 | 3835 | 9133 | 5347 | 10112 | 890 | 9928 | 23397 | 10403 | 10460 | 3978 | 27338 | 81620 | 5888 | 641 | 5901 | 6790 | 891 | 990 | 993 | 991 | 2273 | 4303 | 5111 | 11130 | 4173 | 1843 | 699 | 1164 | 10983 | 220134 | 4172 | 55165 | 57405 | 56992 | 80346,IDA | IMP | IBA | NAS | IEA | TAS | ISS | IGI,1.0
"""The cell cycle process in which sister chromatids are organized and then physically separated and apportioned to two or more sets."" [GOC:ai, GOC:elh]",11154,10352,21,"[[], [], [], [], [], [], [], [""IMP"", ""IBA"", ""NAS""], [], [], [], [], [], [], [], [""NAS""], [""IDA"", ""IBA""], [], [], [], [], [], [], [], [], [], [], [], [], [], [], [], [], [], [""IMP""], [], [""IDA"", ""IMP"", ""TAS""], [], [], [], [""IMP""], [], [], [], [""IDA"", ""IMP"", ""IBA"", ""IEA""], [], [], [], [], [], [], [], [""IDA"", ""IMP"", ""IBA"", ""TAS"", ""NAS"", ""IEA""], [], [], [], [""IMP""], [], [], [], [], [], [], [], [], [], [], [], [], [], [], [], [], [], [], [], [], [], [], [], [], [], [], [""IMP""], [], [], [], [], [], [], [], [], [], [], [], [], [""IMP""], [], [], [], [], [], [""IMP"", ""IBA""], [], [], [], [""IMP""], [], [], [], [], [], [], [], [], [], [], [], [], [], [], [], [], [], [], [], [], [""IDA"", ""IMP"", ""ISS"", ""NAS"", ""IEA""], [], [], [""IBA""], [], [], [], [], [], [], [], [], [], [], [""IDA"", ""ISS"", ""IBA""], [], [""ISS""], [], [], [], [], [], [], [""IMP"", ""IBA"", ""TAS"", ""IEA""], [], [], [], [], [""IDA"", ""IMP""], [], [], [], [], [], [], [], [], [], [""NAS""], [], [], [""ISS""], [], [], [], [], [], [], [], [], [], [], [], [], [], [], [], [], [], [], [], [], [], [], [], [], [], [], [], [], [], []]",sister chromatid segregation,GO:0000819,2.4749383918166977e-09,"[""GO:0051276"", ""GO:0098813""]",0.10552763819095477,query_1,199,0.12,True,GO:BP,175,229,18,Entinostat,all_selected,55143 | 332 | 11065 | 3835 | 5347 | 9928 | 23397 | 10403 | 10460 | 81620 | 5901 | 891 | 990 | 991 | 7153 | 11130 | 1843 | 699 | 220134 | 57405 | 56992,IMP | IBA | NAS | IDA | TAS | IEA | ISS,2.0
"""A cellular process that results in the biosynthesis of constituent macromolecules, assembly, and arrangement of constituent parts of a complex containing RNA and proteins. Includes the biosynthesis of the constituent RNA and protein molecules, and those macromolecular modifications that are involved in synthesis or assembly of the ribonucleoprotein complex."" [GOC:isa_complete, GOC:mah]",11154,16308,26,"[[], [], [], [], [], [], [], [], [], [], [], [], [], [], [], [], [], [], [], [], [], [], [], [], [], [], [], [], [], [], [], [], [""IDA"", ""NAS""], [], [], [], [], [""IBA""], [], [], [], [""IEA""], [], [], [], [], [], [], [], [], [], [], [], [], [], [], [], [], [], [], [], [], [], [""IEA""], [], [""IBA""], [], [""IBA""], [], [], [""NAS"", ""IEA""], [""IMP"", ""IBA"", ""NAS"", ""IC"", ""IEA""], [""IDA"", ""IMP"", ""IBA"", ""IEA""], [], [], [], [], [], [""ISS"", ""IBA"", ""IEA""], [], [], [], [], [], [], [], [], [], [], [], [], [], [""IEA""], [], [], [""IBA""], [""IMP"", ""IBA""], [], [""IMP"", ""IBA"", ""IEA""], [""IBA"", ""IEA""], [], [], [], [], [], [], [], [], [], [""IDA"", ""IBA"", ""TAS"", ""IEA""], [], [], [], [], [""NAS"", ""IEA""], [], [""IEA""], [], [], [""ISS"", ""IEA""], [], [], [], [], [], [], [], [], [], [], [], [], [], [], [], [], [], [""IBA"", ""IEA""], [], [""IBA""], [], [], [], [], [], [], [], [], [], [], [], [], [], [], [], [], [], [], [], [], [], [], [], [""NAS""], [], [], [], [], [], [""IMP"", ""IBA"", ""TAS"", ""IEA""], [], [], [], [], [], [], [], [], [], [], [], [], [""IBA"", ""IEA""], [], [], [], [], [], [], [], [], [""IDA"", ""IBA"", ""IEA""], [], [""NAS""], [], [], [], [], []]",ribonucleoprotein complex biogenesis,GO:0022613,2.1879562160638492e-08,"[""GO:0044085""]",0.1306532663316583,query_1,199,0.07807807807807808,True,GO:BP,333,6185,18,Entinostat,all_selected,6628 | 54555 | 54606 | 5036 | 22827 | 51491 | 8662 | 23246 | 4839 | 705 | 10248 | 23029 | 5901 | 54663 | 56342 | 55226 | 56915 | 57109 | 79050 | 55299 | 11338 | 6627 | 1736 | 10799 | 6631 | 6629,IDA | NAS | IBA | IEA | IMP | IC | ISS | TAS,3.0
"""Any process that stops, prevents or reduces the frequency, rate or extent of mitotic cell cycle phase transition."" [GOC:mtg_cell_cycle, GOC:TermGenie, PMID:22841721]",11154,30571,16,"[[], [], [], [], [], [], [], [""NAS""], [""IMP""], [], [], [], [], [], [], [""NAS""], [], [], [], [], [], [], [], [], [], [], [], [], [], [], [], [], [], [], [], [], [""IDA"", ""IMP""], [], [], [], [], [], [], [], [], [], [], [], [], [], [], [], [""IMP"", ""NAS""], [], [], [], [], [], [], [], [], [], [], [], [], [], [], [], [], [], [], [], [], [], [], [], [], [], [], [], [], [], [], [], [], [], [], [], [], [], [""IDA""], [], [], [], [], [], [], [], [], [], [], [], [""IMP""], [], [], [], [""IBA""], [], [], [], [], [], [], [], [], [], [], [], [], [], [], [], [], [], [], [], [], [""NAS""], [""IDA""], [], [], [], [], [], [""IEA""], [], [], [], [], [], [], [""IDA"", ""IBA""], [], [""ISS""], [], [], [], [], [], [], [""IMP"", ""IBA"", ""TAS"", ""IEA""], [], [], [], [], [""IMP""], [], [], [], [], [], [], [], [], [], [""NAS""], [], [], [], [], [], [], [], [], [], [], [], [], [], [], [], [], [], [], [], [], [], [], [], [], [], [], [], [], [], [], [], [], []]",negative regulation of mitotic cell cycle phase transition,GO:1901991,9.911781278764479e-08,"[""GO:0044772"", ""GO:0045930"", ""GO:1901988"", ""GO:1901990""]",0.08040201005025126,query_1,199,0.12307692307692308,True,GO:BP,130,20448,18,Entinostat,all_selected,55143 | 11170 | 332 | 5347 | 10403 | 641 | 891 | 990 | 991 | 2273 | 4303 | 11130 | 1843 | 699 | 220134 | 57405,NAS | IMP | IDA | IBA | IEA | ISS | TAS,4.0
"""The cellular metabolic process in which a cell duplicates one or more molecules of DNA. DNA replication begins when specific sequences, known as origins of replication, are recognized and bound by the origin recognition complex, and ends when the original DNA molecule has been completely duplicated and the copies topologically separated. The unit of replication usually corresponds to the genome of the cell, an organelle, or a virus. The template for replication can either be an existing DNA molecule or RNA."" [GOC:mah]",11154,12095,20,"[[], [], [], [], [], [], [], [], [], [], [], [], [""IDA"", ""TAS"", ""IEA""], [], [], [], [], [], [], [], [], [""IEA""], [], [], [], [], [], [], [""IMP"", ""IBA"", ""TAS"", ""NAS"", ""IEA""], [], [], [], [], [], [], [], [], [], [], [""IMP""], [], [], [], [], [], [], [], [], [], [], [], [""IMP""], [], [], [], [], [], [""IBA"", ""IEA""], [], [], [], [], [], [], [], [], [], [], [], [], [], [], [], [""IBA"", ""TAS"", ""NAS"", ""IEA""], [], [], [], [""IEA""], [], [""IEA""], [], [], [], [""IDA"", ""IMP"", ""IBA"", ""IEA""], [], [], [], [""IDA"", ""IMP"", ""IEA""], [], [], [""IDA"", ""ISS"", ""IBA"", ""TAS"", ""IEA""], [], [], [], [], [], [], [], [], [], [], [], [], [], [], [], [""IBA"", ""TAS"", ""IEA""], [], [], [], [], [], [], [], [], [""TAS""], [], [], [], [], [], [], [], [], [], [], [""IMP"", ""IBA"", ""IEA""], [], [], [], [], [], [], [], [], [], [""IDA"", ""IMP"", ""ISS"", ""IBA"", ""IEA""], [], [], [], [], [], [""IBA"", ""NAS"", ""IEA""], [], [], [], [], [], [], [], [], [], [], [""IMP"", ""IBA"", ""IEA""], [], [], [""IDA"", ""IMP"", ""IBA"", ""TAS""], [], [], [], [""IBA"", ""TAS"", ""NAS"", ""IEA""], [], [], [], [], [], [], [], [], [], [], [], [], [], [], [], [], [], [], [], [], [], [], [], [], [], [], [], [], [], [], [], [], [], [], [], [], [], []]",DNA replication,GO:0006260,1.0110754634567008e-07,"[""GO:0006259""]",0.10050251256281408,query_1,199,0.09389671361502347,True,GO:BP,213,1972,18,Entinostat,all_selected,2237 | 51659 | 4171 | 890 | 9156 | 3978 | 4176 | 10036 | 27000 | 81620 | 5888 | 641 | 990 | 993 | 55388 | 5111 | 4173 | 9401 | 54107 | 4172,IDA | TAS | IEA | IMP | IBA | NAS | ISS,5.0
"""Any subdivision of a chromosome along its length."" [GOC:dos]",11154,37842,29,"[[], [], [], [], [], [], [], [""IDA"", ""IBA"", ""IEA""], [], [], [""IEA""], [], [""IDA"", ""HDA""], [], [], [""IDA"", ""IBA"", ""IEA""], [], [], [], [], [], [], [], [], [], [], [], [], [""HDA""], [], [], [], [], [], [""TAS""], [], [""IDA"", ""IBA"", ""IEA""], [], [], [], [], [], [], [], [], [], [], [], [], [], [], [], [""IDA"", ""IPI"", ""IBA"", ""TAS"", ""NAS"", ""IEA""], [], [], [], [], [], [""IBA"", ""IEA""], [], [], [], [], [], [], [], [], [], [], [], [], [], [], [""HDA""], [], [], [], [], [], [], [], [], [], [""IDA"", ""IEA""], [], [], [], [""IDA"", ""IEA""], [], [""IPI"", ""IEA""], [""IDA""], [], [], [], [], [], [], [], [], [], [], [""IBA""], [""IDA""], [], [], [], [], [], [], [""HDA""], [], [], [], [], [], [], [], [], [], [], [], [], [], [], [], [], [], [""ISS"", ""IEA""], [], [], [""IEA""], [""IDA"", ""IEA""], [], [], [], [], [""HDA""], [], [], [], [], [""IDA"", ""IBA"", ""NAS"", ""IEA""], [""HDA""], [], [], [], [], [], [], [], [""IDA"", ""IBA"", ""IEA""], [], [], [""IMP""], [], [""IDA"", ""IPI"", ""IBA"", ""IEA""], [""ISO""], [], [], [], [""HDA""], [], [], [], [], [""IDA"", ""IPI"", ""IBA"", ""NAS"", ""IEA""], [], [], [], [], [], [], [], [], [], [], [], [], [], [], [], [], [], [], [], [], [], [], [], [], [], [], [], [], [], [], [], [], []]",chromosomal region,GO:0098687,8.328069623763038e-12,"[""GO:0005694"", ""GO:0110165""]",0.1457286432160804,query_1,199,0.10247349823321555,True,GO:CC,283,3173,12,Entinostat,all_selected,55143 | 10635 | 2237 | 332 | 4171 | 3835 | 5347 | 10403 | 11339 | 4176 | 81620 | 5888 | 79019 | 641 | 6790 | 891 | 55226 | 991 | 7153 | 79902 | 5111 | 11130 | 4173 | 699 | 9401 | 220134 | 54107 | 4172 | 57405,IDA | IBA | IEA | HDA | TAS | IPI | NAS | ISS | IMP | ISO,1.0
"""The region of a kinetochore most external to centromeric DNA; this outer region mediates kinetochore-microtubule interactions."" [GOC:clt, PMID:11483983]",11154,34799,7,"[[], [], [], [], [], [], [], [], [], [], [], [], [], [], [], [], [], [], [], [], [], [], [], [], [], [], [], [], [], [], [], [], [], [], [], [], [""IDA""], [], [], [], [], [], [], [], [], [], [], [], [], [], [], [], [""IDA"", ""IPI"", ""IBA"", ""IEA""], [], [], [], [], [], [], [], [], [], [], [], [], [], [], [], [], [], [], [], [], [], [], [], [], [], [], [], [], [], [], [], [], [], [], [], [], [], [], [], [], [], [], [], [], [], [], [], [], [], [""IDA""], [], [], [], [], [], [], [], [], [], [], [], [], [], [], [], [], [], [], [], [], [], [], [], [], [], [], [], [], [], [], [], [], [], [], [], [], [], [], [""IDA""], [], [], [], [], [], [], [], [], [""IDA""], [], [], [], [], [""IDA"", ""IBA""], [], [], [], [], [], [], [], [], [], [""IDA"", ""IPI"", ""IBA"", ""IEA""], [], [], [], [], [], [], [], [], [], [], [], [], [], [], [], [], [], [], [], [], [], [], [], [], [], [], [], [], [], [], [], [], []]",outer kinetochore,GO:0000940,7.68019954795223e-08,"[""GO:0000776"", ""GO:0032991""]",0.035175879396984924,query_1,199,0.5384615384615384,True,GO:CC,13,130,12,Entinostat,all_selected,5347 | 10403 | 891 | 11130 | 699 | 220134 | 57405,IDA | IPI | IBA | IEA,2.0
"""A chromosome that encodes the nuclear genome and is found in the nucleus of a eukaryotic cell during the cell cycle phases when the nucleus is intact."" [GOC:dph, GOC:mah]",11154,34706,15,"[[], [], [], [], [], [], [], [], [], [], [], [], [], [], [], [""IDA""], [], [], [], [], [], [""IPI"", ""ISS"", ""IBA"", ""IEA""], [], [], [], [], [], [], [""IPI"", ""ISS"", ""IEA""], [""IBA"", ""NAS""], [], [], [], [], [], [], [""IEA""], [], [], [], [], [], [], [], [""ISO"", ""IEA""], [], [], [], [], [], [], [], [], [], [], [], [], [], [], [], [], [], [], [], [], [], [], [], [], [], [], [], [], [""IPI"", ""ISS""], [], [], [], [], [], [], [], [], [], [], [], [], [], [""IDA"", ""ISS"", ""IBA"", ""IEA""], [], [], [""IDA""], [], [], [], [], [], [], [], [], [], [], [], [], [], [], [], [], [], [], [], [], [], [], [], [], [], [], [], [], [], [], [], [], [], [], [], [""IBA""], [], [], [], [""IDA""], [], [], [], [], [], [""IDA""], [], [], [], [], [], [""IPI"", ""ISS""], [], [], [], [], [], [], [], [], [], [], [], [], [], [""IDA"", ""IPI"", ""IBA""], [], [], [], [""IPI"", ""ISS"", ""TAS""], [], [], [], [], [], [], [], [], [], [], [], [], [], [], [], [], [], [], [], [], [], [], [], [], [], [], [], [], [], [], [], [], [], [], [], [], [], []]",nuclear chromosome,GO:0000228,7.4200237925210794e-06,"[""GO:0005694"", ""GO:0031981""]",0.07537688442211055,query_1,199,0.09090909090909091,True,GO:CC,165,37,12,Entinostat,all_selected,332 | 51659 | 4171 | 25855 | 5347 | 23397 | 4176 | 5888 | 641 | 55388 | 7153 | 5111 | 4173 | 54107 | 4172,IDA | IPI | ISS | IBA | IEA | NAS | ISO | TAS,3.0
"""A protein-DNA complex assembled at eukaryotic DNA replication origins immediately prior to the initiation of DNA replication. The preinitiation complex is formed by the assembly of additional proteins onto an existing prereplicative complex. In budding yeast, the additional proteins might include Cdc45p, Sld2p, Sld3p, Dpb11p, DNA polymerases, and others; in fission yeast the GINS complex is present."" [GOC:bf, GOC:hjd, GOC:jl, GOC:pr, GOC:rb, GOC:vw, PMID:12694535, PMID:15194812, PMID:17230184]",11154,35724,5,"[[], [], [], [], [], [], [], [], [], [], [], [], [], [], [], [], [], [], [], [], [], [""IPI"", ""ISS"", ""IBA""], [], [], [], [], [], [], [""IPI"", ""ISS""], [], [], [], [], [], [], [], [], [], [], [], [], [], [], [], [], [], [], [], [], [], [], [], [], [], [], [], [], [], [], [], [], [], [], [], [], [], [], [], [], [], [], [], [], [""IPI"", ""ISS""], [], [], [], [], [], [], [], [], [], [], [], [], [], [], [], [], [], [], [], [], [], [], [], [], [], [], [], [], [], [], [], [], [], [], [], [], [], [], [], [], [], [], [], [], [], [], [], [], [], [], [], [], [], [], [], [], [], [], [], [], [], [], [], [], [], [], [], [], [""IPI"", ""ISS""], [], [], [], [], [], [], [], [], [], [], [], [], [], [], [], [], [], [""IPI"", ""ISS""], [], [], [], [], [], [], [], [], [], [], [], [], [], [], [], [], [], [], [], [], [], [], [], [], [], [], [], [], [], [], [], [], [], [], [], [], [], []]",DNA replication preinitiation complex,GO:0031261,1.8908063593110676e-05,"[""GO:0005654"", ""GO:0032993"", ""GO:0140513""]",0.02512562814070352,query_1,199,0.45454545454545453,True,GO:CC,11,1055,12,Entinostat,all_selected,51659 | 4171 | 4176 | 4173 | 4172,IPI | ISS | IBA,4.0
"""A small, dense body one or more of which are present in the nucleus of eukaryotic cells. It is rich in RNA and protein, is not bounded by a limiting membrane, and is not seen during mitosis. Its prime function is the transcription of the nucleolar DNA into 45S ribosomal-precursor RNA, the processing of this RNA into 5.8S, 18S, and 28S components of ribosomal RNA, and the association of these components with 5S RNA and proteins synthesized outside the nucleolus. This association results in the formation of ribonucleoprotein precursors; these pass into the cytoplasm and mature into the 40S and 60S subunits of the ribosome."" [ISBN:0198506732]",11154,34969,33,"[[], [], [], [], [], [""IDA""], [], [""IDA"", ""IEA""], [], [], [], [""IDA"", ""IBA""], [""IDA"", ""IEA""], [], [], [], [], [], [], [], [], [], [], [], [], [], [], [], [], [], [], [], [], [], [], [], [], [""IEA""], [], [], [], [""IDA"", ""IBA"", ""TAS"", ""IEA""], [], [], [], [], [], [], [], [], [], [], [], [], [], [], [], [], [], [], [], [], [], [""IDA"", ""IEA""], [], [], [], [""IDA"", ""IBA"", ""IEA""], [], [""IDA""], [], [""IDA"", ""IBA"", ""IEA""], [""IDA"", ""HDA"", ""IBA"", ""IEA""], [], [], [""IDA""], [], [], [""IDA"", ""IBA"", ""IEA""], [""IDA""], [], [], [], [], [], [], [], [""IDA""], [], [], [""IDA""], [], [""IDA"", ""IEA""], [], [], [""IDA"", ""IBA"", ""IEA""], [""IDA""], [], [""IDA"", ""IMP"", ""IBA"", ""IEA""], [""IEA""], [], [], [], [], [], [""IEA""], [], [], [], [""IDA"", ""IBA"", ""IEA""], [], [], [], [], [""IDA"", ""IBA"", ""NAS"", ""IEA""], [], [""IDA"", ""IEA""], [], [], [""IDA"", ""ISS"", ""IBA"", ""IEA""], [], [], [], [], [], [], [""IDA""], [], [], [], [""IDA""], [], [], [], [], [], [], [""IDA"", ""IBA"", ""IEA""], [], [], [], [], [], [], [], [""TAS""], [], [], [], [], [], [], [], [], [], [], [], [], [], [], [], [], [], [], [], [], [], [], [], [""IDA"", ""IBA"", ""TAS"", ""IEA""], [], [], [], [], [], [], [], [], [], [], [], [], [""TAS"", ""IEA""], [], [], [], [], [], [], [], [], [], [], [""IDA""], [], [], [], [], []]",nucleolus,GO:0005730,2.909050023747261e-05,"[""GO:0031981"", ""GO:0043232""]",0.1658291457286432,query_1,199,0.043941411451398134,True,GO:CC,751,300,12,Entinostat,all_selected,1019 | 55143 | 79080 | 2237 | 54555 | 54606 | 5036 | 51491 | 54982 | 23246 | 4839 | 9079 | 705 | 27000 | 5888 | 641 | 10248 | 23029 | 5901 | 54663 | 56342 | 5997 | 55226 | 56915 | 57109 | 79050 | 55388 | 7153 | 55299 | 5725 | 1736 | 10799 | 6629,IDA | IEA | IBA | TAS | HDA | IMP | NAS | ISS,5.0
"""Catalytic activity that acts to modify a nucleic acid."" [GOC:pg]",11154,9383,27,"[[], [], [], [], [], [], [], [], [], [], [], [], [""IDA"", ""IMP"", ""IBA"", ""TAS"", ""IEA""], [], [], [], [], [], [], [], [], [], [], [], [], [], [], [], [""IBA"", ""IEA""], [], [""IEA""], [], [], [""EXP"", ""IEA""], [], [], [], [""IDA"", ""IEA""], [], [], [], [""TAS"", ""IEA""], [], [], [], [], [], [], [], [], [], [""IDA"", ""ISS"", ""IBA"", ""TAS"", ""IEA""], [], [], [], [], [], [""IDA"", ""IMP"", ""IBA"", ""TAS"", ""IEA""], [], [], [], [], [], [], [], [], [], [], [], [], [], [], [""IDA"", ""IMP"", ""IBA"", ""IEA""], [""IDA"", ""IBA"", ""IEA""], [], [], [], [], [], [], [], [], [], [], [], [], [], [""IDA"", ""IMP"", ""IBA"", ""IEA""], [], [], [""IDA"", ""IMP"", ""IBA"", ""TAS"", ""IEA""], [], [""IDA"", ""IEA""], [], [], [], [], [""IDA"", ""IBA"", ""TAS"", ""IEA""], [], [], [], [], [], [], [], [], [], [], [], [""IBA"", ""IEA""], [], [], [], [], [""NAS""], [], [""IDA"", ""IBA"", ""IEA""], [], [], [], [], [], [], [], [""IDA""], [], [], [], [], [], [""IDA"", ""IMP"", ""IEA""], [], [], [], [], [], [""IDA""], [], [], [], [], [], [""IDA"", ""IBA"", ""IEA""], [], [], [], [], [], [], [], [], [], [], [""IDA"", ""IBA"", ""TAS"", ""IEA""], [], [], [""TAS""], [], [], [], [""IBA"", ""IEA""], [], [], [], [], [], [], [], [], [""IDA""], [], [], [], [], [], [], [], [], [], [""IEA""], [], [], [""IDA"", ""IBA"", ""TAS"", ""IEA""], [], [], [], [], [], [], [], [], [], [], [], [], [], [], [], []]","catalytic activity, acting on a nucleic acid",GO:0140640,2.978879177743065e-06,"[""GO:0003824""]",0.135678391959799,query_1,199,0.06585365853658537,True,GO:MF,410,9383,1,Entinostat,all_selected,2237 | 4171 | 80324 | 55621 | 54555 | 54606 | 9156 | 3978 | 4839 | 4176 | 5888 | 641 | 10248 | 2193 | 55226 | 56915 | 57109 | 4830 | 7153 | 5111 | 4173 | 9401 | 54107 | 4172 | 1736 | 55661 | 10799,IDA | IMP | IBA | TAS | IEA | EXP | ISS | NAS,1.0
"""Catalysis of the geometric or structural changes within one molecule. Isomerase is the systematic name for any enzyme of EC class 5."" [ISBN:0198506732]",11154,2944,23,"[[], [], [], [], [], [], [], [], [], [], [], [], [], [], [], [], [], [], [], [], [], [], [], [], [], [], [], [], [""IBA"", ""IEA""], [], [""EXP"", ""IDA"", ""IMP"", ""IBA"", ""IEA""], [], [], [], [""IBA"", ""TAS"", ""IEA""], [], [], [""IDA"", ""IEA""], [""IBA"", ""IEA""], [], [""ISS"", ""IBA"", ""IEA""], [""TAS"", ""IEA""], [], [], [], [], [], [], [], [""EXP"", ""IDA"", ""ISS"", ""TAS"", ""IEA""], [], [], [], [], [], [], [], [], [], [], [], [""IDA"", ""IMP"", ""IBA"", ""IEA""], [], [], [], [], [], [], [], [], [], [], [], [""IDA"", ""IBA"", ""IEA""], [], [], [], [], [], [], [], [], [], [], [], [], [], [""IDA"", ""IMP""], [], [], [""IDA"", ""IMP"", ""IBA"", ""TAS"", ""IEA""], [], [], [""IDA"", ""IBA"", ""IEA""], [], [], [], [], [], [], [""IBA""], [], [], [], [], [], [], [], [], [], [], [], [], [], [], [], [], [], [], [], [], [], [], [], [], [], [], [], [], [], [""IDA"", ""IMP"", ""IEA""], [], [], [], [], [], [], [], [""IDA"", ""IBA"", ""TAS"", ""IEA""], [], [], [], [""IDA"", ""IBA"", ""IEA""], [], [], [], [""IDA"", ""IBA"", ""TAS"", ""NAS"", ""IEA""], [], [], [], [], [], [], [""IDA"", ""IBA"", ""TAS"", ""IEA""], [], [], [], [], [], [], [""IBA"", ""IEA""], [], [], [], [], [], [], [], [""ISS"", ""IBA"", ""IEA""], [""IMP"", ""IBA"", ""IEA""], [], [], [], [], [], [], [], [], [], [""IEA""], [], [], [], [], [], [], [], [], [], [], [], [], [], [], [], [], [], [], []]",isomerase activity,GO:0016853,5.793017085162134e-06,"[""GO:0003824""]",0.11557788944723618,query_1,199,0.07098765432098765,True,GO:MF,324,2944,1,Entinostat,all_selected,4171 | 80324 | 3835 | 54555 | 10112 | 9928 | 54606 | 5730 | 5478 | 4176 | 5888 | 641 | 4282 | 4629 | 7153 | 5740 | 4173 | 7167 | 9401 | 4172 | 56992 | 1736 | 55661,IBA | IEA | EXP | IDA | IMP | TAS | ISS | NAS,2.0
"""Binding to an RNA molecule or a portion thereof."" [GOC:jl, GOC:mah]",11154,333,44,"[[], [], [], [], [], [], [], [], [], [], [""IDA"", ""TAS"", ""IEA""], [""HDA""], [], [], [], [], [], [], [], [], [], [], [], [], [], [], [], [], [], [], [""IDA"", ""HDA"", ""IEA""], [], [""IPI"", ""HDA"", ""IEA""], [""HDA"", ""IEA""], [], [], [], [""HDA"", ""IEA""], [], [], [], [""IDA"", ""HDA"", ""IEA""], [], [], [], [], [], [], [], [], [], [], [], [], [], [], [], [], [], [], [], [""HDA""], [], [""HDA"", ""IEA""], [], [""HDA"", ""IEA""], [], [""HDA""], [], [], [""IDA"", ""IEA""], [""HDA""], [""HDA"", ""IEA""], [], [], [], [], [], [""HDA"", ""IBA""], [""HDA""], [], [], [], [], [], [], [], [], [], [], [], [""HDA"", ""IBA""], [""IDA"", ""HDA"", ""IEA""], [], [], [""HDA"", ""IBA"", ""IEA""], [""IDA"", ""HDA""], [""HDA"", ""IEA""], [], [""HDA"", ""IBA"", ""IEA""], [], [], [], [], [], [], [], [""IDA""], [], [""HDA"", ""IBA""], [], [], [], [], [""IBA""], [], [""HDA""], [], [], [""HDA""], [], [], [], [], [""HDA""], [], [], [], [], [], [""HDA""], [], [], [], [], [], [], [""HDA"", ""IBA"", ""IEA""], [], [""IDA"", ""HDA"", ""IBA"", ""IEA""], [], [], [], [], [], [""IDA"", ""HDA"", ""IBA"", ""TAS"", ""IEA""], [], [], [], [], [], [], [], [], [], [], [], [], [""HDA""], [], [], [], [""HDA""], [""HDA"", ""IBA"", ""IEA""], [], [], [], [], [], [""IPI"", ""HDA"", ""TAS"", ""IEA""], [], [], [""HDA""], [], [""HDA""], [], [], [""ISS"", ""IEA""], [], [], [], [], [""IDA"", ""IEA""], [], [], [], [""HDA""], [], [], [], [], [""IDA"", ""HDA"", ""IBA"", ""IEA""], [""HDA""], [""IBA"", ""IEA""], [], [], [], [], []]",RNA binding,GO:0003723,0.0002559692149945159,"[""GO:0003676""]",0.22110552763819097,query_1,199,0.037037037037037035,True,GO:MF,1188,333,2,Entinostat,all_selected,10635 | 79080 | 80324 | 6628 | 55621 | 54555 | 54606 | 5478 | 5036 | 22827 | 51491 | 8662 | 23246 | 4839 | 705 | 27000 | 9238 | 10248 | 23029 | 5901 | 2193 | 56342 | 7298 | 55226 | 56915 | 57109 | 79050 | 4830 | 7153 | 55299 | 11338 | 5725 | 65005 | 79169 | 6627 | 1736 | 10915 | 6183 | 4521 | 10799 | 3068 | 6631 | 9898 | 6629,IDA | TAS | IEA | HDA | IPI | IBA | ISS,3.0
"""Binding to single-stranded DNA."" [GOC:elh, GOC:vw, PMID:22976174]",11154,325,10,"[[], [], [], [], [], [], [], [], [], [], [""IDA"", ""IBA"", ""TAS""], [], [], [], [], [], [], [], [], [], [], [], [], [], [], [], [], [], [""IBA""], [], [], [], [], [], [], [], [], [], [], [], [], [], [], [], [], [], [], [], [], [], [], [], [], [], [], [], [], [], [], [], [], [], [], [], [], [], [], [], [], [], [], [], [], [""IDA"", ""ISS"", ""IEA""], [], [], [], [], [], [], [], [], [], [], [], [], [], [""IDA"", ""IMP"", ""IBA"", ""IEA""], [], [], [""IDA""], [], [], [], [], [], [], [], [], [], [], [], [], [], [], [], [], [], [], [], [], [], [], [], [], [], [""IDA""], [], [], [], [], [], [], [], [], [], [""IBA"", ""IEA""], [], [], [], [], [], [], [], [], [], [], [], [], [], [], [], [""IDA"", ""ISS"", ""IEA""], [], [], [], [], [], [], [], [], [], [], [""IDA""], [], [], [], [], [], [], [""IBA""], [], [], [], [], [], [], [], [], [], [], [], [], [], [], [], [], [], [], [], [], [], [], [], [], [], [], [], [], [], [], [], [], [], [], [], [], [], []]",single-stranded DNA binding,GO:0003697,0.0006600708949873736,"[""GO:0003677""]",0.05025125628140704,query_1,199,0.10869565217391304,True,GO:MF,92,325,6,Entinostat,all_selected,10635 | 4171 | 4176 | 5888 | 641 | 57109 | 55388 | 4173 | 9401 | 4172,IDA | IBA | TAS | ISS | IEA | IMP,4.0
"""Modulates the activity of a cyclin-dependent protein serine/threonine kinase, enzymes of the protein kinase family that are regulated through association with cyclins and other proteins."" [GOC:pr, GOC:rn, PMID:7877684, PMID:9442875]",11154,2754,6,"[[], [], [], [], [], [""TAS""], [], [], [], [], [], [], [], [], [], [], [], [], [], [], [], [], [], [], [], [], [], [], [], [], [], [], [], [], [], [""IBA"", ""IEA""], [], [], [], [""IDA"", ""IBA"", ""IEA""], [], [], [], [], [], [], [], [], [], [], [], [], [], [], [], [], [], [], [], [], [], [], [], [], [], [], [], [], [], [], [], [], [], [], [], [], [], [], [], [], [], [], [], [], [], [], [], [], [], [], [], [], [], [], [], [], [], [], [], [], [], [], [""IDA"", ""IBA"", ""IEA""], [], [], [], [], [], [], [], [], [], [], [], [], [], [], [], [], [], [], [], [], [], [], [], [], [], [], [], [], [], [], [], [], [], [], [], [], [], [], [], [], [], [], [], [], [], [], [], [], [""IBA"", ""IEA""], [], [], [""IBA""], [], [], [], [], [], [], [], [], [], [], [], [], [], [], [], [], [], [], [], [], [], [], [], [], [], [], [], [], [], [], [], [], [], [], [], [], [], [], [], [], [], [], [], []]",cyclin-dependent protein serine/threonine kinase regulator activity,GO:0016538,0.0024922678958320525,"[""GO:0019914""]",0.03015075376884422,query_1,199,0.15384615384615385,True,GO:MF,39,2754,3,Entinostat,all_selected,1019 | 9133 | 890 | 891 | 1164 | 10983,TAS | IBA | IEA | IDA,5.0
Cell cycle,11154,39011,16,"[[], [], [], [], [], [""KEGG""], [], [], [], [], [], [], [], [], [], [], [], [], [], [], [], [], [], [], [], [], [], [], [""KEGG""], [], [], [], [], [], [], [""KEGG""], [""KEGG""], [], [], [""KEGG""], [], [], [], [], [], [], [], [], [], [], [], [], [""KEGG""], [], [], [], [], [], [], [], [], [], [], [], [], [], [], [], [], [], [], [], [], [""KEGG""], [], [], [], [], [], [], [], [], [], [""KEGG""], [], [], [], [], [], [], [], [], [], [], [], [], [], [], [], [], [], [], [""KEGG""], [], [], [], [""KEGG""], [], [], [], [], [], [], [], [], [""KEGG""], [], [], [], [], [], [], [], [], [], [], [], [""KEGG""], [], [], [], [], [], [], [], [], [""KEGG""], [], [], [], [], [], [""KEGG""], [], [], [], [], [], [], [], [""KEGG""], [], [], [], [], [], [], [], [], [], [""KEGG""], [], [], [], [], [], [], [], [], [], [], [], [], [], [], [], [], [], [], [], [], [], [], [], [], [], [], [], [], [], [], [], [], [], [], [], [], [], []]",Cell cycle,KEGG:04110,2.586929025881238e-07,"[""KEGG:00000""]",0.08040201005025126,query_1,199,0.12307692307692308,True,KEGG,130,273,25,Entinostat,all_selected,1019 | 4171 | 9133 | 5347 | 890 | 10403 | 4176 | 81620 | 891 | 990 | 993 | 991 | 5111 | 4173 | 699 | 4172,KEGG,1.0
DNA replication,11154,38957,8,"[[], [], [], [], [], [], [], [], [], [], [], [], [""KEGG""], [], [], [], [], [], [], [], [], [], [], [], [], [], [], [], [""KEGG""], [], [], [], [], [], [], [], [], [], [], [], [], [], [], [], [], [], [], [], [], [], [], [], [], [], [], [], [], [""KEGG""], [], [], [], [], [], [], [], [], [], [], [], [], [], [], [], [""KEGG""], [], [], [], [], [], [], [], [], [], [], [], [], [], [], [], [], [], [], [], [], [], [], [], [], [], [], [], [], [], [], [], [], [], [], [], [], [], [], [], [], [], [], [], [], [], [], [], [], [], [], [], [], [], [], [], [], [], [], [], [], [], [], [""KEGG""], [], [], [], [], [], [""KEGG""], [], [], [], [], [], [], [], [], [], [], [], [], [], [""KEGG""], [], [], [], [""KEGG""], [], [], [], [], [], [], [], [], [], [], [], [], [], [], [], [], [], [], [], [], [], [], [], [], [], [], [], [], [], [], [], [], [], [], [], [], [], []]",DNA replication,KEGG:03030,1.196560247563454e-05,"[""KEGG:00000""]",0.04020100502512563,query_1,199,0.23529411764705882,True,KEGG,34,219,26,Entinostat,all_selected,2237 | 4171 | 3978 | 4176 | 5111 | 4173 | 54107 | 4172,KEGG,2.0
Progesterone-mediated oocyte maturation,11154,39123,8,"[[], [], [], [], [], [], [], [], [], [], [], [], [], [], [], [], [], [], [], [], [], [], [], [], [], [], [], [], [], [], [], [], [], [], [""KEGG""], [""KEGG""], [""KEGG""], [], [], [""KEGG""], [], [], [], [], [], [], [], [], [], [], [], [], [], [], [], [], [], [], [], [], [], [], [], [], [], [], [], [], [], [], [], [], [], [], [], [], [], [], [], [], [], [], [], [], [], [], [], [], [], [], [], [], [], [], [], [], [], [], [], [], [], [""KEGG""], [""KEGG""], [], [], [], [], [], [], [], [], [], [], [], [], [""KEGG""], [], [], [], [], [], [], [], [], [], [], [], [], [], [], [], [], [], [], [], [], [], [], [], [], [], [], [], [], [], [], [], [], [], [], [""KEGG""], [], [], [], [], [], [], [], [], [], [], [], [], [], [], [], [], [], [], [], [], [], [], [], [], [], [], [], [], [], [], [], [], [], [], [], [], [], [], [], [], [], [], [], [], [], [], [], []]",Progesterone-mediated oocyte maturation,KEGG:04914,0.003965084263672673,"[""KEGG:00000""]",0.04020100502512563,query_1,199,0.10666666666666667,True,KEGG,75,385,27,Entinostat,all_selected,3835 | 9133 | 5347 | 890 | 6790 | 891 | 993 | 699,KEGG,3.0
Tyrosine metabolism,11154,38780,5,"[[], [], [], [], [], [], [], [], [], [], [], [], [], [], [""KEGG""], [], [], [], [], [], [], [], [], [""KEGG""], [], [], [], [], [], [], [], [], [], [], [], [], [], [], [], [], [], [], [], [], [], [], [], [], [], [], [], [], [], [], [], [], [], [], [], [], [], [], [], [], [], [], [], [], [], [], [], [], [], [], [], [], [], [], [], [], [], [], [], [], [], [], [], [], [], [], [], [], [], [""KEGG""], [], [], [], [], [], [], [], [], [], [], [], [], [], [], [], [], [], [], [], [], [], [], [], [], [], [], [], [], [], [], [], [], [], [], [], [], [], [], [], [], [], [], [], [], [], [], [""KEGG""], [], [], [], [], [], [], [], [], [], [], [], [], [], [], [], [], [], [], [], [], [], [], [], [], [], [], [], [], [], [], [], [], [], [], [], [], [], [], [], [], [], [], [""KEGG""], [], [], [], [], [], [], [], [], [], [], [], [], [], [], []]",Tyrosine metabolism,KEGG:00350,0.011012829418321525,"[""KEGG:00000""]",0.02512562814070352,query_1,199,0.16129032258064516,True,KEGG,31,42,28,Entinostat,all_selected,125 | 316 | 4282 | 4128 | 8639,KEGG,4.0
Spliceosome,11154,38958,8,"[[], [], [], [], [], [], [], [], [], [], [], [], [], [], [], [], [], [], [], [], [], [], [], [], [], [], [], [], [], [], [], [], [""KEGG""], [], [], [], [], [], [], [], [], [], [], [], [], [], [], [], [], [], [], [], [], [], [], [], [], [], [], [], [], [], [], [], [], [""KEGG""], [], [], [], [], [], [], [], [], [], [], [], [], [], [], [], [], [], [], [], [], [], [], [], [], [], [], [], [], [], [], [], [], [], [], [], [], [], [], [], [], [], [], [], [], [], [], [], [], [], [], [], [], [], [], [], [], [], [], [], [], [], [], [], [], [], [], [], [], [], [], [], [], [], [""KEGG""], [], [], [], [], [], [], [], [], [], [], [], [], [], [], [], [], [], [], [], [], [], [], [], [""KEGG""], [], [], [], [], [], [], [], [], [""KEGG""], [], [], [], [], [], [], [], [], [], [], [], [], [], [], [], [], [], [""KEGG""], [""KEGG""], [], [""KEGG""], [], [], [], [], []]",Spliceosome,KEGG:03040,0.024937323039073953,"[""KEGG:00000""]",0.04020100502512563,query_1,199,0.0761904761904762,True,KEGG,105,220,29,Entinostat,all_selected,6628 | 22827 | 11338 | 6627 | 10915 | 8896 | 6631 | 6629,KEGG,5.0
Cell Cycle,11154,39661,43,"[[], [], [], [], [], [""REAC""], [""REAC""], [""REAC""], [], [], [], [], [""REAC""], [], [], [""REAC""], [""REAC""], [], [], [], [], [""REAC""], [], [], [""REAC""], [], [], [], [""REAC""], [], [], [], [], [], [], [""REAC""], [""REAC""], [], [""REAC""], [""REAC""], [], [], [], [], [""REAC""], [], [], [], [], [], [], [""REAC""], [""REAC""], [], [], [], [], [""REAC""], [""REAC""], [], [], [], [], [], [], [], [""REAC""], [], [], [], [], [], [], [""REAC""], [], [], [], [], [], [], [], [], [], [""REAC""], [], [], [], [""REAC""], [], [""REAC""], [""REAC""], [], [], [], [], [], [""REAC""], [], [], [], [], [""REAC""], [""REAC""], [], [], [], [""REAC""], [""REAC""], [], [], [], [], [], [], [], [""REAC""], [], [], [], [], [], [], [], [], [], [], [""REAC""], [""REAC""], [], [], [""REAC""], [""REAC""], [], [], [], [], [""REAC""], [], [], [], [], [""REAC""], [""REAC""], [], [], [], [], [], [], [], [""REAC""], [], [], [], [], [""REAC""], [""REAC""], [], [], [], [""REAC""], [], [], [], [], [""REAC""], [], [], [], [""REAC""], [], [], [], [], [], [], [], [], [], [], [], [], [], [], [], [], [], [], [], [], [], [], [], [], [], [], [], [], []]",Cell Cycle,REAC:R-HSA-1640170,2.9108823597592855e-15,"[""REAC:0000000""]",0.21608040201005024,query_1,199,0.08514851485148515,True,REAC,505,337,30,Entinostat,all_selected,1019 | 2305 | 55143 | 2237 | 332 | 11065 | 51659 | 5577 | 4171 | 9133 | 5347 | 10112 | 890 | 23397 | 9156 | 10403 | 3978 | 11339 | 27338 | 4176 | 81620 | 5888 | 79019 | 641 | 5901 | 6790 | 891 | 990 | 7298 | 993 | 55388 | 991 | 7153 | 79902 | 5111 | 11130 | 4173 | 699 | 220134 | 54107 | 4172 | 57405 | 1736,REAC,1.0
DNA Replication,11154,39789,15,"[[], [], [], [], [], [], [], [], [], [], [], [], [""REAC""], [], [], [], [""REAC""], [], [], [], [], [""REAC""], [], [], [], [], [], [], [""REAC""], [], [], [], [], [], [], [], [], [], [], [""REAC""], [], [], [], [], [], [], [], [], [], [], [], [], [], [], [], [], [], [""REAC""], [], [], [], [], [], [], [], [], [""REAC""], [], [], [], [], [], [], [""REAC""], [], [], [], [], [], [], [], [], [], [""REAC""], [], [], [], [], [], [], [], [], [], [], [], [], [], [], [], [], [], [], [], [], [], [], [""REAC""], [], [], [], [], [], [], [], [], [], [], [], [], [], [], [], [], [], [], [], [""REAC""], [], [], [], [], [], [], [], [], [], [""REAC""], [], [], [], [], [], [""REAC""], [], [], [], [], [], [], [], [], [], [], [], [], [], [""REAC""], [], [], [], [""REAC""], [], [], [], [], [], [], [], [], [], [], [], [], [], [], [], [], [], [], [], [], [], [], [], [], [], [], [], [], [], [], [], [], [], [], [], [], [], []]",DNA Replication,REAC:R-HSA-69306,2.1383293951001013e-07,"[""REAC:0000000""]",0.07537688442211055,query_1,199,0.13513513513513514,True,REAC,111,465,30,Entinostat,all_selected,2237 | 11065 | 51659 | 4171 | 890 | 3978 | 27338 | 4176 | 81620 | 990 | 55388 | 5111 | 4173 | 54107 | 4172,REAC,2.0
Mitotic Spindle Checkpoint,11154,40875,13,"[[], [], [], [], [], [], [], [""REAC""], [], [], [], [], [], [], [], [""REAC""], [""REAC""], [], [], [], [], [], [], [], [], [], [], [], [], [], [], [], [], [], [], [], [""REAC""], [], [], [], [], [], [], [], [], [], [], [], [], [], [], [], [""REAC""], [], [], [], [], [], [], [], [], [], [], [], [], [], [""REAC""], [], [], [], [], [], [], [], [], [], [], [], [], [], [], [], [], [], [], [], [], [], [], [""REAC""], [], [], [], [], [], [], [], [], [], [], [], [], [], [], [], [], [], [], [], [], [], [], [], [], [], [], [], [], [], [], [], [], [], [], [], [], [], [""REAC""], [], [], [], [""REAC""], [], [], [], [], [], [], [], [], [], [""REAC""], [], [], [], [], [], [], [], [], [""REAC""], [], [], [], [], [""REAC""], [], [], [], [], [], [], [], [], [], [""REAC""], [], [], [], [], [], [], [], [], [], [], [], [], [], [], [], [], [], [], [], [], [], [], [], [], [], [], [], [], [], [], [], [], []]",Mitotic Spindle Checkpoint,REAC:R-HSA-69618,4.7143170109693134e-07,"[""REAC:R-HSA-69620""]",0.06532663316582915,query_1,199,0.1511627906976744,True,REAC,86,1551,30,Entinostat,all_selected,55143 | 332 | 11065 | 5347 | 10403 | 27338 | 79019 | 991 | 79902 | 11130 | 699 | 220134 | 57405,REAC,3.0
Activation of ATR in response to replication stress,11154,39405,7,"[[], [], [], [], [], [], [], [], [], [], [], [], [], [], [], [], [], [], [], [], [], [], [], [], [], [], [], [], [""REAC""], [], [], [], [], [], [], [], [], [], [], [], [], [], [], [], [], [], [], [], [], [], [], [], [], [], [], [], [], [], [], [], [], [], [], [], [], [], [], [], [], [], [], [], [], [""REAC""], [], [], [], [], [], [], [], [], [], [], [], [], [], [], [], [], [], [], [], [], [], [], [], [], [], [], [], [], [], [], [], [], [""REAC""], [], [], [], [], [], [], [], [], [""REAC""], [], [], [], [], [], [], [], [], [], [], [""REAC""], [], [], [], [], [], [], [], [], [], [], [], [], [], [], [], [""REAC""], [], [], [], [], [], [], [], [], [], [], [], [], [], [], [], [], [], [""REAC""], [], [], [], [], [], [], [], [], [], [], [], [], [], [], [], [], [], [], [], [], [], [], [], [], [], [], [], [], [], [], [], [], [], [], [], [], [], []]",Activation of ATR in response to replication stress,REAC:R-HSA-176187,2.0129007002307493e-05,"[""REAC:R-HSA-69481""]",0.035175879396984924,query_1,199,0.25,True,REAC,28,81,30,Entinostat,all_selected,4171 | 4176 | 990 | 993 | 55388 | 4173 | 4172,REAC,4.0
Polo-like kinase mediated events,11154,41164,5,"[[], [], [], [], [], [], [""REAC""], [], [], [], [], [], [], [], [], [], [], [], [], [], [], [], [], [], [], [], [], [], [], [], [], [], [], [], [], [""REAC""], [""REAC""], [], [], [], [], [], [], [], [], [], [], [], [], [], [], [], [], [], [], [], [], [], [], [], [], [], [], [], [], [], [], [], [], [], [], [], [], [], [], [], [], [], [], [], [], [], [], [], [], [], [], [], [], [], [], [], [], [], [], [], [], [], [], [], [], [], [""REAC""], [], [], [], [], [], [], [], [], [], [], [], [], [""REAC""], [], [], [], [], [], [], [], [], [], [], [], [], [], [], [], [], [], [], [], [], [], [], [], [], [], [], [], [], [], [], [], [], [], [], [], [], [], [], [], [], [], [], [], [], [], [], [], [], [], [], [], [], [], [], [], [], [], [], [], [], [], [], [], [], [], [], [], [], [], [], [], [], [], [], [], [], [], [], [], [], [], [], []]",Polo-like kinase mediated events,REAC:R-HSA-156711,6.95394433648221e-05,"[""REAC:R-HSA-69275""]",0.02512562814070352,query_1,199,0.38461538461538464,True,REAC,13,1840,39,Entinostat,all_selected,2305 | 9133 | 5347 | 891 | 993,REAC,5.0
"""Assembly of the extracellular matrix fibers that enables the matrix to recoil after transient stretching."" [GOC:jid, PMID:10841810, PMID:12615674]",11154,21885,4,"[[], [], [], [], [""IMP"", ""ISS"", ""IBA""], [], [], [], [], [], [], [], [""ISS""], [], [], [], [], [], [], [], [], [], [], [], [""IMP""], [], [], [], [], [], [], [], [], [], [], [], [], [], [], [], [], [], [""IMP""], [], [], [], [], [], [], [], [], [], [], [], [], [], [], [], [], [], [], [], [], [], [], [], [], [], [], [], [], [], [], [], [], [], [], [], [], [], []]",elastic fiber assembly,GO:0048251,0.001825588959652319,"[""GO:0085029"", ""GO:0097435""]",0.04938271604938271,query_1,81,0.36363636363636365,True,GO:BP,11,11762,6,Entinostat,disease_down_drug_up,10516 | 8425 | 7148 | 4629,IMP | ISS | IBA,1.0
"""Blood vessel formation when new vessels emerge from the proliferation of pre-existing blood vessels."" [ISBN:0878932453]",11154,10441,12,"[[], [], [""IDA"", ""IMP"", ""ISS"", ""IBA"", ""IEA""], [], [], [], [""IMP""], [], [], [], [], [], [], [], [], [""IEA""], [], [""ISS"", ""IEA""], [], [], [], [], [""ISS"", ""IEA""], [], [], [], [], [], [], [], [], [], [], [], [], [], [], [], [], [], [], [], [], [], [], [], [], [], [], [], [], [], [], [], [], [], [""IDA""], [], [""IMP""], [], [], [], [], [], [""NAS""], [], [""IEA""], [], [], [], [], [], [""IBA"", ""IEA""], [], [], [], [""ISS"", ""IEA""], [], [], [], [""IEP""]]",angiogenesis,GO:0001525,0.04521389209898089,"[""GO:0048514"", ""GO:0048646""]",0.14814814814814814,query_1,81,0.02608695652173913,True,GO:BP,460,318,8,Entinostat,disease_down_drug_up,7010 | 3953 | 4883 | 388 | 7048 | 4303 | 5740 | 55576 | 2034 | 1901 | 6943 | 51705,IDA | IMP | ISS | IBA | IEA | NAS | IEP,2.0
"""The controlled self-propelled movement of a cell from one site to a destination guided by molecular cues."" [GOC:cjm, GOC:dph, GOC:ems, GOC:pf, Wikipedia:Cell_migration]",11154,15100,21,"[[], [""IEA""], [""IDA"", ""IMP"", ""IBA""], [], [], [""IMP""], [], [], [], [], [], [], [], [], [], [], [], [""IDA"", ""IMP"", ""IGI""], [], [""IDA""], [], [], [""IEA""], [], [""ISO""], [], [], [], [], [""IEA""], [""IEA""], [""IMP"", ""IEA""], [""IMP""], [""ISS"", ""IEA""], [], [""IEA""], [], [], [], [""IDA""], [], [], [], [], [], [], [], [], [], [], [""IMP""], [], [], [""IBA"", ""IEA""], [], [], [""IEA""], [], [], [], [""IMP""], [], [], [], [], [], [], [""ISS"", ""IBA""], [], [], [], [], [""IDA"", ""ISS"", ""IEA""], [""IMP"", ""IEA""], [], [], [], [], [], [], []]",cell migration,GO:0016477,0.04521389209898089,"[""GO:0048870""]",0.25925925925925924,query_1,81,0.017326732673267328,True,GO:BP,1212,4977,7,Entinostat,disease_down_drug_up,9590 | 7010 | 11170 | 388 | 2823 | 7048 | 7148 | 90865 | 23022 | 1910 | 22998 | 9079 | 11037 | 10894 | 2651 | 6663 | 4303 | 1843 | 2719 | 1901 | 55616,IEA | IDA | IMP | IBA | IGI | ISO | ISS,3.0
"""A process that is carried out at the cellular level which results in the assembly, arrangement of constituent parts, or disassembly of cytoskeletal structures comprising actin filaments and their associated proteins."" [GOC:dph, GOC:jl, GOC:mah]",11154,16348,13,"[[], [], [], [], [], [""IMP"", ""ISS"", ""IBA""], [], [], [], [], [], [], [], [], [], [], [], [""IBA""], [], [], [], [""IBA"", ""TAS"", ""IEA""], [], [], [""ISS""], [], [], [], [], [], [""IEA""], [], [""IMP"", ""IBA"", ""IEA""], [], [], [], [], [""IBA""], [], [], [""IBA"", ""IEA""], [], [""ISS"", ""IBA""], [], [], [], [], [""IDA"", ""IBA"", ""TAS"", ""IEA""], [], [], [], [], [], [], [], [], [], [], [], [], [], [], [], [], [], [], [], [], [], [], [], [], [""ISS"", ""IEA""], [""IMP"", ""IBA""], [], [""ISS"", ""IBA""], [], [], [], [], []]",actin cytoskeleton organization,GO:0030036,0.04521389209898089,"[""GO:0007010"", ""GO:0030029""]",0.16049382716049382,query_1,81,0.02411873840445269,True,GO:BP,539,6225,9,Entinostat,disease_down_drug_up,11170 | 388 | 10810 | 7148 | 23022 | 22998 | 9754 | 256949 | 4629 | 11034 | 1901 | 55616 | 11346,IMP | ISS | IBA | TAS | IEA | IDA,4.0
"""A contractile actin filament bundle that consists of short actin filaments with alternating polarity, cross-linked by alpha-actinin and possibly other actin bundling proteins, and with myosin present in a periodic distribution along the fiber."" [PMID:16651381]",11154,34820,5,"[[], [], [""IDA""], [], [], [""IDA"", ""IBA"", ""IEA""], [], [], [], [], [], [], [], [], [], [], [], [], [], [], [], [], [], [], [], [], [], [], [], [], [""IDA"", ""IEA""], [], [""IDA"", ""IBA"", ""IEA""], [], [], [], [], [], [], [], [], [], [], [], [], [], [], [], [], [], [], [], [], [], [], [], [], [], [], [], [], [], [], [], [], [], [], [], [], [], [], [], [], [], [], [""IBA""], [], [], [], [], []]",stress fiber,GO:0001725,0.007744240755365739,"[""GO:0042641"", ""GO:0097517""]",0.06172839506172839,query_1,81,0.07575757575757576,True,GO:CC,66,151,2,Entinostat,disease_down_drug_up,7010 | 11170 | 23022 | 22998 | 11346,IDA | IBA | IEA,1.0
"""A cell junction that mechanically attaches a cell (and its cytoskeleton) to neighboring cells or to the extracellular matrix."" [ISBN:0815332181]",11154,37043,16,"[[], [""HDA""], [""IDA"", ""IEA""], [], [], [""IDA"", ""IEA""], [], [], [], [], [], [], [], [], [], [], [], [""HDA""], [""IDA"", ""IBA"", ""IEA""], [], [""ISS""], [], [], [], [], [], [], [""IDA"", ""HDA"", ""IBA"", ""IEA""], [], [], [""IDA"", ""HDA"", ""IEA""], [], [], [], [""HDA"", ""IEA""], [], [""IBA"", ""IEA""], [""IEA""], [], [], [], [], [], [], [], [""IDA""], [], [], [], [], [], [], [], [], [], [""HDA""], [], [], [], [], [], [], [], [], [], [], [], [], [], [], [], [], [], [""IDA"", ""IBA"", ""IEA""], [], [""IEA""], [], [""IEA""], [], [], []]",anchoring junction,GO:0070161,0.007744240755365739,"[""GO:0030054""]",0.19753086419753085,query_1,81,0.0221606648199446,True,GO:CC,722,2374,3,Entinostat,disease_down_drug_up,9590 | 7010 | 11170 | 388 | 1674 | 5348 | 55679 | 23022 | 23114 | 8777 | 9754 | 364 | 2273 | 55616 | 11346 | 57716,HDA | IDA | IEA | IBA | ISS,2.0
"""The non-collagenous component of interstitial extracellular matrices, including glycoprotein like fibronectin and elastin."" [PMID:21123617, PMID:25701227, PMID:33605520, PMID:39223427]",11154,38139,3,"[[], [], [], [], [""ISS""], [], [], [], [], [], [], [], [""ISS"", ""IEA""], [], [], [], [], [], [], [], [], [], [], [], [""ISO""], [], [], [], [], [], [], [], [], [], [], [], [], [], [], [], [], [], [], [], [], [], [], [], [], [], [], [], [], [], [], [], [], [], [], [], [], [], [], [], [], [], [], [], [], [], [], [], [], [], [], [], [], [], [], [], []]",non-collagenous component of interstitial matrix,GO:0140149,0.0211391053135771,"[""GO:0030312"", ""GO:0140151""]",0.037037037037037035,query_1,81,0.12,True,GO:CC,25,3470,5,Entinostat,disease_down_drug_up,10516 | 8425 | 7148,ISS | IEA | ISO,3.0
"""Organized structure of distinctive morphology and function, occurring outside the cell. Includes, for example, extracellular membrane vesicles (EMVs) and the cellulosomes of anaerobic bacteria and fungi."" [GOC:jl, PMID:9914479]",11154,36513,22,"[[], [], [], [""IDA"", ""HDA""], [""HDA""], [], [], [], [], [], [""HDA""], [], [], [""HDA""], [""HDA""], [""HDA""], [], [""HDA""], [""HDA""], [""HDA""], [], [""HDA""], [], [""HDA""], [""HDA""], [], [""HDA""], [], [], [], [], [], [], [], [], [], [], [], [], [""HDA""], [], [""TAS""], [""HDA""], [], [], [], [], [""HDA""], [], [], [], [""HDA""], [], [], [], [], [], [], [], [], [], [""HDA""], [], [""HDA""], [], [], [], [], [], [], [], [], [], [], [], [], [], [], [""HDA""], [""HDA""], []]",extracellular organelle,GO:0043230,0.0492359420422557,"[""GO:0005576"", ""GO:0043226""]",0.2716049382716049,query_1,81,0.013221153846153846,True,GO:CC,1664,1844,1,Entinostat,disease_down_drug_up,7512 | 10516 | 2878 | 316 | 5577 | 4883 | 388 | 1674 | 2823 | 10810 | 5730 | 7148 | 2202 | 10894 | 79971 | 4629 | 11034 | 3043 | 60676 | 57134 | 6462 | 283537,IDA | HDA | TAS,4.0
Tyrosine metabolism,11154,38780,4,"[[], [], [], [], [], [], [], [""KEGG""], [], [], [], [], [], [""KEGG""], [], [], [], [], [], [], [], [], [], [], [], [], [], [], [], [], [], [], [], [], [], [], [], [], [], [], [], [], [], [], [], [], [], [], [], [], [], [], [], [], [], [], [], [], [], [""KEGG""], [], [], [], [], [], [], [], [], [], [], [], [], [], [], [""KEGG""], [], [], [], [], [], []]",Tyrosine metabolism,KEGG:00350,0.008604277320985393,"[""KEGG:00000""]",0.04938271604938271,query_1,81,0.12903225806451613,True,KEGG,31,42,10,Entinostat,disease_down_drug_up,125 | 316 | 4128 | 8639,KEGG,1.0
Phase I - Functionalization of compounds,11154,41130,6,"[[], [], [], [], [], [], [], [""REAC""], [], [""REAC""], [], [""REAC""], [], [], [], [], [], [], [], [], [], [], [], [], [], [], [], [], [], [], [], [], [], [], [], [], [], [], [], [], [], [], [], [], [], [], [], [], [], [], [], [], [], [], [], [], [], [], [""REAC""], [""REAC""], [], [], [], [], [], [], [], [], [], [], [], [], [], [], [""REAC""], [], [], [], [], [], []]",Phase I - Functionalization of compounds,REAC:R-HSA-211945,0.013147506711965126,"[""REAC:R-HSA-211859""]",0.07407407407407407,query_1,81,0.06896551724137931,True,REAC,87,1806,11,Entinostat,disease_down_drug_up,125 | 1066 | 66002 | 5740 | 4128 | 8639,REAC,1.0
"""A process that is part of the mitotic cell cycle."" [GO_REF:0000060, GOC:mtg_cell_cycle, GOC:TermGenie]",11154,31273,37,"[[""IDA"", ""IMP"", ""IBA"", ""NAS""], [""IDA"", ""IEA""], [""IMP"", ""IBA"", ""NAS""], [], [], [], [], [""IBA"", ""NAS""], [""IDA"", ""IMP"", ""IBA""], [], [], [""IBA""], [], [], [], [], [""IMP""], [""IBA"", ""IEA""], [""IDA"", ""IMP"", ""IBA"", ""TAS""], [], [""IMP""], [""IDA"", ""IBA"", ""NAS"", ""IEA""], [""IMP""], [], [""IDA"", ""IMP"", ""IBA"", ""IEA""], [], [], [""IDA"", ""IMP"", ""IBA"", ""TAS"", ""NAS"", ""IEA""], [], [""IMP"", ""IEA""], [""IBA""], [], [], [], [], [""IDA"", ""IMP""], [], [], [], [], [], [], [], [], [], [], [""IMP""], [""IEA""], [], [""IDA""], [], [], [], [], [""IMP"", ""TAS""], [], [], [], [""IBA"", ""TAS"", ""IEA""], [""IDA"", ""IMP"", ""IBA"", ""NAS"", ""IEA""], [], [""IMP"", ""IBA"", ""TAS""], [], [], [], [""IDA"", ""IBA"", ""TAS""], [], [], [], [], [], [], [""IDA"", ""NAS"", ""IEA""], [], [], [], [], [], [""ISS"", ""IEA""], [], [], [""IDA"", ""IBA"", ""IEA""], [""IBA""], [], [], [], [""IMP"", ""IBA"", ""TAS"", ""IEA""], [""IEA""], [], [""IDA"", ""IMP""], [], [], [""IBA""], [], [], [], [""IMP"", ""IGI"", ""IBA"", ""IEA""], [""IMP"", ""NAS""], [], [""ISS""], [], [], [], [], [], [], [], [], [], [], [], [], [], [], [], [], [""IMP""], []]",mitotic cell cycle process,GO:1903047,1.209271790914309e-16,"[""GO:0000278"", ""GO:0022402""]",0.3135593220338983,query_1,118,0.06514084507042253,True,GO:BP,568,21150,38,Entinostat,disease_up_drug_down,1019 | 2305 | 55143 | 332 | 11065 | 4171 | 3835 | 9133 | 5347 | 10112 | 890 | 9928 | 23397 | 10403 | 10460 | 3978 | 27338 | 81620 | 5888 | 641 | 5901 | 6790 | 891 | 990 | 993 | 991 | 5111 | 11130 | 4173 | 699 | 1164 | 220134 | 4172 | 55165 | 57405 | 56992 | 80346,IDA | IMP | IBA | NAS | IEA | TAS | ISS | IGI,1.0
"""A cellular process that results in the biosynthesis of constituent macromolecules, assembly, and arrangement of constituent parts of a complex containing RNA and proteins. Includes the biosynthesis of the constituent RNA and protein molecules, and those macromolecular modifications that are involved in synthesis or assembly of the ribonucleoprotein complex."" [GOC:isa_complete, GOC:mah]",11154,16308,26,"[[], [], [], [], [], [], [], [], [], [], [], [], [], [], [""IDA"", ""NAS""], [], [], [], [], [""IBA""], [], [], [], [""IEA""], [], [], [], [], [], [], [], [], [], [""IEA""], [""IBA""], [], [""IBA""], [], [""NAS"", ""IEA""], [""IMP"", ""IBA"", ""NAS"", ""IC"", ""IEA""], [""IDA"", ""IMP"", ""IBA"", ""IEA""], [], [], [""ISS"", ""IBA"", ""IEA""], [], [], [], [], [], [], [], [""IEA""], [], [""IBA""], [""IMP"", ""IBA""], [], [""IMP"", ""IBA"", ""IEA""], [""IBA"", ""IEA""], [], [], [], [], [], [""IDA"", ""IBA"", ""TAS"", ""IEA""], [""NAS"", ""IEA""], [], [""IEA""], [], [], [""ISS"", ""IEA""], [], [], [], [], [], [], [], [], [], [""IBA"", ""IEA""], [""IBA""], [], [], [], [], [], [], [], [], [], [], [], [], [], [], [""NAS""], [], [], [], [], [""IMP"", ""IBA"", ""TAS"", ""IEA""], [], [], [], [], [], [], [], [""IBA"", ""IEA""], [], [], [], [""IDA"", ""IBA"", ""IEA""], [], [""NAS""], [], [], []]",ribonucleoprotein complex biogenesis,GO:0022613,1.7708711756614236e-13,"[""GO:0044085""]",0.22033898305084745,query_1,118,0.07807807807807808,True,GO:BP,333,6185,38,Entinostat,disease_up_drug_down,6628 | 54555 | 54606 | 5036 | 22827 | 51491 | 8662 | 23246 | 4839 | 705 | 10248 | 23029 | 5901 | 54663 | 56342 | 55226 | 56915 | 57109 | 79050 | 55299 | 11338 | 6627 | 1736 | 10799 | 6631 | 6629,IDA | NAS | IBA | IEA | IMP | IC | ISS | TAS,2.0
"""Any cellular metabolic process involving deoxyribonucleic acid. This is one of the two main types of nucleic acid, consisting of a long, unbranched macromolecule formed from one, or more commonly, two, strands of linked deoxyribonucleotides."" [ISBN:0198506732]",11154,12094,35,"[[], [""IMP"", ""IEA""], [], [""IDA"", ""IMP"", ""IBA"", ""TAS"", ""NAS"", ""IEA""], [], [""IDA"", ""TAS"", ""IEA""], [], [], [], [""IBA"", ""IEA""], [], [""IMP"", ""IBA"", ""TAS"", ""NAS"", ""IEA""], [], [], [], [], [""IEA""], [], [""IDA""], [], [], [""IMP"", ""IEA""], [], [], [], [], [""IDA"", ""IPI"", ""IMP"", ""IGI"", ""ISS"", ""IBA"", ""TAS"", ""IEA""], [], [], [], [""IDA"", ""IBA"", ""TAS"", ""IEA""], [], [], [], [], [], [], [], [], [], [], [""IBA"", ""TAS"", ""NAS"", ""IEA""], [""IEA""], [], [""IEA""], [], [""IDA"", ""IMP"", ""IBA"", ""IEA""], [""IDA"", ""IMP"", ""ISS"", ""IBA"", ""TAS"", ""IEA""], [], [""IDA"", ""IMP"", ""ISS"", ""IBA"", ""TAS"", ""NAS"", ""IEA""], [], [], [], [], [""TAS""], [], [], [], [], [], [], [""IBA"", ""TAS"", ""IEA""], [""IC""], [""IMP""], [""IDA""], [""TAS""], [""IDA"", ""IBA""], [], [], [], [""IEA""], [""IMP"", ""IBA"", ""IEA""], [], [], [""IDA"", ""IBA"", ""IEA""], [], [], [], [""IDA"", ""IMP"", ""ISS"", ""IBA"", ""IEA""], [], [], [], [""IBA"", ""NAS"", ""IEA""], [], [], [], [], [], [""IDA"", ""IMP"", ""IGI"", ""IBA"", ""TAS"", ""IEA""], [], [""IDA"", ""IMP"", ""IBA"", ""TAS"", ""IEA""], [], [""IBA"", ""TAS"", ""NAS"", ""IEA""], [], [], [], [], [], [""IMP""], [], [""IDA"", ""IMP"", ""TAS"", ""NAS"", ""IEA""], [], [], [], [""IDA"", ""IBA"", ""IC"", ""IEA""], [], [], [""IMP""], [], [], [], [], [], [], [], [], [], []]",DNA metabolic process,GO:0006259,2.8834730421644097e-13,"[""GO:0090304""]",0.2966101694915254,query_1,118,0.05116959064327485,True,GO:BP,684,1971,38,Entinostat,disease_up_drug_down,2305 | 10635 | 2237 | 51659 | 4171 | 3835 | 5347 | 890 | 9156 | 3978 | 4176 | 10036 | 27000 | 81620 | 5888 | 641 | 5901 | 990 | 7298 | 55226 | 56915 | 993 | 57109 | 4830 | 55388 | 7153 | 5111 | 4173 | 9401 | 54107 | 4172 | 581 | 1736 | 4521 | 79759,IMP | IEA | IDA | IBA | TAS | NAS | IPI | IGI | ISS | IC,3.0
"""The cell cycle process in which replicated homologous chromosomes are organized and then physically separated and apportioned to two sets during the mitotic cell cycle. Each replicated chromosome, composed of two sister chromatids, aligns at the cell equator, paired with its homologous partner. One homolog of each morphologic type goes into each of the resulting chromosome sets."" [GOC:ai, GOC:jl]",11154,10146,17,"[[], [], [""IMP"", ""IBA"", ""NAS""], [], [], [], [], [""NAS""], [""IDA""], [], [], [], [], [], [], [], [""IMP""], [], [""IDA"", ""IMP"", ""TAS""], [], [], [], [""IMP""], [], [""IDA"", ""IMP"", ""IBA"", ""IEA""], [], [], [""IDA"", ""IMP"", ""IBA"", ""TAS"", ""NAS"", ""IEA""], [], [], [], [], [], [], [], [], [], [], [], [], [], [], [], [], [], [], [""IMP""], [], [], [], [], [], [], [], [""IMP""], [], [], [], [], [""IMP"", ""IBA""], [], [], [], [], [], [], [], [], [], [], [], [], [""IDA"", ""NAS"", ""IEA""], [], [], [], [], [], [], [], [], [""IDA"", ""IBA""], [], [], [], [], [""IMP"", ""IBA"", ""TAS"", ""IEA""], [], [], [""IDA"", ""IMP""], [], [], [], [], [], [], [], [""NAS""], [], [""ISS""], [], [], [], [], [], [], [], [], [], [], [], [], [], [], [], [], [], []]",mitotic sister chromatid segregation,GO:0000070,1.4406389836185746e-11,"[""GO:0000819"", ""GO:0140014"", ""GO:1903047""]",0.1440677966101695,query_1,118,0.11971830985915492,True,GO:BP,142,23,38,Entinostat,disease_up_drug_down,55143 | 332 | 11065 | 3835 | 5347 | 9928 | 23397 | 10403 | 81620 | 5901 | 891 | 991 | 11130 | 699 | 220134 | 57405 | 56992,IMP | IBA | NAS | IDA | TAS | IEA | ISS,4.0
"""A DNA replication process that uses parental DNA as a template for the DNA-dependent DNA polymerases that synthesize the new strands."" [GOC:mah, ISBN:0198506732]",11154,12096,15,"[[], [], [], [], [], [""TAS""], [], [], [], [""IEA""], [], [""IMP"", ""IBA"", ""NAS"", ""IEA""], [], [], [], [], [], [], [], [], [], [], [], [], [], [], [""IMP""], [], [], [], [""IBA""], [], [], [], [], [], [], [], [], [], [], [""IBA"", ""NAS"", ""IEA""], [], [], [], [], [""IDA"", ""IBA"", ""IEA""], [""IDA"", ""IMP"", ""IEA""], [], [""IDA"", ""TAS""], [], [], [], [], [], [], [], [], [], [], [], [""IBA"", ""IEA""], [], [], [], [], [], [], [], [], [], [""IMP"", ""IBA"", ""IEA""], [], [], [], [], [], [], [""ISS"", ""IBA"", ""IEA""], [], [], [], [""IBA"", ""NAS"", ""IEA""], [], [], [], [], [], [], [], [""IDA"", ""IBA""], [], [""IBA"", ""TAS"", ""NAS"", ""IEA""], [], [], [], [], [], [], [], [], [], [], [], [], [], [], [], [], [], [], [], [], [], [], [], [], []]",DNA-templated DNA replication,GO:0006261,1.1681525916829744e-10,"[""GO:0006260""]",0.1271186440677966,query_1,118,0.1282051282051282,True,GO:BP,117,1973,38,Entinostat,disease_up_drug_down,2237 | 51659 | 4171 | 9156 | 3978 | 4176 | 81620 | 5888 | 641 | 990 | 55388 | 5111 | 4173 | 54107 | 4172,TAS | IEA | IMP | IBA | NAS | IDA | ISS,5.0
"""Any subdivision of a chromosome along its length."" [GOC:dos]",11154,37842,29,"[[], [], [""IDA"", ""IBA"", ""IEA""], [""IEA""], [], [""IDA"", ""HDA""], [], [""IDA"", ""IBA"", ""IEA""], [], [], [], [""HDA""], [], [], [], [], [""TAS""], [], [""IDA"", ""IBA"", ""IEA""], [], [], [], [], [], [], [], [], [""IDA"", ""IPI"", ""IBA"", ""TAS"", ""NAS"", ""IEA""], [], [], [], [""IBA"", ""IEA""], [], [], [], [], [], [], [], [], [], [""HDA""], [], [], [], [], [""IDA"", ""IEA""], [""IDA"", ""IEA""], [""IPI"", ""IEA""], [""IDA""], [], [], [], [], [], [], [], [], [""IBA""], [""IDA""], [], [], [], [""HDA""], [], [], [], [], [], [], [], [], [""ISS"", ""IEA""], [], [""IEA""], [""IDA"", ""IEA""], [], [], [""HDA""], [], [], [""IDA"", ""IBA"", ""NAS"", ""IEA""], [""HDA""], [], [], [], [""IDA"", ""IBA"", ""IEA""], [], [""IMP""], [""IDA"", ""IPI"", ""IBA"", ""IEA""], [""ISO""], [], [""HDA""], [], [], [], [], [""IDA"", ""IPI"", ""IBA"", ""NAS"", ""IEA""], [], [], [], [], [], [], [], [], [], [], [], [], [], [], [], [], [], [], [], []]",chromosomal region,GO:0098687,1.944259139221221e-18,"[""GO:0005694"", ""GO:0110165""]",0.2457627118644068,query_1,118,0.10247349823321555,True,GO:CC,283,3173,32,Entinostat,disease_up_drug_down,55143 | 10635 | 2237 | 332 | 4171 | 3835 | 5347 | 10403 | 11339 | 4176 | 81620 | 5888 | 79019 | 641 | 6790 | 891 | 55226 | 991 | 7153 | 79902 | 5111 | 11130 | 4173 | 699 | 9401 | 220134 | 54107 | 4172 | 57405,IDA | IBA | IEA | HDA | TAS | IPI | NAS | ISS | IMP | ISO,1.0
"""The region of a kinetochore most external to centromeric DNA; this outer region mediates kinetochore-microtubule interactions."" [GOC:clt, PMID:11483983]",11154,34799,7,"[[], [], [], [], [], [], [], [], [], [], [], [], [], [], [], [], [], [], [""IDA""], [], [], [], [], [], [], [], [], [""IDA"", ""IPI"", ""IBA"", ""IEA""], [], [], [], [], [], [], [], [], [], [], [], [], [], [], [], [], [], [], [], [], [], [], [], [], [], [], [], [], [], [], [], [""IDA""], [], [], [], [], [], [], [], [], [], [], [], [], [], [], [], [], [], [], [], [], [], [""IDA""], [], [], [], [], [""IDA""], [], [], [""IDA"", ""IBA""], [], [], [], [], [], [], [], [""IDA"", ""IPI"", ""IBA"", ""IEA""], [], [], [], [], [], [], [], [], [], [], [], [], [], [], [], [], [], [], [], []]",outer kinetochore,GO:0000940,5.510998217485757e-10,"[""GO:0000776"", ""GO:0032991""]",0.059322033898305086,query_1,118,0.5384615384615384,True,GO:CC,13,130,32,Entinostat,disease_up_drug_down,5347 | 10403 | 891 | 11130 | 699 | 220134 | 57405,IDA | IPI | IBA | IEA,2.0
"""A small, dense body one or more of which are present in the nucleus of eukaryotic cells. It is rich in RNA and protein, is not bounded by a limiting membrane, and is not seen during mitosis. Its prime function is the transcription of the nucleolar DNA into 45S ribosomal-precursor RNA, the processing of this RNA into 5.8S, 18S, and 28S components of ribosomal RNA, and the association of these components with 5S RNA and proteins synthesized outside the nucleolus. This association results in the formation of ribonucleoprotein precursors; these pass into the cytoplasm and mature into the 40S and 60S subunits of the ribosome."" [ISBN:0198506732]",11154,34969,31,"[[""IDA""], [], [""IDA"", ""IEA""], [], [""IDA"", ""IBA""], [""IDA"", ""IEA""], [], [], [], [], [], [], [], [], [], [], [], [], [], [""IEA""], [], [], [], [""IDA"", ""IBA"", ""TAS"", ""IEA""], [], [], [], [], [], [], [], [], [], [""IDA"", ""IEA""], [], [], [""IDA"", ""IBA"", ""IEA""], [""IDA""], [], [""IDA"", ""IBA"", ""IEA""], [""IDA"", ""HDA"", ""IBA"", ""IEA""], [], [], [""IDA"", ""IBA"", ""IEA""], [""IDA""], [], [], [""IDA""], [], [""IDA""], [], [""IDA"", ""IEA""], [], [""IDA"", ""IBA"", ""IEA""], [""IDA""], [], [""IDA"", ""IMP"", ""IBA"", ""IEA""], [""IEA""], [], [], [], [], [], [""IDA"", ""IBA"", ""IEA""], [""IDA"", ""IBA"", ""NAS"", ""IEA""], [], [""IDA"", ""IEA""], [], [], [""IDA"", ""ISS"", ""IBA"", ""IEA""], [], [""IDA""], [], [], [""IDA""], [], [], [], [], [""IDA"", ""IBA"", ""IEA""], [], [], [], [""TAS""], [], [], [], [], [], [], [], [], [], [], [], [], [], [], [], [], [""IDA"", ""IBA"", ""TAS"", ""IEA""], [], [], [], [], [], [], [], [""TAS"", ""IEA""], [], [], [], [], [], [""IDA""], [], [], []]",nucleolus,GO:0005730,6.421387353376356e-10,"[""GO:0031981"", ""GO:0043232""]",0.2627118644067797,query_1,118,0.041278295605858856,True,GO:CC,751,300,32,Entinostat,disease_up_drug_down,1019 | 55143 | 79080 | 2237 | 54555 | 54606 | 5036 | 51491 | 54982 | 23246 | 4839 | 705 | 27000 | 5888 | 641 | 10248 | 23029 | 5901 | 54663 | 56342 | 55226 | 56915 | 57109 | 79050 | 55388 | 7153 | 55299 | 5725 | 1736 | 10799 | 6629,IDA | IEA | IBA | TAS | HDA | IMP | NAS | ISS,3.0
"""A chromosome that encodes the nuclear genome and is found in the nucleus of a eukaryotic cell during the cell cycle phases when the nucleus is intact."" [GOC:dph, GOC:mah]",11154,34706,15,"[[], [], [], [], [], [], [], [""IDA""], [], [""IPI"", ""ISS"", ""IBA"", ""IEA""], [], [""IPI"", ""ISS"", ""IEA""], [""IBA"", ""NAS""], [], [], [], [], [], [""IEA""], [], [], [], [], [], [""ISO"", ""IEA""], [], [], [], [], [], [], [], [], [], [], [], [], [], [], [], [], [""IPI"", ""ISS""], [], [], [], [], [], [""IDA"", ""ISS"", ""IBA"", ""IEA""], [], [""IDA""], [], [], [], [], [], [], [], [], [], [], [], [], [], [], [], [], [], [], [], [], [], [""IBA""], [], [], [""IDA""], [], [], [], [""IDA""], [], [], [], [""IPI"", ""ISS""], [], [], [], [], [], [], [], [""IDA"", ""IPI"", ""IBA""], [], [""IPI"", ""ISS"", ""TAS""], [], [], [], [], [], [], [], [], [], [], [], [], [], [], [], [], [], [], [], [], [], [], [], [], []]",nuclear chromosome,GO:0000228,3.7930714411026634e-09,"[""GO:0005694"", ""GO:0031981""]",0.1271186440677966,query_1,118,0.09090909090909091,True,GO:CC,165,37,32,Entinostat,disease_up_drug_down,332 | 51659 | 4171 | 25855 | 5347 | 23397 | 4176 | 5888 | 641 | 55388 | 7153 | 5111 | 4173 | 54107 | 4172,IDA | IPI | ISS | IBA | IEA | NAS | ISO | TAS,4.0
"""A macromolecular complex that contains both RNA and protein molecules."" [GOC:krc, GOC:vesicles]",11154,38718,23,"[[], [], [], [], [], [], [], [], [], [], [], [], [], [], [""IDA"", ""IPI"", ""IBA"", ""TAS"", ""NAS"", ""IEA""], [], [], [], [], [], [], [], [], [], [], [], [], [], [], [], [], [], [], [""IEA""], [""IEA""], [], [], [], [""IEA""], [""IDA"", ""IBA"", ""IEA""], [], [], [], [""IBA""], [], [], [], [], [], [], [], [""IDA"", ""IEA""], [], [], [], [], [""IBA""], [""IBA""], [], [], [], [], [], [""IDA""], [], [], [], [], [], [""IBA""], [], [], [], [], [""IDA""], [], [], [], [], [], [""IDA"", ""IPI"", ""IBA"", ""IEA""], [], [], [], [], [], [], [], [], [], [], [""IDA"", ""NAS"", ""IEA""], [], [], [], [""IDA"", ""IBA"", ""TAS"", ""NAS"", ""IEA""], [], [], [], [], [""IDA"", ""IBA"", ""TAS"", ""NAS"", ""IEA""], [], [""IDA"", ""ISS"", ""NAS"", ""IEA""], [], [], [], [], [], [""IDA"", ""IBA"", ""TAS"", ""IEA""], [], [], [""IDA"", ""IBA"", ""IEA""], [""IDA"", ""IPI"", ""IBA"", ""IEA""], [], [""IDA"", ""IBA"", ""NAS"", ""IEA""], [""ISS"", ""IBA"", ""NAS"", ""IEA""], [], [""NAS"", ""IEA""]]",ribonucleoprotein complex,GO:1990904,5.2804775328715964e-08,"[""GO:0032991""]",0.19491525423728814,query_1,118,0.045098039215686274,True,GO:CC,510,4049,32,Entinostat,disease_up_drug_down,6628 | 5036 | 22827 | 8662 | 23246 | 705 | 10248 | 54663 | 56342 | 55226 | 79050 | 7153 | 11338 | 65005 | 6627 | 1736 | 6183 | 10799 | 8896 | 6631 | 6629 | 65993 | 90480,IDA | IPI | IBA | TAS | NAS | IEA | ISS,5.0
"""Binding to an RNA molecule or a portion thereof."" [GOC:jl, GOC:mah]",11154,333,44,"[[], [], [], [""IDA"", ""TAS"", ""IEA""], [""HDA""], [], [], [], [], [], [], [], [], [""IDA"", ""HDA"", ""IEA""], [""IPI"", ""HDA"", ""IEA""], [""HDA"", ""IEA""], [], [], [], [""HDA"", ""IEA""], [], [], [], [""IDA"", ""HDA"", ""IEA""], [], [], [], [], [], [], [], [], [""HDA""], [""HDA"", ""IEA""], [""HDA"", ""IEA""], [], [""HDA""], [], [""IDA"", ""IEA""], [""HDA""], [""HDA"", ""IEA""], [], [], [""HDA"", ""IBA""], [""HDA""], [], [], [], [], [], [""HDA"", ""IBA""], [""IDA"", ""HDA"", ""IEA""], [], [""HDA"", ""IBA"", ""IEA""], [""IDA"", ""HDA""], [""HDA"", ""IEA""], [], [""HDA"", ""IBA"", ""IEA""], [], [], [], [], [""IDA""], [""HDA"", ""IBA""], [""IBA""], [], [""HDA""], [], [], [""HDA""], [""HDA""], [], [], [], [""HDA""], [], [], [], [], [""HDA"", ""IBA"", ""IEA""], [""IDA"", ""HDA"", ""IBA"", ""IEA""], [], [], [""IDA"", ""HDA"", ""IBA"", ""TAS"", ""IEA""], [], [], [], [], [], [], [], [""HDA""], [], [], [""HDA""], [""HDA"", ""IBA"", ""IEA""], [], [], [], [], [""IPI"", ""HDA"", ""TAS"", ""IEA""], [""HDA""], [""HDA""], [], [""ISS"", ""IEA""], [], [], [], [""IDA"", ""IEA""], [], [""HDA""], [], [""IDA"", ""HDA"", ""IBA"", ""IEA""], [""HDA""], [""IBA"", ""IEA""], [], [], []]",RNA binding,GO:0003723,3.7155939907620306e-12,"[""GO:0003676""]",0.3728813559322034,query_1,118,0.037037037037037035,True,GO:MF,1188,333,1,Entinostat,disease_up_drug_down,10635 | 79080 | 80324 | 6628 | 55621 | 54555 | 54606 | 5478 | 5036 | 22827 | 51491 | 8662 | 23246 | 4839 | 705 | 27000 | 9238 | 10248 | 23029 | 5901 | 2193 | 56342 | 7298 | 55226 | 56915 | 57109 | 79050 | 4830 | 7153 | 55299 | 11338 | 5725 | 65005 | 79169 | 6627 | 1736 | 10915 | 6183 | 4521 | 10799 | 3068 | 6631 | 9898 | 6629,IDA | TAS | IEA | HDA | IPI | IBA | ISS,1.0
"""Catalytic activity that acts to modify a nucleic acid."" [GOC:pg]",11154,9383,27,"[[], [], [], [], [], [""IDA"", ""IMP"", ""IBA"", ""TAS"", ""IEA""], [], [], [], [], [], [""IBA"", ""IEA""], [], [""IEA""], [], [""EXP"", ""IEA""], [], [], [], [""IDA"", ""IEA""], [], [], [], [""TAS"", ""IEA""], [], [], [""IDA"", ""ISS"", ""IBA"", ""TAS"", ""IEA""], [], [], [], [""IDA"", ""IMP"", ""IBA"", ""TAS"", ""IEA""], [], [], [], [], [], [], [], [], [], [""IDA"", ""IMP"", ""IBA"", ""IEA""], [""IDA"", ""IBA"", ""IEA""], [], [], [], [], [], [""IDA"", ""IMP"", ""IBA"", ""IEA""], [], [""IDA"", ""IMP"", ""IBA"", ""TAS"", ""IEA""], [], [""IDA"", ""IEA""], [], [], [], [""IDA"", ""IBA"", ""TAS"", ""IEA""], [], [], [], [], [], [], [], [""IBA"", ""IEA""], [""NAS""], [], [""IDA"", ""IBA"", ""IEA""], [], [], [], [""IDA""], [], [], [], [""IDA"", ""IMP"", ""IEA""], [], [], [], [""IDA""], [], [], [], [""IDA"", ""IBA"", ""IEA""], [], [], [], [], [], [""IDA"", ""IBA"", ""TAS"", ""IEA""], [], [""TAS""], [], [""IBA"", ""IEA""], [], [], [], [], [], [], [], [""IDA""], [], [], [], [], [""IEA""], [], [], [""IDA"", ""IBA"", ""TAS"", ""IEA""], [], [], [], [], [], [], [], [], []]","catalytic activity, acting on a nucleic acid",GO:0140640,3.7155939907620306e-12,"[""GO:0003824""]",0.2288135593220339,query_1,118,0.06585365853658537,True,GO:MF,410,9383,1,Entinostat,disease_up_drug_down,2237 | 4171 | 80324 | 55621 | 54555 | 54606 | 9156 | 3978 | 4839 | 4176 | 5888 | 641 | 10248 | 2193 | 55226 | 56915 | 57109 | 4830 | 7153 | 5111 | 4173 | 9401 | 54107 | 4172 | 1736 | 55661 | 10799,IDA | IMP | IBA | TAS | IEA | EXP | ISS | NAS,2.0
"""Catalysis of the geometric or structural changes within one molecule. Isomerase is the systematic name for any enzyme of EC class 5."" [ISBN:0198506732]",11154,2944,20,"[[], [], [], [], [], [], [], [], [], [], [], [""IBA"", ""IEA""], [], [""EXP"", ""IDA"", ""IMP"", ""IBA"", ""IEA""], [], [], [""IBA"", ""TAS"", ""IEA""], [], [], [""IDA"", ""IEA""], [""IBA"", ""IEA""], [], [""ISS"", ""IBA"", ""IEA""], [""TAS"", ""IEA""], [], [], [], [], [], [], [], [], [""IDA"", ""IMP"", ""IBA"", ""IEA""], [], [], [], [], [], [], [], [], [""IDA"", ""IBA"", ""IEA""], [], [], [], [], [], [""IDA"", ""IMP""], [], [""IDA"", ""IMP"", ""IBA"", ""TAS"", ""IEA""], [], [], [""IDA"", ""IBA"", ""IEA""], [], [], [], [], [], [], [], [], [], [], [], [], [], [], [], [], [], [], [], [], [], [""IDA"", ""IMP"", ""IEA""], [], [], [], [], [], [], [], [""IDA"", ""IBA"", ""IEA""], [], [""IDA"", ""IBA"", ""TAS"", ""NAS"", ""IEA""], [], [], [], [""IDA"", ""IBA"", ""TAS"", ""IEA""], [], [], [], [""IBA"", ""IEA""], [], [], [], [], [], [], [""ISS"", ""IBA"", ""IEA""], [""IMP"", ""IBA"", ""IEA""], [], [], [], [], [""IEA""], [], [], [], [], [], [], [], [], [], [], [], []]",isomerase activity,GO:0016853,1.827707812363028e-08,"[""GO:0003824""]",0.1694915254237288,query_1,118,0.06172839506172839,True,GO:MF,324,2944,1,Entinostat,disease_up_drug_down,4171 | 80324 | 3835 | 54555 | 10112 | 9928 | 54606 | 5478 | 4176 | 5888 | 641 | 4282 | 7153 | 4173 | 7167 | 9401 | 4172 | 56992 | 1736 | 55661,IBA | IEA | EXP | IDA | IMP | TAS | ISS | NAS,3.0
"""Binding to single-stranded DNA."" [GOC:elh, GOC:vw, PMID:22976174]",11154,325,10,"[[], [], [], [""IDA"", ""IBA"", ""TAS""], [], [], [], [], [], [], [], [""IBA""], [], [], [], [], [], [], [], [], [], [], [], [], [], [], [], [], [], [], [], [], [], [], [], [], [], [], [], [], [], [""IDA"", ""ISS"", ""IEA""], [], [], [], [], [], [""IDA"", ""IMP"", ""IBA"", ""IEA""], [], [""IDA""], [], [], [], [], [], [], [], [], [], [], [], [], [], [], [], [], [""IDA""], [], [], [], [], [""IBA"", ""IEA""], [], [], [], [], [], [], [], [], [], [], [""IDA"", ""ISS"", ""IEA""], [], [], [], [], [], [""IDA""], [], [], [], [""IBA""], [], [], [], [], [], [], [], [], [], [], [], [], [], [], [], [], [], [], [], [], [], [], [], [], []]",single-stranded DNA binding,GO:0003697,2.755502488031872e-06,"[""GO:0003677""]",0.0847457627118644,query_1,118,0.10869565217391304,True,GO:MF,92,325,1,Entinostat,disease_up_drug_down,10635 | 4171 | 4176 | 5888 | 641 | 57109 | 55388 | 4173 | 9401 | 4172,IDA | IBA | TAS | ISS | IEA | IMP,4.0
"""Catalytic activity that acts to modify RNA."" [GOC:molecular_function_refactoring, GOC:pdt]",11154,9192,13,"[[], [], [], [], [], [""IDA"", ""IBA""], [], [], [], [], [], [], [], [""IEA""], [], [""EXP"", ""IEA""], [], [], [], [""IDA"", ""IEA""], [], [], [], [""TAS"", ""IEA""], [], [], [""TAS""], [], [], [], [], [], [], [], [], [], [], [], [], [], [""IDA"", ""IMP"", ""IBA"", ""IEA""], [], [], [], [], [], [], [], [], [], [], [""IDA"", ""IEA""], [], [], [], [""IDA"", ""IBA"", ""TAS"", ""IEA""], [], [], [], [], [], [], [], [""IBA"", ""IEA""], [""NAS""], [], [], [], [], [], [], [], [], [], [], [], [], [], [], [], [], [], [], [], [], [], [], [], [], [], [], [], [], [], [], [], [], [], [], [], [], [], [], [], [], [""IEA""], [], [], [""IDA"", ""IBA"", ""TAS"", ""IEA""], [], [], [], [], [], [], [], [], []]","catalytic activity, acting on RNA",GO:0140098,5.5254342942453965e-05,"[""GO:0140640""]",0.11016949152542373,query_1,118,0.0546218487394958,True,GO:MF,238,9192,1,Entinostat,disease_up_drug_down,2237 | 80324 | 55621 | 54555 | 54606 | 9156 | 4839 | 10248 | 2193 | 55226 | 56915 | 55661 | 10799,IDA | IBA | IEA | EXP | TAS | IMP | NAS,5.0
Cell cycle,11154,39011,16,"[[""KEGG""], [], [], [], [], [], [], [], [], [], [], [""KEGG""], [], [], [], [], [], [""KEGG""], [""KEGG""], [], [], [""KEGG""], [], [], [], [], [], [""KEGG""], [], [], [], [], [], [], [], [], [], [], [], [], [], [""KEGG""], [], [], [], [], [""KEGG""], [], [], [], [], [], [], [], [], [], [], [], [], [""KEGG""], [], [""KEGG""], [], [], [], [""KEGG""], [], [], [], [], [], [], [""KEGG""], [], [], [], [], [], [""KEGG""], [], [], [], [""KEGG""], [], [], [], [""KEGG""], [], [], [], [], [], [""KEGG""], [], [], [], [], [], [], [], [], [], [], [], [], [], [], [], [], [], [], [], [], [], [], [], [], []]",Cell cycle,KEGG:04110,6.122542602292102e-11,"[""KEGG:00000""]",0.13559322033898305,query_1,118,0.12307692307692308,True,KEGG,130,273,54,Entinostat,disease_up_drug_down,1019 | 4171 | 9133 | 5347 | 890 | 10403 | 4176 | 81620 | 891 | 990 | 993 | 991 | 5111 | 4173 | 699 | 4172,KEGG,1.0
DNA replication,11154,38957,8,"[[], [], [], [], [], [""KEGG""], [], [], [], [], [], [""KEGG""], [], [], [], [], [], [], [], [], [], [], [], [], [], [], [], [], [], [], [""KEGG""], [], [], [], [], [], [], [], [], [], [], [""KEGG""], [], [], [], [], [], [], [], [], [], [], [], [], [], [], [], [], [], [], [], [], [], [], [], [], [], [], [], [], [], [], [], [], [], [], [], [], [""KEGG""], [], [], [], [""KEGG""], [], [], [], [], [], [], [], [""KEGG""], [], [""KEGG""], [], [], [], [], [], [], [], [], [], [], [], [], [], [], [], [], [], [], [], [], [], [], [], [], []]",DNA replication,KEGG:03030,1.407966293605857e-07,"[""KEGG:00000""]",0.06779661016949153,query_1,118,0.23529411764705882,True,KEGG,34,219,55,Entinostat,disease_up_drug_down,2237 | 4171 | 3978 | 4176 | 5111 | 4173 | 54107 | 4172,KEGG,2.0
Progesterone-mediated oocyte maturation,11154,39123,8,"[[], [], [], [], [], [], [], [], [], [], [], [], [], [], [], [], [""KEGG""], [""KEGG""], [""KEGG""], [], [], [""KEGG""], [], [], [], [], [], [], [], [], [], [], [], [], [], [], [], [], [], [], [], [], [], [], [], [], [], [], [], [], [], [], [], [], [], [], [], [], [""KEGG""], [""KEGG""], [], [], [], [], [], [""KEGG""], [], [], [], [], [], [], [], [], [], [], [], [], [], [], [], [], [], [], [], [], [""KEGG""], [], [], [], [], [], [], [], [], [], [], [], [], [], [], [], [], [], [], [], [], [], [], [], [], [], [], [], [], [], [], []]",Progesterone-mediated oocyte maturation,KEGG:04914,6.081037393718222e-05,"[""KEGG:00000""]",0.06779661016949153,query_1,118,0.10666666666666667,True,KEGG,75,385,56,Entinostat,disease_up_drug_down,3835 | 9133 | 5347 | 890 | 6790 | 891 | 993 | 699,KEGG,3.0
Spliceosome,11154,38958,8,"[[], [], [], [], [], [], [], [], [], [], [], [], [], [], [""KEGG""], [], [], [], [], [], [], [], [], [], [], [], [], [], [], [], [], [], [], [], [""KEGG""], [], [], [], [], [], [], [], [], [], [], [], [], [], [], [], [], [], [], [], [], [], [], [], [], [], [], [], [], [], [], [], [], [], [], [], [], [], [], [], [], [], [], [], [], [], [""KEGG""], [], [], [], [], [], [], [], [], [], [], [], [], [], [], [""KEGG""], [], [], [], [], [], [""KEGG""], [], [], [], [], [], [], [], [], [], [""KEGG""], [""KEGG""], [], [""KEGG""], [], [], []]",Spliceosome,KEGG:03040,0.0005791335391276446,"[""KEGG:00000""]",0.06779661016949153,query_1,118,0.0761904761904762,True,KEGG,105,220,57,Entinostat,disease_up_drug_down,6628 | 22827 | 11338 | 6627 | 10915 | 8896 | 6631 | 6629,KEGG,4.0
Ribosome biogenesis in eukaryotes,11154,38950,5,"[[], [], [], [], [], [], [], [], [], [], [], [], [], [], [], [], [], [], [], [], [], [], [], [], [], [], [], [], [], [], [], [], [], [], [], [], [], [], [], [], [], [], [], [], [], [], [], [], [], [], [], [""KEGG""], [], [], [""KEGG""], [], [], [], [], [], [], [], [], [""KEGG""], [], [], [], [], [], [], [], [], [], [], [], [], [], [], [], [], [], [], [], [], [], [], [], [], [], [], [], [], [], [], [], [], [], [], [], [], [""KEGG""], [], [], [], [], [], [], [], [""KEGG""], [], [], [], [], [], [], [], [], []]",Ribosome biogenesis in eukaryotes,KEGG:03008,0.007358607649103438,"[""KEGG:00000""]",0.0423728813559322,query_1,118,0.09433962264150944,True,KEGG,53,212,58,Entinostat,disease_up_drug_down,10248 | 5901 | 55226 | 1736 | 10799,KEGG,5.0
Cell Cycle,11154,39661,42,"[[""REAC""], [""REAC""], [""REAC""], [], [], [""REAC""], [], [""REAC""], [""REAC""], [""REAC""], [], [""REAC""], [], [], [], [], [], [""REAC""], [""REAC""], [], [""REAC""], [""REAC""], [], [], [""REAC""], [], [""REAC""], [""REAC""], [], [], [""REAC""], [""REAC""], [], [], [], [""REAC""], [], [], [], [], [], [""REAC""], [], [], [], [], [""REAC""], [""REAC""], [""REAC""], [""REAC""], [], [], [], [], [""REAC""], [], [], [], [""REAC""], [""REAC""], [], [""REAC""], [""REAC""], [], [], [""REAC""], [], [], [], [], [], [""REAC""], [""REAC""], [], [""REAC""], [""REAC""], [], [], [""REAC""], [], [], [""REAC""], [""REAC""], [], [], [], [""REAC""], [], [], [""REAC""], [""REAC""], [], [""REAC""], [], [], [], [], [""REAC""], [], [], [""REAC""], [], [], [], [], [], [], [], [], [], [], [], [], [], [], [], [], []]",Cell Cycle,REAC:R-HSA-1640170,2.7977370839454903e-24,"[""REAC:0000000""]",0.3559322033898305,query_1,118,0.08316831683168317,True,REAC,505,337,63,Entinostat,disease_up_drug_down,1019 | 2305 | 55143 | 2237 | 332 | 11065 | 51659 | 4171 | 9133 | 5347 | 10112 | 890 | 23397 | 9156 | 10403 | 3978 | 11339 | 27338 | 4176 | 81620 | 5888 | 79019 | 641 | 5901 | 6790 | 891 | 990 | 7298 | 993 | 55388 | 991 | 7153 | 79902 | 5111 | 11130 | 4173 | 699 | 220134 | 54107 | 4172 | 57405 | 1736,REAC,1.0
DNA Replication,11154,39789,15,"[[], [], [], [], [], [""REAC""], [], [], [""REAC""], [""REAC""], [], [""REAC""], [], [], [], [], [], [], [], [], [], [""REAC""], [], [], [], [], [], [], [], [], [""REAC""], [], [], [], [], [""REAC""], [], [], [], [], [], [""REAC""], [], [], [], [], [""REAC""], [], [], [], [], [], [], [], [], [], [], [], [], [], [], [""REAC""], [], [], [], [], [], [], [], [], [], [""REAC""], [], [], [], [], [], [], [""REAC""], [], [], [], [""REAC""], [], [], [], [], [], [], [], [""REAC""], [], [""REAC""], [], [], [], [], [], [], [], [], [], [], [], [], [], [], [], [], [], [], [], [], [], [], [], [], []]",DNA Replication,REAC:R-HSA-69306,7.778015872908563e-11,"[""REAC:0000000""]",0.1271186440677966,query_1,118,0.13513513513513514,True,REAC,111,465,63,Entinostat,disease_up_drug_down,2237 | 11065 | 51659 | 4171 | 890 | 3978 | 27338 | 4176 | 81620 | 990 | 55388 | 5111 | 4173 | 54107 | 4172,REAC,2.0
Mitotic Spindle Checkpoint,11154,40875,13,"[[], [], [""REAC""], [], [], [], [], [""REAC""], [""REAC""], [], [], [], [], [], [], [], [], [], [""REAC""], [], [], [], [], [], [], [], [], [""REAC""], [], [], [], [], [], [], [], [""REAC""], [], [], [], [], [], [], [], [], [], [], [], [], [""REAC""], [], [], [], [], [], [], [], [], [], [], [], [], [], [], [], [], [], [], [], [], [], [], [], [""REAC""], [], [], [""REAC""], [], [], [], [], [], [""REAC""], [], [], [], [], [""REAC""], [], [], [""REAC""], [], [], [], [], [], [], [], [""REAC""], [], [], [], [], [], [], [], [], [], [], [], [], [], [], [], [], [], [], [], []]",Mitotic Spindle Checkpoint,REAC:R-HSA-69618,3.9314455553196763e-10,"[""REAC:R-HSA-69620""]",0.11016949152542373,query_1,118,0.1511627906976744,True,REAC,86,1551,63,Entinostat,disease_up_drug_down,55143 | 332 | 11065 | 5347 | 10403 | 27338 | 79019 | 991 | 79902 | 11130 | 699 | 220134 | 57405,REAC,3.0
Activation of ATR in response to replication stress,11154,39405,7,"[[], [], [], [], [], [], [], [], [], [], [], [""REAC""], [], [], [], [], [], [], [], [], [], [], [], [], [], [], [], [], [], [], [], [], [], [], [], [], [], [], [], [], [], [""REAC""], [], [], [], [], [], [], [], [], [], [], [], [], [], [], [], [], [], [], [], [""REAC""], [], [], [], [""REAC""], [], [], [], [], [], [""REAC""], [], [], [], [], [], [], [], [], [], [], [""REAC""], [], [], [], [], [], [], [], [], [], [""REAC""], [], [], [], [], [], [], [], [], [], [], [], [], [], [], [], [], [], [], [], [], [], [], [], [], []]",Activation of ATR in response to replication stress,REAC:R-HSA-176187,3.3150207151402297e-07,"[""REAC:R-HSA-69481""]",0.059322033898305086,query_1,118,0.25,True,REAC,28,81,63,Entinostat,disease_up_drug_down,4171 | 4176 | 990 | 993 | 55388 | 4173 | 4172,REAC,4.0
Metabolism of RNA,11154,40805,23,"[[], [], [], [], [], [], [], [], [], [], [], [], [], [], [""REAC""], [""REAC""], [], [], [], [""REAC""], [], [], [], [], [], [], [], [], [], [], [], [], [], [], [""REAC""], [], [], [], [], [""REAC""], [""REAC""], [], [], [""REAC""], [], [], [], [], [], [], [""REAC""], [""REAC""], [], [], [""REAC""], [], [], [], [], [], [], [], [], [""REAC""], [""REAC""], [], [], [], [], [""REAC""], [], [], [], [], [], [""REAC""], [], [], [], [], [""REAC""], [], [], [""REAC""], [], [], [], [], [], [], [], [], [], [], [], [""REAC""], [], [], [], [], [""REAC""], [""REAC""], [], [], [], [], [], [], [""REAC""], [], [], [""REAC""], [""REAC""], [], [""REAC""], [], [], []]",Metabolism of RNA,REAC:R-HSA-8953854,3.400523877941375e-07,"[""REAC:0000000""]",0.19491525423728814,query_1,118,0.04159132007233273,True,REAC,553,1481,63,Entinostat,disease_up_drug_down,6628 | 55621 | 54555 | 22827 | 23246 | 4839 | 705 | 9238 | 10248 | 5901 | 55226 | 56915 | 79050 | 79902 | 11338 | 5725 | 6627 | 1736 | 10915 | 10799 | 8896 | 6631 | 6629,REAC,5.0
"""A process that is part of the mitotic cell cycle."" [GO_REF:0000060, GOC:mtg_cell_cycle, GOC:TermGenie]",11154,31273,43,"[[""IBA"", ""NAS""], [], [], [], [], [], [], [""IEA""], [""IDA"", ""IMP"", ""IBA"", ""TAS""], [""IDA"", ""IBA"", ""NAS"", ""IEA""], [], [], [""IMP"", ""IBA"", ""TAS"", ""IEA""], [], [], [""IDA"", ""ISS"", ""IEA""], [], [], [], [""IGI""], [], [], [""IMP""], [""ISS""], [], [""IDA""], [""IDA"", ""IMP"", ""IBA""], [], [""IDA"", ""IMP"", ""IBA"", ""IC""], [], [], [], [], [], [], [], [], [], [], [], [], [], [], [], [], [], [], [], [], [""IBA"", ""TAS"", ""IEA""], [], [], [], [], [], [], [], [""IMP""], [""IBA"", ""IEA""], [], [""IDA"", ""IEA""], [], [""IDA"", ""NAS"", ""IEA""], [], [], [""IMP""], [""IDA"", ""IBA"", ""TAS"", ""IEA""], [""IDA"", ""IBA"", ""NAS"", ""IEA""], [""IBA"", ""NAS""], [], [""IMP"", ""IGI"", ""IBA"", ""IEA""], [""IDA"", ""IMP"", ""IBA"", ""IEA""], [], [], [], [], [], [], [""IMP"", ""IEA""], [""IEA""], [], [], [], [], [], [], [""IDA"", ""IMP""], [], [""IDA"", ""IMP""], [], [], [], [""IEA""], [], [], [], [], [], [""IDA"", ""IBA"", ""IEA""], [""ISS""], [], [], [], [], [], [], [], [], [""IDA""], [], [""IBA""], [], [], [], [], [], [], [], [], [], [], [], [], [], [], [], [], [], [""IDA"", ""IMP"", ""IBA"", ""NAS"", ""IEA""], [], [], [], [], [""IMP""], [], [], [], [], [""IDA"", ""IBA"", ""TAS""], [], [], [], [], [], [], [], [], [], [], [], [], [], [], [], [""IMP"", ""IBA"", ""TAS""], [""IMP"", ""TAS""], [], [], [], [], [], [""TAS""], [], [], [], [""IBA""], [""IDA"", ""IMP"", ""IBA"", ""NAS""], [], [], [], [], [], [], [], [], [], [], [], [""IMP""], [], [], [], [], [], [], [], [""IMP""], [""IMP"", ""IBA"", ""IEA""], [], [], [], [], [], [], [], [], [], [], []]",mitotic cell cycle process,GO:1903047,1.027146419644582e-12,"[""GO:0000278"", ""GO:0022402""]",0.21608040201005024,query_1,199,0.07570422535211267,True,GO:BP,568,21150,11,Mocetinostat,all_selected,332 | 5888 | 5347 | 890 | 699 | 22974 | 26586 | 3835 | 1843 | 5243 | 11065 | 29127 | 6790 | 10112 | 9133 | 2305 | 991 | 9928 | 7272 | 64151 | 9787 | 55165 | 23397 | 10460 | 2146 | 27338 | 220134 | 1164 | 11130 | 56992 | 6241 | 3978 | 4085 | 80346 | 993 | 990 | 5901 | 10926 | 899 | 6491 | 8480 | 54962 | 55055,IBA | NAS | IEA | IDA | IMP | TAS | ISS | IGI | IC,1.0
"""The cell cycle process in which replicated homologous chromosomes are organized and then physically separated and apportioned to two sets during the mitotic cell cycle. Each replicated chromosome, composed of two sister chromatids, aligns at the cell equator, paired with its homologous partner. One homolog of each morphologic type goes into each of the resulting chromosome sets."" [GOC:ai, GOC:jl]",11154,10146,20,"[[""NAS""], [], [], [], [], [], [], [], [""IDA"", ""IMP"", ""TAS""], [], [], [], [""IMP"", ""IBA"", ""TAS"", ""IEA""], [], [], [""IDA"", ""IEA""], [], [], [], [], [], [], [""IMP""], [""ISS""], [], [], [""IDA""], [], [""IDA"", ""IBA""], [], [], [], [], [], [], [], [], [], [], [], [], [], [], [], [], [], [], [], [], [], [], [], [], [], [], [], [], [], [], [], [], [], [""IDA"", ""NAS"", ""IEA""], [], [], [""IMP""], [""IDA"", ""IBA"", ""TAS"", ""IEA""], [""IDA"", ""IBA"", ""NAS"", ""IEA""], [""NAS""], [], [], [""IDA"", ""IMP"", ""IBA"", ""IEA""], [], [], [], [], [], [], [], [], [], [], [], [], [], [], [], [], [""IDA"", ""IMP""], [], [], [], [], [], [], [], [], [], [""IDA"", ""IBA""], [""ISS""], [], [], [], [], [], [], [], [], [], [], [], [], [], [], [], [], [], [], [], [], [], [], [], [], [], [], [], [], [""IDA"", ""IBA"", ""NAS"", ""IEA""], [], [], [], [], [], [], [], [], [], [], [], [], [], [], [], [], [], [], [], [], [], [], [], [], [], [], [""IMP""], [], [], [], [], [], [], [], [], [], [], [], [], [], [], [], [], [], [], [], [], [], [], [], [], [], [], [], [], [], [], [], [""IMP"", ""IBA"", ""IEA""], [], [], [], [], [], [], [], [], [], [], []]",mitotic sister chromatid segregation,GO:0000070,4.1976949086253937e-10,"[""GO:0000819"", ""GO:0140014"", ""GO:1903047""]",0.10050251256281408,query_1,199,0.14084507042253522,True,GO:BP,142,23,11,Mocetinostat,all_selected,332 | 5347 | 699 | 22974 | 3835 | 1843 | 11065 | 29127 | 991 | 9928 | 7272 | 64151 | 9787 | 23397 | 220134 | 11130 | 56992 | 4085 | 5901 | 55055,NAS | IDA | IMP | TAS | IBA | IEA | ISS,2.0
"""Any process that increases the rate, frequency or extent of a cellular process that is involved in the progression of biochemical and morphological phases and events that occur in a cell during successive cell replication or nuclear replication events."" [GOC:dph, GOC:tb]",11154,26925,19,"[[""NAS""], [], [], [], [], [], [], [], [], [], [], [], [""IMP""], [], [], [], [], [], [], [], [], [], [], [], [], [], [""IDA"", ""IMP""], [], [""IDA"", ""IMP""], [], [], [], [], [], [], [], [], [], [], [], [], [], [], [], [], [], [], [], [], [""TAS""], [], [], [], [], [], [], [], [], [], [], [], [], [""IDA""], [], [], [""IMP""], [], [""ISO"", ""IEA""], [""NAS""], [], [], [""ISO"", ""IEA""], [], [], [], [], [], [], [], [""IMP""], [], [], [], [], [], [], [], [], [""IMP""], [], [], [], [], [], [], [], [], [], [], [], [], [], [""IMP""], [], [], [], [], [], [""IDA""], [], [], [], [], [], [], [], [], [], [], [], [], [], [], [], [], [], [], [], [""IDA"", ""IEA""], [], [], [], [], [], [], [], [], [], [""IDA"", ""IBA"", ""IEA""], [], [], [], [], [], [], [], [], [], [], [], [], [], [], [], [""IDA"", ""IMP"", ""TAS""], [], [], [], [], [], [], [""IBA""], [], [], [], [], [""IDA"", ""NAS""], [], [], [], [], [], [], [], [], [], [], [], [], [], [], [], [], [], [], [], [], [], [], [], [], [], [], [], [], [], [], [], []]",positive regulation of cell cycle process,GO:0090068,1.789679887213288e-07,"[""GO:0010564"", ""GO:0022402"", ""GO:0045787""]",0.09547738693467336,query_1,199,0.09743589743589744,True,GO:BP,195,16802,11,Mocetinostat,all_selected,332 | 699 | 11065 | 29127 | 6790 | 991 | 9928 | 64151 | 9787 | 23397 | 2146 | 220134 | 2237 | 6241 | 4085 | 993 | 990 | 10926 | 6491,NAS | IMP | IDA | TAS | ISO | IEA | IBA,3.0
"""A process that is carried out at the cellular level which results in the assembly, arrangement of constituent parts, or disassembly of the spindle, the array of microtubules and associated molecules that forms between opposite poles of a eukaryotic cell during DNA segregation and serves to move the duplicated chromosomes apart."" [GOC:go_curators, GOC:mah]",11154,12640,16,"[[""IBA"", ""NAS""], [], [], [], [], [], [], [], [""IDA"", ""IBA"", ""TAS""], [], [], [], [], [], [], [""IDA"", ""ISS"", ""IEA""], [], [], [], [], [], [], [], [], [], [], [], [], [""IDA"", ""IBA""], [], [], [], [], [], [], [], [], [], [], [], [], [], [], [], [], [], [], [], [], [""IMP"", ""IBA"", ""IEA""], [], [], [], [], [], [], [], [], [""IEA""], [], [], [], [""IEA""], [], [], [], [""TAS""], [], [""IBA""], [], [], [], [], [], [], [], [], [], [""IMP"", ""IEA""], [], [], [], [], [], [], [], [], [], [""ISS""], [], [""IMP""], [], [], [], [], [], [], [], [], [""ISS""], [], [], [], [], [], [], [], [], [], [], [], [], [], [], [], [], [], [], [], [], [], [], [], [], [], [], [], [], [], [], [], [], [], [], [], [], [], [], [], [], [], [], [], [], [], [], [], [], [], [], [], [], [], [], [], [""TAS""], [], [], [], [], [], [], [], [], [], [], [""IMP"", ""IBA"", ""NAS""], [], [], [], [], [], [], [], [], [], [], [], [""IMP""], [], [], [], [], [], [], [], [], [], [], [], [], [], [], [], [], [], [], [], []]",spindle organization,GO:0007051,1.101593438457528e-06,"[""GO:0000226"", ""GO:0022402""]",0.08040201005025126,query_1,199,0.10457516339869281,True,GO:BP,153,2517,11,Mocetinostat,all_selected,332 | 5347 | 22974 | 29127 | 6790 | 9133 | 991 | 7272 | 9787 | 10460 | 220134 | 26112 | 56992 | 5901 | 6491 | 8480,IBA | NAS | IDA | TAS | ISS | IEA | IMP,4.0
"""A cell cycle process by which the cell nucleus divides as part of a meiotic cell cycle in the female germline."" [GOC:dph, GOC:ems, GOC:mah, GOC:vw]",11154,12703,7,"[[], [], [], [], [], [], [], [], [""IEA""], [], [], [], [], [], [], [], [], [], [], [], [], [], [], [], [], [], [], [], [], [], [], [], [], [], [], [], [], [], [], [], [], [], [], [], [], [], [], [], [], [""IEA""], [], [], [], [], [], [], [], [], [""IEA""], [""IEA""], [], [], [], [], [], [], [""IEA""], [], [], [], [], [""IEA""], [], [], [], [], [], [], [], [], [], [], [], [], [], [], [], [], [""ISS""], [], [], [], [], [], [], [], [], [], [], [], [], [], [], [], [], [], [], [], [], [], [], [], [], [], [], [], [], [], [], [], [], [], [], [], [], [], [], [], [], [], [], [], [], [], [], [], [], [], [], [], [], [], [], [], [], [], [], [], [], [], [], [], [], [], [], [], [], [], [], [], [], [], [], [], [], [], [], [], [], [], [], [], [], [], [], [], [], [], [], [], [], [], [], [], [], [], [], [], [], [], [], [], [], [], [], [], [], [], []]",female meiotic nuclear division,GO:0007143,7.306574595877309e-06,"[""GO:0007292"", ""GO:0140013""]",0.035175879396984924,query_1,199,0.30434782608695654,True,GO:BP,23,2580,11,Mocetinostat,all_selected,5347 | 6790 | 9133 | 7153 | 7272 | 23397 | 220134,IEA | ISS,5.0
"""The region of a chromosome that includes the centromeric DNA and associated proteins. In monocentric chromosomes, this region corresponds to a single area of the chromosome, whereas in holocentric chromosomes, it is evenly distributed along the chromosome."" [GOC:cjm, GOC:elh, GOC:kmv, GOC:pr]",11154,34752,18,"[[""IDA"", ""IBA"", ""IEA""], [], [], [], [], [], [], [], [""IDA"", ""IBA"", ""IEA""], [], [], [], [""IDA"", ""IBA"", ""IEA""], [], [""IDA"", ""IBA"", ""IEA""], [], [], [], [], [], [], [], [""TAS""], [], [], [], [], [], [], [], [], [], [], [], [], [], [], [], [], [], [], [], [], [], [], [], [], [], [], [""IBA""], [], [], [], [], [], [], [], [], [], [""IEA""], [], [], [""ISS"", ""IEA""], [], [], [], [""IBA"", ""IEA""], [""IEA""], [], [], [], [], [], [], [], [], [], [], [], [""IEA""], [], [], [], [""IEA""], [], [], [], [], [""IDA"", ""IPI"", ""IBA"", ""IEA""], [], [], [], [], [], [], [], [], [], [""IDA"", ""IBA"", ""NAS"", ""IEA""], [], [], [], [], [], [], [], [], [], [], [], [], [], [], [], [], [], [], [], [], [], [], [], [], [], [], [], [], [], [""IDA"", ""IBA"", ""IEA""], [], [], [], [], [], [], [], [], [], [], [], [], [], [], [], [], [], [], [], [], [], [], [], [], [], [], [], [], [], [], [], [], [], [], [], [], [], [], [], [], [], [], [], [], [], [], [], [], [], [], [], [], [], [], [], [], [], [], [""IDA"", ""IPI"", ""IBA"", ""IEA""], [], [], [], [], [], [""IDA"", ""IEA""], [""IPI"", ""IEA""], [], [], [], []]","chromosome, centromeric region",GO:0000775,6.642065743872377e-07,"[""GO:0098687""]",0.09045226130653267,query_1,199,0.10112359550561797,True,GO:CC,178,83,3,Mocetinostat,all_selected,332 | 5347 | 699 | 55355 | 3835 | 6790 | 7153 | 991 | 7272 | 64151 | 2146 | 6839 | 220134 | 11130 | 4085 | 55055 | 79902 | 55839,IDA | IBA | IEA | TAS | ISS | IPI | NAS,1.0
"""The array of microtubules and associated molecules that forms between opposite poles of a eukaryotic cell during mitosis or meiosis and serves to move the duplicated chromosomes apart."" [ISBN:0198547684]",11154,35027,21,"[[""IBA"", ""IEA""], [], [], [], [], [], [], [], [""IDA"", ""IBA"", ""IEA""], [], [], [], [], [], [], [""IDA"", ""ISS"", ""TAS"", ""IEA""], [], [], [], [""IDA"", ""IEA""], [], [], [""IDA"", ""IEA""], [], [], [], [], [], [""IDA"", ""IMP"", ""IBA"", ""IEA""], [], [], [], [], [], [], [], [], [], [], [], [], [], [], [], [], [], [], [], [], [""IDA"", ""IBA"", ""TAS"", ""IEA""], [], [], [], [], [], [], [], [""IDA"", ""IEA""], [], [], [], [], [""TAS"", ""IEA""], [], [], [""IDA"", ""IEA""], [""TAS""], [], [""IDA"", ""IBA"", ""IEA""], [], [], [], [], [], [], [], [], [], [""IDA"", ""IEA""], [], [], [], [], [], [], [], [], [], [""IDA"", ""IBA"", ""IEA""], [], [""IDA"", ""IEA""], [], [], [], [], [], [], [], [], [""ISS"", ""IEA""], [], [], [], [], [], [], [], [], [], [], [], [], [], [], [], [], [], [], [], [], [], [], [], [], [], [], [], [], [""IDA"", ""IEA""], [], [], [], [], [], [], [], [], [], [], [], [], [], [], [], [], [], [], [], [], [], [], [], [], [], [""IDA""], [], [], [], [], [], [], [], [], [], [], [], [], [], [], [], [], [], [], [], [], [], [], [], [""IMP"", ""IEA""], [], [], [], [], [], [], [], [], [""NAS""], [], [], [], [], [], [""IEA""], [], [], [], [], []]",spindle,GO:0005819,1.1545905348631288e-05,"[""GO:0015630"", ""GO:0043232""]",0.10552763819095477,query_1,199,0.06885245901639345,True,GO:CC,305,358,3,Mocetinostat,all_selected,332 | 5347 | 22974 | 26586 | 3835 | 29127 | 6790 | 10112 | 991 | 9928 | 7272 | 9787 | 10460 | 220134 | 26112 | 56992 | 4085 | 990 | 8480 | 55055 | 79902,IBA | IEA | IDA | ISS | TAS | IMP | NAS,2.0
"""The area in the center of the spindle where the spindle microtubules from opposite poles overlap."" [GOC:ai, PMID:15296749]",11154,36851,7,"[[""IBA""], [], [], [], [], [], [], [], [""IDA""], [], [], [], [], [], [], [], [], [], [], [], [], [], [], [], [], [], [], [], [""IDA"", ""IBA""], [], [], [], [], [], [], [], [], [], [], [], [], [], [], [], [], [], [], [], [], [""IBA""], [], [], [], [], [], [], [], [], [], [], [], [], [], [], [], [""IDA""], [], [], [], [], [], [], [], [], [], [], [], [], [], [], [], [], [], [], [], [], [], [], [], [], [""IDA""], [], [], [], [], [], [], [], [], [], [], [], [], [], [], [], [], [], [], [], [], [], [], [], [], [], [], [], [], [], [], [], [], [], [], [], [], [], [], [], [], [], [], [], [], [], [], [], [], [], [], [], [], [], [], [], [], [], [], [], [], [], [], [], [""IDA""], [], [], [], [], [], [], [], [], [], [], [], [], [], [], [], [], [], [], [], [], [], [], [], [], [], [], [], [], [], [], [], [], [], [], [], [], [], [], [], [], [], [], [], []]",spindle midzone,GO:0051233,8.596508307819663e-05,"[""GO:0005819"", ""GO:0110165""]",0.035175879396984924,query_1,199,0.21875,True,GO:CC,32,2182,3,Mocetinostat,all_selected,332 | 5347 | 29127 | 6790 | 9928 | 26112 | 990,IBA | IDA,3.0
"""A chromosome that encodes the nuclear genome and is found in the nucleus of a eukaryotic cell during the cell cycle phases when the nucleus is intact."" [GOC:dph, GOC:mah]",11154,34706,12,"[[""IDA""], [], [], [], [], [], [""IPI"", ""ISS"", ""IBA"", ""IEA""], [""IDA"", ""ISS"", ""IBA"", ""IEA""], [""IEA""], [], [], [], [], [""IBA""], [], [], [], [], [], [], [], [], [], [], [], [], [], [], [], [], [], [], [], [], [], [], [], [], [], [], [], [], [], [], [], [], [], [], [], [], [], [], [], [], [], [], [], [], [], [""IDA""], [], [], [], [], [], [], [], [""ISO"", ""IEA""], [], [], [], [""ISO"", ""IEA""], [], [], [], [], [], [], [], [], [], [], [], [""TAS""], [], [], [], [], [], [], [], [], [], [], [], [""IBA"", ""NAS""], [], [], [], [], [], [], [], [], [], [], [], [], [], [], [], [], [], [], [], [], [], [], [], [], [], [], [], [], [], [], [], [], [], [], [], [], [], [], [], [], [], [], [], [], [], [], [], [], [], [], [], [], [], [], [], [], [], [], [], [], [], [], [], [], [], [], [], [], [], [], [], [], [], [], [], [], [], [], [], [], [], [], [], [], [], [], [""IDA"", ""IPI"", ""IBA"", ""IEA""], [], [], [], [""IBA""], [], [], [], [], [], [], [], [], [], [], [], []]",nuclear chromosome,GO:0000228,0.0017768302322350112,"[""GO:0005694"", ""GO:0031981""]",0.06030150753768844,query_1,199,0.07272727272727272,True,GO:CC,165,37,3,Mocetinostat,all_selected,332 | 51659 | 5888 | 5347 | 55388 | 7153 | 64151 | 23397 | 6839 | 25855 | 23649 | 54962,IDA | IPI | ISS | IBA | IEA | ISO | TAS | NAS,4.0
"""The region of a kinetochore most external to centromeric DNA; this outer region mediates kinetochore-microtubule interactions."" [GOC:clt, PMID:11483983]",11154,34799,4,"[[], [], [], [], [], [], [], [], [""IDA""], [], [], [], [""IDA""], [], [], [], [], [], [], [], [], [], [], [], [], [], [], [], [], [], [], [], [], [], [], [], [], [], [], [], [], [], [], [], [], [], [], [], [], [], [], [], [], [], [], [], [], [], [], [], [], [], [], [], [], [], [], [], [], [], [], [], [], [], [], [], [], [], [], [], [], [], [], [], [], [], [], [], [""IDA"", ""IBA""], [], [], [], [], [], [], [], [], [], [""IDA""], [], [], [], [], [], [], [], [], [], [], [], [], [], [], [], [], [], [], [], [], [], [], [], [], [], [], [], [], [], [], [], [], [], [], [], [], [], [], [], [], [], [], [], [], [], [], [], [], [], [], [], [], [], [], [], [], [], [], [], [], [], [], [], [], [], [], [], [], [], [], [], [], [], [], [], [], [], [], [], [], [], [], [], [], [], [], [], [], [], [], [], [], [], [], [], [], [], [], [], []]",outer kinetochore,GO:0000940,0.002602258550286373,"[""GO:0000776"", ""GO:0032991""]",0.020100502512562814,query_1,199,0.3076923076923077,True,GO:CC,13,130,3,Mocetinostat,all_selected,5347 | 699 | 220134 | 11130,IDA | IBA,5.0
"""Binding to a microtubule, a filament composed of tubulin monomers."" [GOC:krc]",11154,1486,12,"[[""TAS""], [], [], [], [], [], [], [], [""IDA""], [], [], [], [], [], [], [], [], [], [], [], [], [], [""IBA"", ""IEA""], [], [], [], [], [], [""IDA""], [], [], [], [], [], [], [], [], [], [], [], [], [], [], [], [], [], [], [], [], [], [], [], [], [], [], [], [], [""IBA"", ""IEA""], [], [], [], [], [], [], [], [""ISS"", ""IBA"", ""IEA""], [], [], [""IBA""], [], [], [], [], [], [], [], [], [], [], [], [], [], [], [], [], [], [], [], [""IDA"", ""IBA"", ""IEA""], [], [""IBA""], [], [], [], [], [], [], [], [], [""IBA"", ""IEA""], [], [], [], [], [], [], [], [], [], [], [], [], [], [], [], [], [], [], [], [], [], [], [], [], [], [], [], [], [], [], [], [], [], [""ISS"", ""IBA""], [], [], [], [], [], [], [], [], [], [], [], [], [], [], [], [], [], [], [], [], [], [], [], [], [], [], [], [], [], [], [], [], [], [], [], [], [], [], [], [], [], [], [], [], [""ISS""], [], [], [], [], [], [], [], [], [], [], [], [], [], [], [], [], [], [], [], []]",microtubule binding,GO:0008017,0.03922387647406744,"[""GO:0015631""]",0.06030150753768844,query_1,199,0.06593406593406594,True,GO:MF,182,1486,2,Mocetinostat,all_selected,332 | 5347 | 3835 | 29127 | 10112 | 9928 | 9787 | 220134 | 26112 | 56992 | 80346 | 8480,TAS | IDA | IBA | IEA | ISS,1.0
Progesterone-mediated oocyte maturation,11154,39123,9,"[[], [], [], [], [], [], [], [], [""KEGG""], [""KEGG""], [], [], [""KEGG""], [], [], [], [], [], [], [], [], [], [""KEGG""], [], [], [], [], [], [], [], [], [], [], [], [], [], [], [], [], [], [], [], [], [], [], [], [], [], [], [""KEGG""], [], [], [], [], [], [], [], [], [""KEGG""], [], [], [], [], [], [], [], [], [], [], [], [], [], [], [], [], [], [], [], [], [], [], [], [], [], [], [], [], [], [], [], [], [], [], [], [], [], [], [], [], [], [], [], [], [], [], [], [], [], [], [], [], [], [], [], [], [], [""KEGG""], [], [], [], [], [], [], [], [], [], [], [], [""KEGG""], [], [], [], [], [], [], [], [], [], [""KEGG""], [], [], [], [], [], [], [], [], [], [], [], [], [], [], [], [], [], [], [], [], [], [], [], [], [], [], [], [], [], [], [], [], [], [], [], [], [], [], [], [], [], [], [], [], [], [], [], [], [], [], [], [], [], [], [], [], [], [], [], []]",Progesterone-mediated oocyte maturation,KEGG:04914,0.0016939521418942853,"[""KEGG:00000""]",0.04522613065326633,query_1,199,0.12,True,KEGG,75,385,26,Mocetinostat,all_selected,5347 | 890 | 699 | 3835 | 6790 | 9133 | 5602 | 4085 | 993,KEGG,1.0
Cell cycle,11154,39011,10,"[[], [], [], [], [], [], [], [], [""KEGG""], [""KEGG""], [], [], [""KEGG""], [], [], [], [], [], [], [], [], [], [], [], [], [], [], [], [], [], [], [], [], [], [], [], [], [], [], [], [], [], [], [], [], [], [], [], [], [], [], [], [], [], [], [], [], [], [""KEGG""], [], [], [], [""KEGG""], [], [], [], [""KEGG""], [], [], [], [], [], [], [], [], [], [], [], [], [], [], [], [], [], [], [], [], [], [], [], [], [], [], [], [], [], [], [], [], [], [], [], [], [], [], [], [], [], [], [], [], [], [], [], [], [], [], [], [], [], [], [], [], [], [], [], [], [], [""KEGG""], [], [], [], [], [], [], [], [], [], [""KEGG""], [], [], [], [], [], [], [], [], [], [], [], [], [], [], [], [""KEGG""], [], [], [], [], [], [], [""KEGG""], [], [], [], [], [], [], [], [], [], [], [], [], [], [], [], [], [], [], [], [], [], [], [], [], [], [], [], [], [], [], [], [], [], [], [], [], []]",Cell cycle,KEGG:04110,0.013222932855695672,"[""KEGG:00000""]",0.05025125628140704,query_1,199,0.07692307692307693,True,KEGG,130,273,27,Mocetinostat,all_selected,5347 | 890 | 699 | 9133 | 991 | 7272 | 4085 | 993 | 990 | 10926,KEGG,2.0
"Cell Cycle, Mitotic",11154,39663,34,"[[""REAC""], [], [], [], [], [], [""REAC""], [], [""REAC""], [""REAC""], [], [], [""REAC""], [""REAC""], [], [""REAC""], [], [], [], [], [], [], [], [], [], [], [""REAC""], [], [], [], [], [], [], [], [], [], [], [], [], [], [""REAC""], [], [], [], [], [], [], [], [], [""REAC""], [], [], [], [], [], [], [], [""REAC""], [""REAC""], [""REAC""], [""REAC""], [], [""REAC""], [], [], [], [], [""REAC""], [], [], [], [""REAC""], [], [], [], [], [], [], [], [], [], [], [], [], [], [], [""REAC""], [], [""REAC""], [""REAC""], [], [], [], [], [], [], [], [], [""REAC""], [], [], [], [""REAC""], [], [], [], [], [], [""REAC""], [], [""REAC""], [], [], [], [], [], [], [], [], [], [], [], [], [], [], [], [], [], [""REAC""], [], [], [], [], [], [], [], [], [], [""REAC""], [], [], [], [], [], [], [], [], [], [], [], [], [], [], [], [""REAC""], [""REAC""], [], [], [], [], [], [""REAC""], [], [], [], [], [], [], [], [], [], [], [], [], [], [], [], [], [""REAC""], [], [], [], [""REAC""], [], [], [], [], [""REAC""], [], [], [], [], [], [""REAC""], [""REAC""], [], [], [], []]","Cell Cycle, Mitotic",REAC:R-HSA-69278,2.4192684425846578e-11,"[""REAC:R-HSA-1640170""]",0.1708542713567839,query_1,199,0.08395061728395062,True,REAC,405,339,28,Mocetinostat,all_selected,332 | 51659 | 5347 | 890 | 699 | 55388 | 22974 | 11065 | 5577 | 6790 | 10112 | 9133 | 7153 | 2305 | 991 | 64151 | 23397 | 27338 | 220134 | 5982 | 11130 | 2237 | 6241 | 3978 | 4085 | 993 | 990 | 5901 | 10926 | 8480 | 23649 | 55055 | 79902 | 55839,REAC,1.0
Mitotic Spindle Checkpoint,11154,40875,12,"[[""REAC""], [], [], [], [], [], [], [], [""REAC""], [], [], [], [""REAC""], [], [], [], [], [], [], [], [], [], [], [], [], [], [""REAC""], [], [], [], [], [], [], [], [], [], [], [], [], [], [], [], [], [], [], [], [], [], [], [], [], [], [], [], [], [], [], [], [], [], [], [], [""REAC""], [], [], [], [], [], [], [], [], [], [], [], [], [], [], [], [], [], [], [], [], [], [], [], [""REAC""], [], [""REAC""], [], [], [], [], [], [], [], [], [], [""REAC""], [], [], [], [], [], [], [], [], [], [], [], [], [], [], [], [], [], [], [], [], [], [], [], [], [], [], [], [], [], [""REAC""], [], [], [], [], [], [], [], [], [], [], [], [], [], [], [], [], [], [], [], [], [], [], [], [], [], [], [], [], [], [], [], [], [], [], [], [], [], [], [], [], [], [], [], [], [], [], [], [], [], [], [], [], [], [], [], [], [], [], [""REAC""], [], [], [], [], [], [""REAC""], [""REAC""], [], [], [], []]",Mitotic Spindle Checkpoint,REAC:R-HSA-69618,7.485981102744688e-06,"[""REAC:R-HSA-69620""]",0.06030150753768844,query_1,199,0.13953488372093023,True,REAC,86,1551,28,Mocetinostat,all_selected,332 | 5347 | 699 | 11065 | 991 | 27338 | 220134 | 11130 | 4085 | 55055 | 79902 | 55839,REAC,2.0
DNA Replication,11154,39789,11,"[[], [], [], [], [], [], [""REAC""], [], [], [""REAC""], [], [], [], [""REAC""], [], [], [], [], [], [], [], [], [], [], [], [], [""REAC""], [], [], [], [], [], [], [], [], [], [], [], [], [], [], [], [], [], [], [], [], [], [], [], [], [], [], [], [], [], [], [], [], [], [], [], [], [], [], [], [], [], [], [], [], [], [], [], [], [], [], [], [], [], [], [], [], [], [], [], [""REAC""], [], [], [""REAC""], [], [], [], [], [], [], [], [], [], [], [], [], [""REAC""], [], [], [], [], [], [], [], [""REAC""], [], [], [], [], [], [], [], [], [], [], [], [], [], [], [], [], [], [], [], [], [], [], [], [], [], [], [], [], [], [], [], [], [], [], [], [], [], [], [], [], [], [], [], [""REAC""], [], [], [], [], [], [], [""REAC""], [], [], [], [], [], [], [], [], [], [], [], [], [], [], [], [], [], [], [], [], [""REAC""], [], [], [], [], [], [], [], [], [], [], [], [], [], [], [], []]",DNA Replication,REAC:R-HSA-69306,0.000361487968526966,"[""REAC:0000000""]",0.05527638190954774,query_1,199,0.0990990990990991,True,REAC,111,465,28,Mocetinostat,all_selected,51659 | 890 | 55388 | 11065 | 27338 | 5982 | 2237 | 3978 | 990 | 10926 | 23649,REAC,3.0
Cardiac conduction,11154,39647,10,"[[], [], [], [], [], [], [], [], [], [], [], [], [], [], [], [], [], [], [""REAC""], [], [], [], [], [], [], [], [], [], [], [], [], [], [], [""REAC""], [], [""REAC""], [], [], [], [], [], [], [], [], [], [], [], [], [], [], [], [], [], [], [], [""REAC""], [], [], [], [], [], [], [], [""REAC""], [], [], [], [], [], [], [], [], [], [], [], [], [], [], [], [], [], [], [""REAC""], [], [], [], [], [""REAC""], [], [], [], [], [], [], [], [], [], [], [], [], [], [], [], [], [], [], [], [], [], [], [], [], [], [], [], [], [], [], [], [], [], [], [], [], [], [], [], [], [], [], [], [], [], [], [], [], [], [], [], [], [], [], [], [], [], [], [], [], [], [], [], [], [], [], [], [], [], [], [], [], [""REAC""], [], [], [], [], [], [], [], [], [], [""REAC""], [], [], [], [], [], [], [], [], [], [], [], [], [], [], [], [], [], [], [], [], [], [], [], [], [], [""REAC""], [], []]",Cardiac conduction,REAC:R-HSA-5576891,0.0011319078619515322,"[""REAC:R-HSA-397014""]",0.05025125628140704,query_1,199,0.09345794392523364,True,REAC,107,323,29,Mocetinostat,all_selected,3777 | 11280 | 6328 | 482 | 6332 | 5348 | 5350 | 1066 | 4842 | 10060,REAC,4.0
Polo-like kinase mediated events,11154,41164,4,"[[], [], [], [], [], [], [], [], [""REAC""], [], [], [], [], [], [], [], [], [], [], [], [], [], [], [], [], [], [], [], [], [], [], [], [], [], [], [], [], [], [], [], [], [], [], [], [], [], [], [], [], [], [], [], [], [], [], [], [], [], [""REAC""], [], [""REAC""], [], [], [], [], [], [], [], [], [], [], [], [], [], [], [], [], [], [], [], [], [], [], [], [], [], [], [], [], [], [], [], [], [], [], [], [], [], [], [], [], [], [], [], [], [], [], [], [], [], [], [], [], [], [], [], [], [], [], [], [], [], [], [], [], [], [], [], [], [], [], [], [], [], [], [], [], [], [""REAC""], [], [], [], [], [], [], [], [], [], [], [], [], [], [], [], [], [], [], [], [], [], [], [], [], [], [], [], [], [], [], [], [], [], [], [], [], [], [], [], [], [], [], [], [], [], [], [], [], [], [], [], [], [], [], [], [], [], [], [], []]",Polo-like kinase mediated events,REAC:R-HSA-156711,0.003035968308667435,"[""REAC:R-HSA-69275""]",0.020100502512562814,query_1,199,0.3076923076923077,True,REAC,13,1840,32,Mocetinostat,all_selected,5347 | 9133 | 2305 | 993,REAC,5.0
"""The flow of blood through the body of an animal, enabling the transport of nutrients to the tissues and the removal of waste products."" [GOC:mtg_heart, ISBN:0192800825]",11154,13079,20,"[[], [], [], [""TAS""], [], [], [""IEA""], [""ISS"", ""IEA""], [], [], [], [], [], [], [], [], [], [], [""IBA""], [], [""IBA""], [""IMP""], [], [], [], [], [], [], [""ISS"", ""IEA""], [], [], [], [], [], [], [], [], [], [""TAS""], [], [""IEA""], [""IBA""], [], [], [], [], [], [], [], [], [], [""TAS""], [], [], [""IDA"", ""IMP"", ""IBA"", ""NAS"", ""IC"", ""IEA""], [], [], [], [], [], [], [], [""IEA""], [], [], [], [""TAS""], [""IEA""], [], [], [], [], [], [], [""IMP""], [], [], [], [], [], [], [], [], [], [], [], [], [], [], [], [], [], [], [], [], [], [], [], [], [], [], [], [], [], [""IDA"", ""IMP"", ""ISS"", ""IBA"", ""TAS""], [], [], [], [], [], [], [], [], [], [], [], [], [], [""IEA""], [""IMP"", ""IEA""], [], [""IBA"", ""IEA""]]",blood circulation,GO:0008015,0.00021216595130045803,"[""GO:0003013""]",0.16393442622950818,query_1,122,0.0447427293064877,True,GO:BP,447,2956,5,Mocetinostat,disease_down_drug_up,7010 | 3043 | 3777 | 11280 | 6328 | 5138 | 148 | 482 | 9590 | 6332 | 5348 | 5350 | 5592 | 2549 | 2034 | 4634 | 4842 | 1812 | 10060 | 6444,TAS | IEA | ISS | IBA | IMP | IDA | NAS | IC,1.0
"""Any process that modulates the establishment or extent of a membrane potential, the electric potential existing across any membrane arising from charges in the membrane itself and from the charges present in the media on either side of the membrane."" [GOC:jl, GOC:mtg_cardio, GOC:tb, ISBN:0198506732]",11154,19613,17,"[[], [], [], [], [], [], [], [""IEA""], [], [], [], [], [], [], [], [], [], [], [""IDA"", ""IMP"", ""IBA"", ""IEA""], [], [""IDA"", ""IBA"", ""IEA""], [], [], [], [], [], [], [], [""ISS""], [], [], [], [], [], [], [], [], [], [""IDA""], [], [], [""IBA""], [], [], [], [], [], [], [], [], [], [""ISS"", ""IEA""], [], [], [""IC""], [], [], [], [], [], [], [], [], [], [], [], [], [], [], [], [], [], [], [], [], [], [], [], [], [], [], [], [""IBA""], [], [], [""IGI""], [], [], [], [], [], [], [], [], [], [], [], [], [""ISS""], [], [], [""ISS"", ""IEA""], [], [], [""TAS""], [], [], [], [], [""IEA""], [], [], [], [], [], [""IDA"", ""ISS"", ""IBA"", ""IEA""], [], [], [""IEA""], [""IEA""], [], []]",regulation of membrane potential,GO:0042391,0.00025694575795195626,"[""GO:0065008""]",0.13934426229508196,query_1,122,0.048295454545454544,True,GO:BP,352,9490,5,Mocetinostat,disease_down_drug_up,3777 | 11280 | 6328 | 148 | 482 | 6332 | 5348 | 5350 | 9630 | 1634 | 54413 | 9378 | 4842 | 54532 | 3745 | 1812 | 10060,IEA | IDA | IMP | IBA | ISS | IC | IGI | TAS,2.0
"""The process whose specific outcome is the progression of a blood vessel over time, from its formation to the mature structure. The blood vessel is the vasculature carrying blood."" [GOC:hjd, UBERON:0001981]",11154,10464,20,"[[""ISS"", ""IEA""], [], [], [""IDA"", ""IMP"", ""ISS"", ""IBA"", ""IEA""], [], [], [], [], [], [], [], [], [], [], [], [], [], [], [""IEA""], [], [], [""ISS""], [], [], [""ISS"", ""IEA""], [], [], [], [], [], [], [], [], [], [], [], [], [], [], [], [], [], [], [], [], [], [], [], [], [], [], [], [""IEP""], [""IBA"", ""IEA""], [], [], [], [""IMP""], [], [""ISS"", ""IEA""], [], [], [], [], [], [], [""IMP""], [""IEA""], [], [], [""IMP"", ""ISS"", ""TAS"", ""IEA""], [""IEA""], [], [], [], [], [], [], [], [], [], [], [], [""ISS"", ""IEA""], [], [""IDA""], [], [], [], [], [""IMP"", ""IEA""], [], [], [], [], [], [], [], [], [], [], [""ISS"", ""IEA""], [], [], [], [], [], [], [], [], [""IDA""], [], [], [], [], [], [], [], [], [""IEA""], [], [""IEA""]]",blood vessel development,GO:0001568,0.002863602977518473,"[""GO:0001944"", ""GO:0048856""]",0.16393442622950818,query_1,122,0.033003300330033,True,GO:BP,606,341,5,Mocetinostat,disease_down_drug_up,6943 | 7010 | 11280 | 5138 | 5156 | 51705 | 5787 | 5740 | 2719 | 2549 | 2034 | 7048 | 8854 | 5906 | 1634 | 358 | 9378 | 126393 | 10060 | 6444,ISS | IEA | IDA | IMP | IBA | IEP | TAS,3.0
"""Any process that results in a change in state or activity of a cell or an organism (in terms of movement, secretion, enzyme production, gene expression, etc.) as a result of a stimulus arising within the organism."" [GOC:sm]",11154,13580,30,"[[""ISS"", ""IEA""], [], [""IEA""], [""IEA""], [""ISS"", ""IBA"", ""IEA""], [], [], [], [], [], [], [], [], [], [], [""IMP"", ""IBA"", ""IEA""], [], [""TAS"", ""IEA""], [""IEA""], [], [], [""IEP""], [], [], [""IDA"", ""IEA""], [], [], [], [""ISS""], [""IBA"", ""IEA""], [], [], [""TAS"", ""IEA""], [], [], [""IDA"", ""IEA""], [], [], [], [], [], [], [], [], [], [], [], [], [], [""IEA""], [], [], [], [], [], [], [], [], [], [""IEA""], [], [], [], [], [], [], [""IMP"", ""TAS""], [], [], [], [""IDA"", ""IMP"", ""ISS"", ""IBA"", ""IC"", ""IEA""], [""IEA""], [], [], [], [""IDA""], [], [], [], [], [""ISS"", ""IBA"", ""IEA""], [], [], [""ISS""], [], [""IDA""], [], [], [""IDA""], [], [""IDA""], [], [], [], [], [], [], [""IMP""], [], [], [], [""IDA""], [], [""IEA""], [""ISS"", ""IBA""], [], [], [], [""IDA"", ""IEA""], [], [], [], [], [], [], [], [], [], [], [""IEA""], [], []]",response to endogenous stimulus,GO:0009719,0.002863602977518473,"[""GO:0050896""]",0.2459016393442623,query_1,122,0.02512562814070352,True,GO:BP,1194,3457,6,Mocetinostat,disease_down_drug_up,6943 | 2354 | 7010 | 8013 | 5166 | 8425 | 11280 | 5138 | 5156 | 148 | 91851 | 10628 | 2353 | 8516 | 2719 | 2549 | 7048 | 8854 | 3082 | 4929 | 5906 | 1634 | 55885 | 358 | 1066 | 9378 | 590 | 4842 | 8835 | 10060,ISS | IEA | IBA | IMP | TAS | IEP | IDA | IC,4.0
"""Muscle contraction of cardiac muscle tissue."" [GOC:dph]",11154,23457,9,"[[], [], [], [], [], [], [], [], [], [], [], [], [], [], [], [], [], [], [""IBA""], [], [""IBA""], [], [], [], [], [], [], [], [""ISS"", ""IEA""], [], [], [], [], [], [], [], [], [], [], [], [], [""IBA""], [], [], [], [], [], [], [], [], [], [], [], [], [""IDA"", ""IC"", ""IEA""], [], [], [], [], [], [], [], [], [], [], [], [], [], [], [], [], [], [], [], [""IMP""], [], [], [], [], [], [], [], [], [], [], [], [], [], [], [], [], [], [], [], [], [], [], [], [], [], [], [], [], [], [""TAS""], [], [], [], [], [], [], [], [], [], [], [], [], [], [], [""IEA""], [], [""IEA""]]",cardiac muscle contraction,GO:0060048,0.002863602977518473,"[""GO:0006941"", ""GO:0060047""]",0.07377049180327869,query_1,122,0.0703125,True,GO:BP,128,13334,5,Mocetinostat,disease_down_drug_up,11280 | 6328 | 148 | 6332 | 5350 | 4634 | 4842 | 10060 | 6444,IBA | ISS | IEA | IDA | IC | IMP | TAS,5.0
"""A cellular component consisting of one leaflet of a membrane bilayer and any proteins embedded or anchored in it or attached to its surface."" [GOC:dos]",11154,37787,19,"[[], [], [], [], [], [], [], [], [], [], [], [], [""ISS""], [], [], [], [], [], [], [], [], [], [], [""IEA""], [""IEA""], [], [""IBA""], [], [], [], [], [], [], [""IBA""], [], [], [], [], [""ISS"", ""IEA""], [], [], [], [], [], [], [], [], [], [], [""IBA""], [], [], [""IC""], [], [], [], [], [], [], [""IEA""], [], [], [], [], [], [], [], [], [""IBA""], [], [""IDA"", ""IEA""], [], [], [], [], [], [], [], [""IEA""], [], [], [], [""IBA"", ""TAS""], [], [""IDA""], [], [], [], [], [], [], [], [], [], [], [], [], [], [], [""IBA""], [], [], [], [], [], [], [], [""IBA"", ""IEA""], [], [], [], [], [], [""TAS""], [""IDA"", ""IEA""], [], [], [""IBA"", ""IEA""], [], [], [], []]",side of membrane,GO:0098552,0.0008887438522565986,"[""GO:0016020"", ""GO:0110165""]",0.1557377049180328,query_1,122,0.03467153284671533,True,GO:CC,548,3118,1,Mocetinostat,disease_down_drug_up,5243 | 7512 | 5156 | 79981 | 3977 | 482 | 8516 | 51705 | 2719 | 911 | 7048 | 3554 | 9630 | 5104 | 10462 | 2675 | 5064 | 4684 | 2788,ISS | IEA | IBA | IC | IDA | TAS,1.0
"""Any protein complex that is part of the plasma membrane."" [GOC:dos]",11154,37856,17,"[[], [], [], [], [], [], [], [], [], [], [], [], [], [], [], [], [], [], [""IBA"", ""IEA""], [], [""IDA"", ""IBA"", ""IEA""], [], [], [], [""IPI""], [], [], [], [], [], [], [], [], [], [], [], [], [], [""IDA"", ""ISS"", ""IBA"", ""IEA""], [], [], [""IBA"", ""IEA""], [], [], [], [], [], [], [], [""IBA"", ""TAS"", ""IEA""], [], [""ISS""], [], [], [], [], [""IBA""], [], [], [], [], [], [], [], [], [], [], [], [], [], [""IPI"", ""ISS"", ""IBA""], [], [], [], [], [], [], [], [], [], [], [], [""IBA"", ""TAS""], [], [], [], [], [], [], [], [], [], [""ISS""], [""IBA"", ""IEA""], [], [], [], [], [], [], [], [], [], [], [], [], [], [], [], [], [], [], [], [], [], [""IDA"", ""ISS"", ""IBA"", ""IEA""], [], [""IBA"", ""IEA""], [""IMP""], [""IDA"", ""ISS"", ""ISO""], [], [""IDA"", ""IBA"", ""TAS"", ""IEA""]]",plasma membrane protein complex,GO:0098797,0.0018030438654055396,"[""GO:0005886"", ""GO:0098796""]",0.13934426229508196,query_1,122,0.03512396694214876,True,GO:CC,484,3187,1,Mocetinostat,disease_down_drug_up,11280 | 6328 | 5156 | 482 | 6332 | 8516 | 5348 | 11037 | 7048 | 9630 | 1740 | 57406 | 3745 | 2788 | 1812 | 10060 | 6444,IBA | IEA | IDA | IPI | ISS | TAS | IMP | ISO,2.0
"""The outer membrane of a muscle cell, consisting of the plasma membrane, a covering basement membrane (about 100 nm thick and sometimes common to more than one fiber), and the associated loose network of collagen fibers."" [ISBN:0198506732]",11154,36414,7,"[[], [], [], [], [], [], [], [], [], [], [], [], [], [], [], [], [], [], [], [], [], [], [], [], [], [], [], [], [], [], [], [], [], [], [], [], [], [], [], [], [], [], [], [], [], [], [], [], [], [], [], [""ISS"", ""IEA""], [], [], [], [], [], [], [], [], [], [], [""IEA""], [], [], [], [], [], [], [], [], [], [], [], [], [], [], [], [], [], [], [], [], [], [], [], [], [], [], [], [""IDA""], [], [], [], [], [], [], [], [], [], [], [], [], [], [""IDA"", ""IEA""], [], [], [], [], [], [], [], [], [], [], [""IEA""], [], [], [], [""IEA""], [], [""IBA"", ""IEA""]]",sarcolemma,GO:0042383,0.012994615588511088,"[""GO:0005886""]",0.05737704918032787,query_1,122,0.06140350877192982,True,GO:CC,114,1745,1,Mocetinostat,disease_down_drug_up,5348 | 5592 | 358 | 4842 | 3745 | 10060 | 6444,ISS | IEA | IDA | IBA,3.0
"""A sodium channel in a cell membrane whose opening is governed by the membrane potential."" [ISBN:0198506732]",11154,34807,3,"[[], [], [], [], [], [], [], [], [], [], [], [], [], [], [], [], [], [], [""IBA"", ""IEA""], [], [""IDA"", ""IBA"", ""IEA""], [], [], [], [], [], [], [], [], [], [], [], [], [], [], [], [], [], [], [], [], [""IBA"", ""IEA""], [], [], [], [], [], [], [], [], [], [], [], [], [], [], [], [], [], [], [], [], [], [], [], [], [], [], [], [], [], [], [], [], [], [], [], [], [], [], [], [], [], [], [], [], [], [], [], [], [], [], [], [], [], [], [], [], [], [], [], [], [], [], [], [], [], [], [], [], [], [], [], [], [], [], [], [], [], [], [], []]",voltage-gated sodium channel complex,GO:0001518,0.015546334242134686,"[""GO:0034706"", ""GO:0098797""]",0.02459016393442623,query_1,122,0.23076923076923078,True,GO:CC,13,138,1,Mocetinostat,disease_down_drug_up,11280 | 6328 | 6332,IBA | IEA | IDA,4.0
"""A membrane raft that forms small pit, depression, or invagination that communicates with the outside of a cell and extends inward, indenting the cytoplasm and the cell membrane. Examples include flask-shaped invaginations of the plasma membrane in adipocytes associated with caveolin proteins, and minute pits or incuppings of the cell membrane formed during pinocytosis. Caveolae may be pinched off to form free vesicles within the cytoplasm."" [GOC:mah, ISBN:0721662544, PMID:16645198]",11154,35091,5,"[[], [], [], [], [], [], [], [], [], [], [], [], [], [], [], [], [], [], [], [], [], [], [], [], [], [], [], [], [""IEA""], [], [], [], [], [], [], [], [], [], [], [], [], [], [], [], [], [], [], [], [], [], [], [""ISS"", ""IEA""], [], [], [], [], [], [""IDA""], [], [], [], [], [], [], [], [], [], [], [], [], [""IDA""], [], [], [], [], [], [], [], [], [], [], [], [], [], [], [], [], [], [], [], [""IEA""], [], [], [], [], [], [], [], [], [], [], [], [], [], [], [], [], [], [], [], [], [], [], [], [], [], [], [], [], [], [], []]",caveola,GO:0005901,0.02759020637412121,"[""GO:0044853""]",0.040983606557377046,query_1,122,0.07462686567164178,True,GO:CC,67,422,3,Mocetinostat,disease_down_drug_up,148 | 5348 | 5740 | 7048 | 358,IEA | ISS | IDA,5.0
Muscle contraction,11154,40884,12,"[[], [], [], [], [], [], [], [""REAC""], [], [], [], [], [], [], [], [], [], [], [""REAC""], [], [""REAC""], [], [], [], [], [], [], [], [], [], [], [], [], [], [], [], [], [], [""REAC""], [], [], [""REAC""], [], [], [], [], [], [], [], [], [], [""REAC""], [], [], [""REAC""], [], [], [], [], [], [], [], [], [], [], [], [], [], [], [], [], [], [], [], [""REAC""], [], [], [], [], [], [], [], [], [], [], [], [], [], [], [], [], [], [], [], [], [], [], [""REAC""], [], [], [""REAC""], [], [], [], [""REAC""], [], [], [], [], [], [], [], [], [], [], [], [], [], [], [""REAC""], [], []]",Muscle contraction,REAC:R-HSA-397014,0.0001173634728442123,"[""REAC:0000000""]",0.09836065573770492,query_1,122,0.06857142857142857,True,REAC,175,1560,21,Mocetinostat,disease_down_drug_up,3777 | 11280 | 6328 | 482 | 6332 | 5348 | 5350 | 4634 | 1066 | 25802 | 4842 | 10060,REAC,1.0
Ion homeostasis,11154,40648,5,"[[], [], [], [], [], [], [], [], [], [], [], [], [], [], [], [], [], [], [], [], [], [], [], [], [], [], [], [], [], [], [], [], [], [], [], [], [], [], [""REAC""], [], [], [], [], [], [], [], [], [], [], [], [], [""REAC""], [], [], [""REAC""], [], [], [], [], [], [], [], [], [], [], [], [], [], [], [], [], [], [], [], [], [], [], [], [], [], [], [], [], [], [], [], [], [], [], [], [], [], [], [], [], [], [], [], [], [], [], [], [], [], [""REAC""], [], [], [], [], [], [], [], [], [], [], [], [], [], [], [""REAC""], [], []]",Ion homeostasis,REAC:R-HSA-5578775,0.02029555708793043,"[""REAC:R-HSA-5576891""]",0.040983606557377046,query_1,122,0.10638297872340426,True,REAC,47,1324,21,Mocetinostat,disease_down_drug_up,482 | 5348 | 5350 | 4842 | 10060,REAC,2.0
Interaction between L1 and Ankyrins,11154,40594,4,"[[], [], [], [], [], [], [], [], [], [], [], [], [], [], [], [], [], [], [""REAC""], [], [""REAC""], [], [], [], [], [], [], [], [], [], [], [], [], [], [], [], [], [], [], [], [], [""REAC""], [], [], [], [], [], [], [], [], [], [], [], [], [], [], [], [], [], [], [], [], [], [], [""REAC""], [], [], [], [], [], [], [], [], [], [], [], [], [], [], [], [], [], [], [], [], [], [], [], [], [], [], [], [], [], [], [], [], [], [], [], [], [], [], [], [], [], [], [], [], [], [], [], [], [], [], [], [], [], [], [], [], []]",Interaction between L1 and Ankyrins,REAC:R-HSA-445095,0.027757348619987812,"[""REAC:R-HSA-373760""]",0.03278688524590164,query_1,122,0.13793103448275862,True,REAC,29,1270,23,Mocetinostat,disease_down_drug_up,11280 | 6328 | 6332 | 23114,REAC,3.0
Hemostasis,11154,40492,15,"[[], [], [], [""REAC""], [], [], [""REAC""], [], [], [], [], [], [], [], [], [], [], [], [], [], [], [""REAC""], [], [], [], [""REAC""], [], [], [], [], [], [], [], [], [""REAC""], [], [""REAC""], [""REAC""], [""REAC""], [], [], [], [], [], [], [], [], [], [], [], [], [], [], [], [], [], [], [], [], [], [], [], [], [], [], [], [], [], [], [], [], [], [], [], [], [""REAC""], [], [], [], [], [], [], [""REAC""], [""REAC""], [""REAC""], [], [], [], [], [], [], [], [], [""REAC""], [], [], [], [], [], [], [], [], [], [], [""REAC""], [], [], [], [], [], [], [], [], [], [], [], [], [""REAC""], [], [], [], []]",Hemostasis,REAC:R-HSA-109582,0.04132917401263335,"[""REAC:0000000""]",0.12295081967213115,query_1,122,0.028517110266159697,True,REAC,526,1168,25,Mocetinostat,disease_down_drug_up,7010 | 3043 | 5138 | 5577 | 10235 | 7123 | 7102 | 482 | 3082 | 9630 | 5906 | 5104 | 57406 | 4842 | 2788,REAC,4.0
Diseases associated with glycosaminoglycan metabolism,11154,40112,4,"[[], [], [], [], [], [], [], [], [], [], [], [], [], [], [], [], [""REAC""], [], [], [], [], [], [], [], [], [], [], [], [], [], [""REAC""], [], [], [], [], [], [], [], [], [], [], [], [], [], [], [], [], [], [], [], [], [], [], [], [], [], [], [], [], [""REAC""], [], [], [], [], [], [], [], [], [], [], [], [], [], [], [], [], [], [], [], [], [], [], [], [], [], [""REAC""], [], [], [], [], [], [], [], [], [], [], [], [], [], [], [], [], [], [], [], [], [], [], [], [], [], [], [], [], [], [], [], [], [], [], [], []]",Diseases associated with glycosaminoglycan metabolism,REAC:R-HSA-3560782,0.04132917401263335,"[""REAC:R-HSA-3781865""]",0.03278688524590164,query_1,122,0.11428571428571428,True,REAC,35,788,27,Mocetinostat,disease_down_drug_up,5549 | 4969 | 2719 | 1634,REAC,5.0
"""A process that is part of the mitotic cell cycle."" [GO_REF:0000060, GOC:mtg_cell_cycle, GOC:TermGenie]",11154,31273,41,"[[""IBA"", ""NAS""], [], [""IEA""], [""IDA"", ""IMP"", ""IBA"", ""TAS""], [""IDA"", ""IBA"", ""NAS"", ""IEA""], [""IMP"", ""IBA"", ""TAS"", ""IEA""], [], [], [""IDA"", ""ISS"", ""IEA""], [], [], [""IGI""], [""IMP""], [""IDA"", ""IMP"", ""IBA""], [""IDA"", ""IMP"", ""IBA"", ""IC""], [], [""IBA"", ""TAS"", ""IEA""], [""IMP""], [""IBA"", ""IEA""], [], [""IDA"", ""IEA""], [""IDA"", ""NAS"", ""IEA""], [""IMP""], [""IDA"", ""IBA"", ""TAS"", ""IEA""], [""IDA"", ""IBA"", ""NAS"", ""IEA""], [""IBA"", ""NAS""], [""IMP"", ""IGI"", ""IBA"", ""IEA""], [""IDA"", ""IMP"", ""IBA"", ""IEA""], [""IMP"", ""IEA""], [""IEA""], [], [], [""IDA"", ""IMP""], [""IDA"", ""IMP""], [], [""IEA""], [], [""IDA"", ""IBA"", ""IEA""], [""ISS""], [], [""IDA""], [""IBA""], [], [], [], [], [], [], [], [], [], [""IDA"", ""IMP"", ""IBA"", ""NAS"", ""IEA""], [], [], [], [""IMP""], [""IDA"", ""IBA"", ""TAS""], [], [], [], [], [""IMP"", ""IBA"", ""TAS""], [""IMP"", ""TAS""], [""TAS""], [""IBA""], [""IDA"", ""IMP"", ""IBA"", ""NAS""], [], [], [""IMP""], [], [], [], [""IMP""], [""IMP"", ""IBA"", ""IEA""], [], [], []]",mitotic cell cycle process,GO:1903047,7.657523097903856e-30,"[""GO:0000278"", ""GO:0022402""]",0.5324675324675324,query_1,77,0.0721830985915493,True,GO:BP,568,21150,19,Mocetinostat,disease_up_drug_down,332 | 5888 | 5347 | 890 | 699 | 22974 | 26586 | 3835 | 11065 | 29127 | 6790 | 10112 | 9133 | 2305 | 991 | 9928 | 7272 | 64151 | 9787 | 55165 | 23397 | 10460 | 2146 | 27338 | 220134 | 1164 | 11130 | 56992 | 6241 | 3978 | 4085 | 80346 | 993 | 990 | 5901 | 10926 | 899 | 6491 | 8480 | 54962 | 55055,IBA | NAS | IEA | IDA | IMP | TAS | ISS | IGI | IC,1.0
"""The cell cycle process in which replicated homologous chromosomes are organized and then physically separated and apportioned to two sets during the mitotic cell cycle. Each replicated chromosome, composed of two sister chromatids, aligns at the cell equator, paired with its homologous partner. One homolog of each morphologic type goes into each of the resulting chromosome sets."" [GOC:ai, GOC:jl]",11154,10146,19,"[[""NAS""], [], [], [""IDA"", ""IMP"", ""TAS""], [], [""IMP"", ""IBA"", ""TAS"", ""IEA""], [], [], [""IDA"", ""IEA""], [], [], [], [""IMP""], [""IDA""], [""IDA"", ""IBA""], [], [], [], [], [], [], [""IDA"", ""NAS"", ""IEA""], [""IMP""], [""IDA"", ""IBA"", ""TAS"", ""IEA""], [""IDA"", ""IBA"", ""NAS"", ""IEA""], [""NAS""], [], [""IDA"", ""IMP"", ""IBA"", ""IEA""], [], [], [], [], [], [""IDA"", ""IMP""], [], [], [], [""IDA"", ""IBA""], [""ISS""], [], [], [], [], [], [], [], [], [], [], [], [], [""IDA"", ""IBA"", ""NAS"", ""IEA""], [], [], [], [], [], [], [], [], [], [], [""IMP""], [], [], [], [], [], [], [], [], [], [], [""IMP"", ""IBA"", ""IEA""], [], [], []]",mitotic sister chromatid segregation,GO:0000070,7.461627510527965e-18,"[""GO:0000819"", ""GO:0140014"", ""GO:1903047""]",0.24675324675324675,query_1,77,0.13380281690140844,True,GO:BP,142,23,19,Mocetinostat,disease_up_drug_down,332 | 5347 | 699 | 22974 | 3835 | 11065 | 29127 | 991 | 9928 | 7272 | 64151 | 9787 | 23397 | 220134 | 11130 | 56992 | 4085 | 5901 | 55055,NAS | IDA | IMP | TAS | IBA | IEA | ISS,2.0
"""Any process that increases the rate, frequency or extent of a cellular process that is involved in the progression of biochemical and morphological phases and events that occur in a cell during successive cell replication or nuclear replication events."" [GOC:dph, GOC:tb]",11154,26925,19,"[[""NAS""], [], [], [], [], [""IMP""], [], [], [], [], [], [], [], [""IDA"", ""IMP""], [""IDA"", ""IMP""], [], [""TAS""], [], [], [], [], [""IDA""], [""IMP""], [], [""ISO"", ""IEA""], [""NAS""], [], [""ISO"", ""IEA""], [], [""IMP""], [], [], [], [""IMP""], [], [], [], [], [], [""IMP""], [""IDA""], [], [], [], [], [], [], [], [], [], [], [""IDA"", ""IEA""], [], [], [], [], [""IDA"", ""IBA"", ""IEA""], [], [], [], [], [""IDA"", ""IMP"", ""TAS""], [], [""IBA""], [], [""IDA"", ""NAS""], [], [], [], [], [], [], [], [], [], [], []]",positive regulation of cell cycle process,GO:0090068,3.0008307148731115e-15,"[""GO:0010564"", ""GO:0022402"", ""GO:0045787""]",0.24675324675324675,query_1,77,0.09743589743589744,True,GO:BP,195,16802,19,Mocetinostat,disease_up_drug_down,332 | 699 | 11065 | 29127 | 6790 | 991 | 9928 | 64151 | 9787 | 23397 | 2146 | 220134 | 2237 | 6241 | 4085 | 993 | 990 | 10926 | 6491,NAS | IMP | IDA | TAS | ISO | IEA | IBA,3.0
"""A process that is carried out at the cellular level which results in the assembly, arrangement of constituent parts, or disassembly of the spindle, the array of microtubules and associated molecules that forms between opposite poles of a eukaryotic cell during DNA segregation and serves to move the duplicated chromosomes apart."" [GOC:go_curators, GOC:mah]",11154,12640,15,"[[""IBA"", ""NAS""], [], [], [""IDA"", ""IBA"", ""TAS""], [], [], [], [], [""IDA"", ""ISS"", ""IEA""], [], [], [], [], [], [""IDA"", ""IBA""], [], [""IMP"", ""IBA"", ""IEA""], [], [""IEA""], [], [], [""IEA""], [], [""TAS""], [], [""IBA""], [], [], [""IMP"", ""IEA""], [], [], [], [], [""ISS""], [], [], [], [], [""ISS""], [], [], [], [], [], [], [], [], [], [], [], [], [], [], [], [], [], [], [], [], [], [], [], [""TAS""], [], [], [""IMP"", ""IBA"", ""NAS""], [], [], [""IMP""], [], [], [], [], [], [], [], []]",spindle organization,GO:0007051,4.659494544147759e-12,"[""GO:0000226"", ""GO:0022402""]",0.19480519480519481,query_1,77,0.09803921568627451,True,GO:BP,153,2517,19,Mocetinostat,disease_up_drug_down,332 | 5347 | 22974 | 29127 | 6790 | 9133 | 991 | 7272 | 9787 | 10460 | 220134 | 56992 | 5901 | 6491 | 8480,IBA | NAS | IDA | TAS | ISS | IEA | IMP,4.0
"""A mitotic cell cycle checkpoint that delays mitotic sister chromatid separation and consequently the mitotic metaphase/anaphase transition until the spindle is correctly assembled and chromosomes are attached to the spindle. Spindle assembly checkpoint signaling begins with the activated Mph family kinase, and results in the inhibition of the Anaphase Promoting Complex and its activator Sleepy/Cdc20 by the mitotic checkpoint complex (MCC)."" [GOC:mtg_cell_cycle, PMID:12360190]",11154,12666,9,"[[""NAS""], [], [], [""IMP""], [], [""IMP"", ""IBA"", ""TAS"", ""IEA""], [], [], [], [], [], [], [], [], [], [], [], [], [], [], [], [""NAS""], [], [""IDA"", ""IBA"", ""TAS"", ""IEA""], [], [], [], [], [], [], [], [], [], [""IMP""], [], [], [], [""IDA"", ""IBA""], [], [], [], [], [], [], [], [], [], [], [], [], [], [""IDA"", ""IBA"", ""NAS"", ""IEA""], [], [], [], [], [], [], [], [], [], [], [], [], [], [], [], [], [], [], [], [], [], [""IMP"", ""IBA"", ""IEA""], [], [], []]",mitotic spindle assembly checkpoint signaling,GO:0007094,8.986714618273665e-11,"[""GO:0045841"", ""GO:0071173"", ""GO:0071174""]",0.11688311688311688,query_1,77,0.24324324324324326,True,GO:BP,37,2543,19,Mocetinostat,disease_up_drug_down,332 | 5347 | 699 | 991 | 7272 | 220134 | 11130 | 4085 | 55055,NAS | IMP | IBA | TAS | IEA | IDA,5.0
"""A highly compacted molecule of DNA and associated proteins resulting in a cytologically distinct structure."" [GOC:elh]",11154,34762,19,"[[""IDA"", ""IBA"", ""IEA""], [], [""IDA"", ""ISS"", ""IBA"", ""IEA""], [""IDA"", ""IBA"", ""IEA""], [], [""IDA"", ""IBA"", ""IEA""], [], [""IDA""], [], [], [], [], [""TAS""], [], [], [], [""IBA""], [], [], [""IEA""], [], [""ISS"", ""IEA""], [], [""IBA"", ""IEA""], [""ISO"", ""IBA"", ""IEA""], [], [], [""ISO"", ""IEA""], [], [], [], [""TAS""], [], [""IDA"", ""IPI"", ""IBA"", ""IEA""], [], [], [], [""IDA"", ""IBA"", ""NAS"", ""IEA""], [], [], [], [], [], [], [], [], [], [], [], [], [], [""IDA"", ""IBA"", ""IEA""], [], [], [], [], [], [], [], [], [], [], [], [], [], [], [], [], [], [], [], [], [], [""IDA"", ""IPI"", ""IBA"", ""IEA""], [], [""IDA"", ""IEA""], [""IPI"", ""IEA""]]",condensed chromosome,GO:0000793,1.119320149611756e-14,"[""GO:0005694""]",0.24675324675324675,query_1,77,0.09644670050761421,True,GO:CC,197,93,11,Mocetinostat,disease_up_drug_down,332 | 5888 | 5347 | 699 | 55355 | 3835 | 6790 | 7153 | 991 | 7272 | 64151 | 23397 | 6839 | 220134 | 11130 | 4085 | 55055 | 79902 | 55839,IDA | IBA | IEA | ISS | TAS | ISO | IPI | NAS,1.0
"""The array of microtubules and associated molecules that forms between opposite poles of a eukaryotic cell during mitosis or meiosis and serves to move the duplicated chromosomes apart."" [ISBN:0198547684]",11154,35027,20,"[[""IBA"", ""IEA""], [], [], [""IDA"", ""IBA"", ""IEA""], [], [], [], [], [""IDA"", ""ISS"", ""TAS"", ""IEA""], [], [], [""IDA"", ""IEA""], [""IDA"", ""IEA""], [], [""IDA"", ""IMP"", ""IBA"", ""IEA""], [], [""IDA"", ""IBA"", ""TAS"", ""IEA""], [""IDA"", ""IEA""], [], [], [], [""TAS"", ""IEA""], [""IDA"", ""IEA""], [""TAS""], [], [""IDA"", ""IBA"", ""IEA""], [], [], [""IDA"", ""IEA""], [], [], [], [], [""IDA"", ""IBA"", ""IEA""], [], [], [], [], [""ISS"", ""IEA""], [], [], [], [], [], [], [], [], [], [], [], [], [""IDA"", ""IEA""], [], [], [], [], [], [], [], [], [], [""IDA""], [], [], [], [], [], [], [""IMP"", ""IEA""], [], [], [], [], [""NAS""], [], [""IEA""], []]",spindle,GO:0005819,4.624534930189712e-13,"[""GO:0015630"", ""GO:0043232""]",0.2597402597402597,query_1,77,0.06557377049180328,True,GO:CC,305,358,11,Mocetinostat,disease_up_drug_down,332 | 5347 | 22974 | 26586 | 3835 | 29127 | 6790 | 10112 | 991 | 9928 | 7272 | 9787 | 10460 | 220134 | 56992 | 4085 | 990 | 8480 | 55055 | 79902,IBA | IEA | IDA | ISS | TAS | IMP | NAS,2.0
"""A chromosome that encodes the nuclear genome and is found in the nucleus of a eukaryotic cell during the cell cycle phases when the nucleus is intact."" [GOC:dph, GOC:mah]",11154,34706,12,"[[""IDA""], [""IPI"", ""ISS"", ""IBA"", ""IEA""], [""IDA"", ""ISS"", ""IBA"", ""IEA""], [""IEA""], [], [], [""IBA""], [], [], [], [], [], [], [], [], [], [], [], [], [""IDA""], [], [], [], [], [""ISO"", ""IEA""], [], [], [""ISO"", ""IEA""], [], [], [], [""TAS""], [], [], [], [], [""IBA"", ""NAS""], [], [], [], [], [], [], [], [], [], [], [], [], [], [], [], [], [], [], [], [], [], [], [], [], [], [], [], [], [], [], [], [], [], [""IDA"", ""IPI"", ""IBA"", ""IEA""], [], [""IBA""], [], [], [], []]",nuclear chromosome,GO:0000228,1.621648625746619e-08,"[""GO:0005694"", ""GO:0031981""]",0.15584415584415584,query_1,77,0.07272727272727272,True,GO:CC,165,37,11,Mocetinostat,disease_up_drug_down,332 | 51659 | 5888 | 5347 | 55388 | 7153 | 64151 | 23397 | 6839 | 25855 | 23649 | 54962,IDA | IPI | ISS | IBA | IEA | ISO | TAS | NAS,3.0
"""The area in the center of the spindle where the spindle microtubules from opposite poles overlap."" [GOC:ai, PMID:15296749]",11154,36851,6,"[[""IBA""], [], [], [""IDA""], [], [], [], [], [], [], [], [], [], [], [""IDA"", ""IBA""], [], [""IBA""], [], [], [], [], [], [""IDA""], [], [], [], [], [], [], [], [], [], [], [], [], [], [], [], [], [], [], [], [], [], [], [], [], [], [], [], [], [], [], [], [], [], [], [], [], [], [], [""IDA""], [], [], [], [], [], [], [], [], [], [], [], [], [], [], []]",spindle midzone,GO:0051233,8.705099255611933e-07,"[""GO:0005819"", ""GO:0110165""]",0.07792207792207792,query_1,77,0.1875,True,GO:CC,32,2182,11,Mocetinostat,disease_up_drug_down,332 | 5347 | 29127 | 6790 | 9928 | 990,IBA | IDA,4.0
"""An intracellular structure that can catalyze gamma-tubulin-dependent microtubule nucleation and that can anchor microtubules by interacting with their minus ends, plus ends or sides."" [GOC:vw, ISBN:0815316194, PMID:17072892, PMID:17245416, Wikipedia:Microtubule_organizing_center]",11154,35024,18,"[[], [], [""IEA""], [""IDA"", ""IBA"", ""IEA""], [""IBA""], [], [], [], [], [], [], [""IDA""], [], [], [], [], [""IDA"", ""IBA"", ""TAS"", ""IEA""], [], [""IDA"", ""IBA""], [""IDA""], [], [""IEA""], [], [], [], [""IDA"", ""IBA""], [""IDA"", ""IEA""], [], [""IDA"", ""IEA""], [], [], [], [], [""IDA"", ""IEA""], [], [], [], [], [""TAS""], [], [], [], [], [], [], [], [], [], [], [], [], [], [], [], [], [], [], [], [], [], [], [], [""IDA""], [], [""IDA"", ""IBA"", ""IEA""], [""IDA"", ""IBA"", ""IEA""], [], [], [], [], [""IDA""], [], [], [], [], [""IDA""], []]",microtubule organizing center,GO:0005815,2.712533156869316e-06,"[""GO:0015630"", ""GO:0110165""]",0.23376623376623376,query_1,77,0.027993779160186624,True,GO:CC,643,355,11,Mocetinostat,disease_up_drug_down,5888 | 5347 | 890 | 26586 | 6790 | 9133 | 7153 | 991 | 9787 | 55165 | 10460 | 220134 | 56992 | 5901 | 899 | 6491 | 23649 | 79902,IEA | IDA | IBA | TAS,5.0
"""Binding to a microtubule, a filament composed of tubulin monomers."" [GOC:krc]",11154,1486,11,"[[""TAS""], [], [], [""IDA""], [], [], [], [], [], [], [], [], [""IBA"", ""IEA""], [], [""IDA""], [], [], [""IBA"", ""IEA""], [], [], [], [], [""ISS"", ""IBA"", ""IEA""], [], [], [""IBA""], [], [], [], [], [], [], [], [""IDA"", ""IBA"", ""IEA""], [], [], [], [], [""IBA"", ""IEA""], [], [], [], [], [], [], [], [], [], [], [], [], [], [], [], [], [""ISS"", ""IBA""], [], [], [], [], [], [], [], [], [], [], [], [], [""ISS""], [], [], [], [], [], [], [], []]",microtubule binding,GO:0008017,1.3370182317598336e-05,"[""GO:0015631""]",0.14285714285714285,query_1,77,0.06043956043956044,True,GO:MF,182,1486,4,Mocetinostat,disease_up_drug_down,332 | 5347 | 3835 | 29127 | 10112 | 9928 | 9787 | 220134 | 56992 | 80346 | 8480,TAS | IDA | IBA | IEA | ISS,1.0
"""Catalysis of the geometric or structural changes within one molecule. Isomerase is the systematic name for any enzyme of EC class 5."" [ISBN:0198506732]",11154,2944,10,"[[], [], [""IDA"", ""IMP""], [], [], [], [], [], [], [], [], [], [""IBA"", ""TAS"", ""IEA""], [], [], [], [], [""IBA"", ""IEA""], [], [""IDA"", ""IMP"", ""IEA""], [], [], [""ISS"", ""IBA"", ""IEA""], [], [], [], [], [], [], [], [], [], [], [], [""IDA""], [], [], [], [""ISS"", ""IBA"", ""IEA""], [], [], [], [], [], [], [], [], [], [""IDA"", ""IBA"", ""TAS"", ""NAS"", ""IEA""], [], [], [], [], [], [""IDA"", ""IMP"", ""IBA"", ""IEA""], [], [], [], [], [], [], [], [], [], [], [], [], [], [], [""TAS"", ""IEA""], [], [], [], [], [], [], []]",isomerase activity,GO:0016853,0.004590155003086257,"[""GO:0003824""]",0.12987012987012986,query_1,77,0.030864197530864196,True,GO:MF,324,2944,1,Mocetinostat,disease_up_drug_down,5888 | 3835 | 10112 | 7153 | 9928 | 5982 | 56992 | 7167 | 5478 | 54606,IDA | IMP | IBA | TAS | IEA | ISS | NAS,2.0
"""Modulates the activity of a cyclin-dependent protein serine/threonine kinase, enzymes of the protein kinase family that are regulated through association with cyclins and other proteins."" [GOC:pr, GOC:rn, PMID:7877684, PMID:9442875]",11154,2754,4,"[[], [], [], [], [""IDA"", ""IBA"", ""IEA""], [], [], [], [], [], [], [], [], [], [], [], [], [], [""IBA"", ""IEA""], [], [], [], [], [], [], [], [], [], [], [], [], [], [], [], [], [""IBA"", ""IEA""], [], [], [], [], [], [], [], [], [], [], [], [], [], [], [], [], [], [], [], [], [], [], [], [], [], [], [], [], [""IBA""], [], [], [], [], [], [], [], [], [], [], [], []]",cyclin-dependent protein serine/threonine kinase regulator activity,GO:0016538,0.005678387585930947,"[""GO:0019914""]",0.05194805194805195,query_1,77,0.10256410256410256,True,GO:MF,39,2754,6,Mocetinostat,disease_up_drug_down,890 | 9133 | 1164 | 899,IDA | IBA | IEA,3.0
"""Binding to a histone, any of a group of water-soluble proteins found in association with the DNA of eukaryotic or archaeal chromosomes. They are involved in the condensation and coiling of chromosomes during cell division and have also been implicated in gene regulation and DNA replication. They may be chemically modified (methylated, acetlyated and others) to regulate gene transcription."" [GOC:jl, PMID:16209651, PMID:30212449, PMID:9305837]",11154,5046,6,"[[], [], [], [], [], [], [], [""IDA"", ""IPI"", ""IBA"", ""IEA""], [], [], [""IBA"", ""IEA""], [], [], [], [], [], [], [], [], [], [], [], [], [], [], [], [], [], [], [""IDA""], [], [], [], [], [], [""IBA""], [], [], [], [], [], [], [], [], [""IDA""], [], [], [], [], [], [""IDA""], [], [], [], [], [], [], [], [], [], [], [], [], [], [], [], [], [], [], [], [], [], [], [], [], [], []]",histone binding,GO:0042393,0.007633648492964967,"[""GO:0005515""]",0.07792207792207792,query_1,77,0.048,True,GO:MF,125,5046,3,Mocetinostat,disease_up_drug_down,55355 | 55723 | 2146 | 1164 | 23234 | 27000,IDA | IPI | IBA | IEA,4.0
"""A motor activity that generates movement along a microtubule, driven by ATP hydrolysis."" [PMID:19686686, PMID:32684327, PMID:32842864]",11154,347,4,"[[], [], [], [], [], [], [], [], [], [], [], [], [""IBA"", ""TAS"", ""IEA""], [], [], [], [], [""IBA"", ""IEA""], [], [], [], [], [""ISS"", ""IBA"", ""IEA""], [], [], [], [], [], [], [], [], [], [], [], [], [], [], [], [""ISS"", ""IBA"", ""IEA""], [], [], [], [], [], [], [], [], [], [], [], [], [], [], [], [], [], [], [], [], [], [], [], [], [], [], [], [], [], [], [], [], [], [], [], [], [], []]",microtubule motor activity,GO:0003777,0.008589179472260346,"[""GO:0003774"", ""GO:0120544"", ""GO:0140657""]",0.05194805194805195,query_1,77,0.0851063829787234,True,GO:MF,47,347,1,Mocetinostat,disease_up_drug_down,3835 | 10112 | 9928 | 56992,IBA | TAS | IEA | ISS,5.0
Cell cycle,11154,39011,10,"[[], [], [], [""KEGG""], [""KEGG""], [""KEGG""], [], [], [], [], [], [], [], [], [], [], [], [], [""KEGG""], [], [], [""KEGG""], [], [""KEGG""], [], [], [], [], [], [], [], [], [], [], [], [], [], [], [], [], [], [], [], [], [], [], [], [], [], [], [], [""KEGG""], [], [], [], [], [""KEGG""], [], [], [], [], [""KEGG""], [], [""KEGG""], [], [], [], [], [], [], [], [], [], [], [], [], []]",Cell cycle,KEGG:04110,1.0903993104357472e-06,"[""KEGG:00000""]",0.12987012987012986,query_1,77,0.07692307692307693,True,KEGG,130,273,41,Mocetinostat,disease_up_drug_down,5347 | 890 | 699 | 9133 | 991 | 7272 | 4085 | 993 | 990 | 10926,KEGG,1.0
Oocyte meiosis,11154,39015,6,"[[], [], [], [""KEGG""], [], [""KEGG""], [], [], [], [], [], [], [], [], [], [], [""KEGG""], [], [""KEGG""], [], [], [""KEGG""], [], [], [], [], [], [], [], [], [], [], [], [], [], [], [], [], [], [], [], [], [], [], [], [], [], [], [], [], [], [""KEGG""], [], [], [], [], [], [], [], [], [], [], [], [], [], [], [], [], [], [], [], [], [], [], [], [], []]",Oocyte meiosis,KEGG:04114,0.000932940438650211,"[""KEGG:00000""]",0.07792207792207792,query_1,77,0.06315789473684211,True,KEGG,95,277,43,Mocetinostat,disease_up_drug_down,5347 | 699 | 6790 | 9133 | 991 | 4085,KEGG,2.0
DNA replication,11154,38957,4,"[[], [], [], [], [], [], [], [], [], [], [], [], [], [], [], [], [], [], [], [], [], [], [], [], [], [], [], [], [], [], [], [], [], [], [""KEGG""], [], [], [], [], [""KEGG""], [], [""KEGG""], [], [], [], [], [], [], [], [], [], [], [], [], [], [], [], [], [], [], [], [], [], [], [], [], [], [], [], [], [""KEGG""], [], [], [], [], [], []]",DNA replication,KEGG:03030,0.0012272148598701496,"[""KEGG:00000""]",0.05194805194805195,query_1,77,0.11764705882352941,True,KEGG,34,219,44,Mocetinostat,disease_up_drug_down,5982 | 2237 | 3978 | 23649,KEGG,3.0
Fanconi anemia pathway,11154,38987,3,"[[], [], [""KEGG""], [], [], [], [], [], [], [], [], [], [], [], [], [], [], [], [], [], [], [], [], [], [], [], [], [], [], [], [], [], [], [], [], [], [], [], [], [], [], [], [""KEGG""], [], [], [], [], [], [], [], [], [], [""KEGG""], [], [], [], [], [], [], [], [], [], [], [], [], [], [], [], [], [], [], [], [], [], [], [], []]",Fanconi anemia pathway,KEGG:03460,0.017546494826054367,"[""KEGG:00000""]",0.03896103896103896,query_1,77,0.09090909090909091,True,KEGG,33,249,45,Mocetinostat,disease_up_drug_down,5888 | 55215 | 79728,KEGG,4.0
Nucleocytoplasmic transport,11154,38952,4,"[[], [], [], [], [], [], [], [], [], [], [], [], [], [], [], [], [], [], [], [], [], [], [], [], [], [], [], [], [], [], [], [], [], [], [], [], [], [], [], [], [], [], [], [], [], [], [""KEGG""], [], [], [], [], [], [], [], [], [], [], [], [], [], [], [], [""KEGG""], [], [], [], [], [], [""KEGG""], [], [], [], [], [], [], [""KEGG""], []]",Nucleocytoplasmic transport,KEGG:03013,0.02772938096087781,"[""KEGG:00000""]",0.05194805194805195,query_1,77,0.0449438202247191,True,KEGG,89,214,47,Mocetinostat,disease_up_drug_down,10921 | 5901 | 8480 | 79902,KEGG,5.0
"Cell Cycle, Mitotic",11154,39663,33,"[[""REAC""], [""REAC""], [], [""REAC""], [""REAC""], [""REAC""], [""REAC""], [], [""REAC""], [], [], [], [], [""REAC""], [], [], [""REAC""], [""REAC""], [""REAC""], [""REAC""], [""REAC""], [""REAC""], [], [], [""REAC""], [], [], [""REAC""], [], [], [], [], [""REAC""], [""REAC""], [""REAC""], [], [], [""REAC""], [], [""REAC""], [""REAC""], [""REAC""], [], [], [], [], [], [], [], [], [], [""REAC""], [], [], [], [], [""REAC""], [], [], [], [], [""REAC""], [""REAC""], [""REAC""], [], [], [], [], [""REAC""], [], [""REAC""], [], [], [""REAC""], [], [""REAC""], [""REAC""]]","Cell Cycle, Mitotic",REAC:R-HSA-69278,4.711300867965712e-25,"[""REAC:R-HSA-1640170""]",0.42857142857142855,query_1,77,0.08148148148148149,True,REAC,405,339,48,Mocetinostat,disease_up_drug_down,332 | 51659 | 5347 | 890 | 699 | 55388 | 22974 | 11065 | 6790 | 10112 | 9133 | 7153 | 2305 | 991 | 64151 | 23397 | 27338 | 220134 | 5982 | 11130 | 2237 | 6241 | 3978 | 4085 | 993 | 990 | 5901 | 10926 | 8480 | 23649 | 55055 | 79902 | 55839,REAC,1.0
Mitotic Spindle Checkpoint,11154,40875,12,"[[""REAC""], [], [], [""REAC""], [], [""REAC""], [], [], [], [], [], [], [], [""REAC""], [], [], [], [], [], [], [], [""REAC""], [], [], [], [], [], [], [], [], [], [], [""REAC""], [""REAC""], [], [], [], [""REAC""], [], [], [], [], [], [], [], [], [], [], [], [], [], [""REAC""], [], [], [], [], [], [], [], [], [], [], [], [], [], [], [], [], [], [], [], [], [], [""REAC""], [], [""REAC""], [""REAC""]]",Mitotic Spindle Checkpoint,REAC:R-HSA-69618,3.777187097478647e-11,"[""REAC:R-HSA-69620""]",0.15584415584415584,query_1,77,0.13953488372093023,True,REAC,86,1551,48,Mocetinostat,disease_up_drug_down,332 | 5347 | 699 | 11065 | 991 | 27338 | 220134 | 11130 | 4085 | 55055 | 79902 | 55839,REAC,2.0
DNA Replication,11154,39789,11,"[[], [""REAC""], [], [], [""REAC""], [], [""REAC""], [], [], [], [], [], [], [""REAC""], [], [], [], [], [], [], [], [], [], [], [], [], [], [], [], [], [], [], [""REAC""], [], [""REAC""], [], [], [], [], [""REAC""], [], [""REAC""], [], [], [], [], [], [], [], [], [], [], [], [], [], [], [], [], [], [], [], [""REAC""], [], [""REAC""], [], [], [], [], [], [], [""REAC""], [], [], [], [], [], []]",DNA Replication,REAC:R-HSA-69306,7.111870082835636e-09,"[""REAC:0000000""]",0.14285714285714285,query_1,77,0.0990990990990991,True,REAC,111,465,48,Mocetinostat,disease_up_drug_down,51659 | 890 | 55388 | 11065 | 27338 | 5982 | 2237 | 3978 | 990 | 10926 | 23649,REAC,3.0
Chromosome Maintenance,11154,39697,7,"[[], [], [], [], [""REAC""], [], [], [""REAC""], [], [], [], [], [], [], [], [], [], [], [], [], [], [], [], [], [], [], [], [], [], [], [], [], [], [], [""REAC""], [], [], [], [], [""REAC""], [], [""REAC""], [], [], [], [], [], [], [], [], [], [], [], [], [], [], [], [], [], [], [], [], [], [], [], [], [], [], [], [], [""REAC""], [], [], [], [], [], [""REAC""]]",Chromosome Maintenance,REAC:R-HSA-73886,1.1827552200517514e-05,"[""REAC:R-HSA-1640170""]",0.09090909090909091,query_1,77,0.09722222222222222,True,REAC,72,373,48,Mocetinostat,disease_up_drug_down,890 | 55355 | 5982 | 2237 | 3978 | 23649 | 55839,REAC,4.0
Cyclin A/B1/B2 associated events during G2/M transition,11154,39758,5,"[[], [], [], [""REAC""], [""REAC""], [], [], [], [], [], [], [], [], [], [], [], [], [], [""REAC""], [], [""REAC""], [], [], [], [], [], [], [], [], [], [], [], [], [], [], [], [], [], [], [], [], [], [], [], [], [], [], [], [], [], [], [], [], [], [], [], [""REAC""], [], [], [], [], [], [], [], [], [], [], [], [], [], [], [], [], [], [], [], []]",Cyclin A/B1/B2 associated events during G2/M transition,REAC:R-HSA-69273,1.5582331940016795e-05,"[""REAC:R-HSA-69275""]",0.06493506493506493,query_1,77,0.19230769230769232,True,REAC,26,434,48,Mocetinostat,disease_up_drug_down,5347 | 890 | 9133 | 2305 | 993,REAC,5.0
"""The process in which genetic material, in the form of chromosomes, is organized into specific structures and then physically separated and apportioned to two or more sets. In eukaryotes, chromosome segregation begins with the condensation of chromosomes, includes chromosome separation, and ends when chromosomes have completed movement to the spindle poles."" [GOC:jl, GOC:mah, GOC:mtg_cell_cycle, GOC:vw]",11154,12648,38,"[[""IDA"", ""IBA""], [], [], [], [], [], [], [], [], [""IMP""], [], [], [], [""NAS""], [""IMP""], [""IEA""], [], [""IDA"", ""IMP"", ""TAS"", ""IEA""], [], [], [""IMP""], [], [], [""IMP"", ""IBA"", ""TAS"", ""IEA""], [], [""IBA""], [""IDA"", ""IMP"", ""ISO"", ""IBA"", ""IEA""], [], [], [], [""IDA"", ""IEA""], [""IMP"", ""IBA"", ""NAS""], [""IBA"", ""NAS""], [], [], [""IMP"", ""IBA""], [], [], [], [], [""IDA"", ""IMP"", ""IBA"", ""NAS""], [""IBA"", ""TAS""], [""ISS""], [], [""IMP""], [""IMP"", ""IBA"", ""NAS""], [""IDA"", ""ISS"", ""IBA""], [], [], [], [], [], [], [], [], [], [""IDA"", ""IMP"", ""ISS"", ""IBA"", ""IEA""], [], [], [], [], [], [""IDA"", ""IMP"", ""IBA""], [], [], [], [], [], [], [""IBA"", ""NAS"", ""IEA""], [], [], [], [], [], [], [""IMP""], [], [], [], [""IEA""], [], [], [], [], [], [], [], [""IDA"", ""IBA"", ""NAS"", ""IEA""], [], [], [], [], [], [""IDA"", ""ISO"", ""TAS"", ""IEA""], [], [], [], [], [""IMP"", ""ISS"", ""IEA""], [], [], [], [], [], [], [], [], [], [], [], [], [], [], [], [], [""IMP"", ""IBA"", ""IEA""], [], [], [], [""NAS""], [], [""IDA"", ""IBA"", ""TAS"", ""IEA""], [""IEA""], [], [], [""IDA""], [], [], [], [""IDA"", ""IMP"", ""IBA"", ""NAS"", ""IEA""], [], [], [], [], [], [], [], [], [], [""IMP""], [], [], [], [], [], [], [], [], [], [], [], [], [], [], [""ISS""], [], [], [""IMP""], [], [], [], [], [], [], [], [], [], [""ISO"", ""IBA"", ""IEA""], [], [], [], [], [], [], [], [], [], [], [], [], [], [], [], [], [], [], [], [], [], [], [], [], [], [], [], [], [], [], []]",chromosome segregation,GO:0007059,8.044332601666318e-19,"[""GO:0022402""]",0.19,query_1,200,0.1292517006802721,True,GO:BP,294,2525,8,NCH-51,all_selected,11065 | 26112 | 79019 | 81620 | 9133 | 5347 | 55355 | 699 | 146909 | 23397 | 22974 | 55143 | 9787 | 24137 | 1063 | 9055 | 56992 | 10460 | 3833 | 11130 | 220134 | 29127 | 332 | 5901 | 6790 | 4085 | 10051 | 9319 | 7153 | 6491 | 7272 | 259266 | 4288 | 57405 | 3835 | 1843 | 1894 | 54892,IDA | IBA | IMP | NAS | IEA | TAS | ISO | ISS,1.0
"""Any process that modulates the frequency, rate or extent of chromosome separation."" [GO_REF:0000058, GOC:bhm, GOC:TermGenie, PMID:21795393]",11154,33227,17,"[[""IDA""], [], [], [], [], [], [], [], [], [], [], [], [], [], [], [], [], [""IMP""], [], [], [], [], [], [""IMP"", ""IBA"", ""TAS"", ""IEA""], [], [], [""ISO"", ""IEA""], [], [], [], [], [""NAS""], [""NAS""], [], [], [], [], [], [], [], [""NAS""], [], [], [], [], [], [""IDA"", ""ISS"", ""IBA""], [], [], [], [], [], [], [], [], [], [""IMP""], [], [], [], [], [], [], [], [], [], [], [], [], [""NAS""], [], [], [], [], [], [], [], [], [], [], [], [], [], [], [], [], [], [], [""IDA"", ""IBA"", ""NAS"", ""IEA""], [], [], [], [], [], [""ISO"", ""IEA""], [], [], [], [], [""IMP""], [], [], [], [], [], [], [], [], [], [], [], [], [], [], [], [], [], [], [], [], [], [], [""IDA"", ""IBA"", ""TAS"", ""IEA""], [], [], [], [], [], [], [], [""NAS""], [], [], [], [], [], [], [], [], [], [], [], [], [], [], [], [], [], [], [], [], [], [], [], [], [""ISS""], [], [], [], [], [], [], [], [], [], [], [], [], [""ISO"", ""IEA""], [], [], [], [], [], [], [], [], [], [], [], [], [], [], [], [], [], [], [], [], [], [], [], [], [], [], [], [], [], [], []]",regulation of chromosome separation,GO:1905818,8.508632209822038e-14,"[""GO:0051304"", ""GO:0051983""]",0.085,query_1,200,0.2786885245901639,True,GO:BP,61,23104,8,NCH-51,all_selected,11065 | 5347 | 699 | 23397 | 55143 | 9787 | 1063 | 11130 | 220134 | 332 | 4085 | 10051 | 9319 | 7272 | 57405 | 1843 | 54892,IDA | IMP | IBA | TAS | IEA | ISO | NAS | ISS,2.0
"""Any microtubule cytoskeleton organization that is involved in mitosis."" [GO_REF:0000060, GOC:TermGenie, PMID:18799626]",11154,31132,18,"[[], [], [], [], [], [], [], [], [], [], [], [], [], [], [], [], [], [""IDA"", ""IBA"", ""TAS""], [], [], [], [], [], [], [], [], [], [], [], [], [""IDA"", ""ISS"", ""IEA""], [""NAS""], [""IBA""], [], [], [""IMP"", ""IBA""], [], [], [""IMP""], [], [], [""IBA"", ""TAS""], [""ISS""], [], [""IMP"", ""IEA""], [""IMP"", ""IBA""], [], [], [], [], [], [], [], [], [], [], [], [], [], [], [], [], [""IDA"", ""IBA""], [], [], [], [], [], [], [""IBA"", ""NAS""], [], [], [], [], [], [], [""TAS""], [], [], [], [""IBA"", ""IEA""], [], [], [], [], [], [], [], [""IMP""], [], [], [], [], [], [], [], [], [], [], [], [], [], [], [], [], [], [], [], [], [], [], [], [], [], [], [], [], [], [], [], [""IMP"", ""IBA"", ""NAS""], [], [""TAS""], [], [], [], [], [], [], [], [""IMP""], [], [], [], [], [], [], [], [], [], [], [], [], [], [], [], [], [], [], [], [], [], [], [], [], [], [], [], [], [], [], [], [], [], [], [], [], [], [], [], [], [], [], [], [], [], [], [], [], [], [], [], [], [], [], [], [], [], [], [], [], [], [], [], [], [], [], [], [], []]",microtubule cytoskeleton organization involved in mitosis,GO:1902850,9.039983499880837e-10,"[""GO:0000226"", ""GO:1903047""]",0.09,query_1,200,0.14173228346456693,True,GO:BP,127,21009,8,NCH-51,all_selected,5347 | 22974 | 55143 | 9787 | 24137 | 1058 | 9055 | 56992 | 10460 | 3833 | 29127 | 332 | 5901 | 6790 | 4085 | 6491 | 7272 | 57405,IDA | IBA | TAS | ISS | IEA | NAS | IMP,3.0
"""The cell cycle process by which a cell commits to entering the next cell cycle phase."" [GOC:mtg_cell_cycle]",11154,20518,29,"[[""IDA"", ""IMP"", ""IBA""], [], [], [], [], [], [], [], [], [], [], [], [], [], [""IDA"", ""IBA"", ""IEA""], [""IBA"", ""IEA""], [], [""IDA"", ""IMP"", ""TAS""], [""IDA"", ""IBA"", ""NAS"", ""IEA""], [""IDA"", ""IEA""], [], [], [], [""IMP"", ""IBA"", ""TAS"", ""IEA""], [], [], [], [], [], [], [], [""NAS""], [""NAS""], [""IMP""], [], [], [""TAS""], [], [], [], [""IMP"", ""IBA"", ""NAS""], [], [], [], [""IMP""], [], [""IDA"", ""ISS"", ""IBA"", ""IEA""], [], [], [], [], [], [], [], [], [], [""IMP""], [], [], [], [], [""IDA""], [], [], [], [], [], [], [], [""NAS""], [], [], [], [], [], [], [], [], [], [], [""TAS""], [], [], [], [], [], [], [], [""IDA"", ""IBA"", ""NAS"", ""IEA""], [], [], [], [], [], [], [], [], [], [], [""IMP"", ""IBA""], [], [], [], [], [], [], [], [], [], [], [], [], [], [], [], [], [], [], [], [], [""IDA""], [], [""IDA"", ""IBA"", ""TAS"", ""IEA""], [], [], [], [], [], [], [], [""NAS""], [], [""TAS""], [], [], [], [], [], [], [], [], [], [], [], [], [], [], [], [], [], [], [], [], [], [], [""ISS""], [], [], [], [], [], [], [""IDA"", ""IMP"", ""IBA"", ""NAS""], [], [], [], [], [], [], [], [], [], [], [], [], [], [], [], [""IDA""], [], [], [], [], [], [], [], [], [], [""IDA"", ""IBA"", ""TAS"", ""IEA""], [], [], [], [], [], [""IMP"", ""IBA"", ""IEA""], [], [], [], [], []]",cell cycle phase transition,GO:0044770,7.745596732623333e-09,"[""GO:0022402""]",0.145,query_1,200,0.07268170426065163,True,GO:BP,399,10395,8,NCH-51,all_selected,11065 | 81620 | 9133 | 5347 | 890 | 2305 | 699 | 55143 | 9787 | 11170 | 9833 | 1063 | 10460 | 11130 | 220134 | 5243 | 332 | 6790 | 4085 | 9319 | 6491 | 7272 | 57405 | 8318 | 1843 | 1019 | 6241 | 993 | 54962,IDA | IMP | IBA | IEA | TAS | NAS | ISS,4.0
"""A cell cycle process by which the cell nucleus divides as part of a meiotic cell cycle in the female germline."" [GOC:dph, GOC:ems, GOC:mah, GOC:vw]",11154,12703,8,"[[], [], [], [], [], [], [], [], [], [], [], [], [], [], [], [""IEA""], [], [""IEA""], [], [], [], [], [], [], [], [], [""IEA""], [], [], [], [], [], [], [], [], [], [], [], [], [], [], [], [], [], [], [], [], [], [], [], [], [], [], [], [], [], [""ISS""], [], [], [], [], [], [], [], [], [], [], [], [], [], [], [], [], [], [], [], [], [], [], [], [""IEA""], [], [], [], [], [], [], [], [], [], [], [], [], [], [], [], [], [], [], [""IEA""], [], [], [], [], [], [], [], [], [], [], [], [], [], [], [], [], [""IEA""], [], [], [], [], [], [""IEA""], [], [], [], [], [], [], [], [], [], [], [], [], [], [], [], [], [], [], [], [], [], [], [], [], [], [], [], [], [], [], [], [], [], [], [], [], [], [], [], [], [], [], [], [], [], [], [], [], [], [], [], [], [], [], [], [], [], [], [], [], [], [], [], [], [], [], [], [], [], [], [], [], [], [], [], [], []]",female meiotic nuclear division,GO:0007143,2.2624596405528627e-07,"[""GO:0007292"", ""GO:0140013""]",0.04,query_1,200,0.34782608695652173,True,GO:BP,23,2580,8,NCH-51,all_selected,9133 | 5347 | 23397 | 220134 | 6790 | 9319 | 7153 | 7272,IEA | ISS,5.0
"""A highly compacted molecule of DNA and associated proteins resulting in a cytologically distinct structure."" [GOC:elh]",11154,34762,22,"[[], [], [], [], [], [], [], [], [], [], [], [], [], [""IPI"", ""IEA""], [""IDA"", ""IEA""], [], [], [""IDA"", ""IBA"", ""IEA""], [], [], [""IDA""], [], [], [""IDA"", ""IBA"", ""IEA""], [], [], [""ISO"", ""IEA""], [], [], [], [], [], [], [], [], [], [], [], [""IDA"", ""IEA""], [], [""IDA"", ""TAS"", ""IEA""], [], [], [], [], [], [""IDA"", ""IBA"", ""NAS"", ""IEA""], [], [], [], [], [], [], [], [], [], [""IDA"", ""IPI"", ""IBA"", ""IEA""], [], [], [], [], [], [], [], [], [], [], [], [], [""IDA"", ""IBA"", ""IEA""], [], [], [], [], [], [], [], [], [], [], [""IBA""], [], [], [], [], [], [], [], [""IDA"", ""IBA"", ""IEA""], [], [], [], [], [], [""ISO"", ""IEA""], [], [], [], [], [], [], [], [], [""TAS""], [], [], [], [], [], [], [], [], [], [], [], [], [""IEA""], [], [], [], [], [], [""IBA"", ""IEA""], [], [], [], [""IDA""], [], [""ISS""], [], [""IDA"", ""IPI"", ""IBA"", ""NAS"", ""IEA""], [], [], [], [], [], [], [], [], [], [""TAS""], [], [], [], [], [], [], [], [], [], [], [], [], [], [], [], [], [], [], [], [], [], [], [], [], [], [], [], [""ISO"", ""IEA""], [], [], [], [], [], [], [], [], [], [], [], [], [], [], [], [], [], [], [], [], [], [], [], [], [], [], [], [], [], [], []]",condensed chromosome,GO:0000793,2.8681490730629734e-09,"[""GO:0005694""]",0.11,query_1,200,0.1116751269035533,True,GO:CC,197,93,4,NCH-51,all_selected,79019 | 81620 | 5347 | 55355 | 699 | 23397 | 1058 | 1063 | 11130 | 220134 | 332 | 6790 | 4085 | 10051 | 6839 | 7153 | 7272 | 4288 | 11335 | 57405 | 3835 | 54892,IPI | IEA | IDA | IBA | ISO | TAS | NAS | ISS,1.0
"""The array of microtubules and associated molecules that forms between opposite poles of a eukaryotic cell during mitosis or meiosis and serves to move the duplicated chromosomes apart."" [ISBN:0198547684]",11154,35027,25,"[[], [], [], [], [], [], [], [], [], [""IDA"", ""IEA""], [], [], [], [], [], [], [""IDA"", ""IEA""], [""IDA"", ""IBA"", ""IEA""], [], [], [], [], [], [], [], [""IDA"", ""IBA""], [], [], [], [], [""IDA"", ""ISS"", ""TAS"", ""IEA""], [""IBA"", ""IEA""], [""IDA"", ""IBA"", ""IEA""], [], [], [""TAS"", ""IEA""], [], [], [], [""IDA"", ""IEA""], [""IDA"", ""IBA"", ""IEA""], [""IDA"", ""IBA"", ""TAS"", ""IEA""], [""ISS"", ""IEA""], [""IDA"", ""IEA""], [""IDA"", ""IEA""], [""IBA"", ""IEA""], [], [], [], [], [], [], [], [], [], [], [""IDA"", ""IBA"", ""IEA""], [], [], [], [], [], [""IDA"", ""IMP"", ""IBA"", ""IEA""], [], [], [], [], [], [], [""IBA"", ""IEA""], [], [], [], [], [], [], [], [], [], [], [""IDA"", ""IBA"", ""TAS"", ""IEA""], [], [], [], [], [], [], [], [""IDA"", ""IEA""], [], [], [], [], [], [], [], [], [], [], [], [], [], [], [], [], [], [], [], [], [], [], [], [], [], [], [], [], [], [], [], [], [], [""TAS""], [""IDA"", ""IEA""], [], [], [], [], [""IDA""], [], [], [], [], [], [], [], [], [], [], [], [""IDA"", ""IEA""], [], [], [], [], [], [], [], [], [], [], [], [], [], [], [], [], [], [""IDA"", ""IEA""], [], [], [], [], [], [], [], [], [], [], [], [], [], [], [], [], [], [], [], [], [], [], [], [], [], [], [], [], [], [], [], [], [], [], [], [], [], [], [], [], []]",spindle,GO:0005819,2.9664871864794507e-08,"[""GO:0015630"", ""GO:0043232""]",0.125,query_1,200,0.08196721311475409,True,GO:CC,305,358,4,NCH-51,all_selected,26112 | 10112 | 5347 | 146909 | 22974 | 55143 | 9787 | 24137 | 3161 | 1063 | 9055 | 56992 | 26586 | 10460 | 3833 | 220134 | 29127 | 332 | 6790 | 4085 | 7272 | 259266 | 11335 | 3835 | 1894,IDA | IEA | IBA | ISS | TAS | IMP,2.0
"""The region of a kinetochore most external to centromeric DNA; this outer region mediates kinetochore-microtubule interactions."" [GOC:clt, PMID:11483983]",11154,34799,6,"[[], [], [], [], [], [], [], [], [], [], [], [], [], [], [], [], [], [""IDA""], [], [], [], [], [], [""IDA""], [], [], [], [], [], [], [], [], [], [], [], [], [], [], [], [], [""IDA"", ""TAS""], [], [], [], [], [], [""IDA""], [], [], [], [], [], [], [], [], [], [""IDA"", ""IBA""], [], [], [], [], [], [], [], [], [], [], [], [], [], [], [], [], [], [], [], [], [], [], [], [], [], [], [], [], [], [], [], [], [], [], [], [], [], [], [], [], [], [], [], [], [], [], [], [], [], [], [], [], [], [], [], [], [], [], [], [], [], [], [], [], [], [], [], [], [], [], [], [], [], [""IDA"", ""IPI"", ""IBA"", ""IEA""], [], [], [], [], [], [], [], [], [], [], [], [], [], [], [], [], [], [], [], [], [], [], [], [], [], [], [], [], [], [], [], [], [], [], [], [], [], [], [], [], [], [], [], [], [], [], [], [], [], [], [], [], [], [], [], [], [], [], [], [], [], [], [], [], [], [], [], [], []]",outer kinetochore,GO:0000940,2.467808212523267e-06,"[""GO:0000776"", ""GO:0032991""]",0.03,query_1,200,0.46153846153846156,True,GO:CC,13,130,4,NCH-51,all_selected,5347 | 699 | 1063 | 11130 | 220134 | 57405,IDA | TAS | IBA | IPI | IEA,3.0
"""The area in the center of the spindle where the spindle microtubules from opposite poles overlap."" [GOC:ai, PMID:15296749]",11154,36851,8,"[[], [], [], [], [], [], [], [], [], [""IDA""], [], [], [], [], [], [], [], [""IDA""], [], [], [], [], [], [], [], [""IBA""], [], [], [], [], [], [""IBA""], [], [], [], [], [], [], [], [], [], [""IBA""], [], [], [], [], [], [], [], [], [], [], [], [], [], [], [], [], [], [], [], [], [""IDA"", ""IBA""], [], [], [], [], [], [], [""IBA""], [], [], [], [], [], [], [], [], [], [], [""IBA""], [], [], [], [], [], [], [], [], [], [], [], [], [], [], [], [], [], [], [], [], [], [], [], [], [], [], [], [], [], [], [], [], [], [], [], [], [], [], [], [], [], [], [], [], [], [], [], [], [], [], [], [], [], [], [], [], [], [], [], [], [], [], [], [], [], [], [], [], [], [], [], [], [], [], [], [], [], [], [], [], [], [], [], [], [], [], [], [], [], [], [], [], [], [], [], [], [], [], [], [], [], [], [], [], [], [], [], [], [], [], [], [], [], [], [], [], [], [], []]",spindle midzone,GO:0051233,3.1479592551973323e-06,"[""GO:0005819"", ""GO:0110165""]",0.04,query_1,200,0.25,True,GO:CC,32,2182,4,NCH-51,all_selected,26112 | 5347 | 146909 | 55143 | 9055 | 29127 | 332 | 6790,IDA | IBA,4.0
"""A structure composed of a very long molecule of DNA and associated proteins (e.g. histones) that carries hereditary information."" [ISBN:0198547684]",11154,34948,51,"[[], [""ISA""], [], [""ISA""], [], [], [""IDA"", ""IPI"", ""HDA"", ""ISS"", ""TAS"", ""IEA""], [], [], [], [], [], [], [""IPI"", ""IEA""], [""IDA"", ""IEA""], [], [], [""IDA"", ""IBA"", ""IEA""], [], [""ISA""], [""IDA"", ""IBA"", ""IEA""], [], [], [""IDA"", ""IBA"", ""IEA""], [], [], [""IDA"", ""ISO"", ""IBA"", ""NAS"", ""IEA""], [], [], [], [], [""IDA"", ""IBA"", ""IEA""], [], [], [], [""IEA""], [], [""IDA"", ""ISA""], [""IDA"", ""IPI"", ""TAS"", ""IEA""], [], [""IDA"", ""IBA"", ""TAS"", ""NAS"", ""IEA""], [""IEA""], [], [], [], [], [""IDA"", ""IBA"", ""NAS"", ""IEA""], [], [], [], [], [], [""IEA""], [], [""IDA"", ""HDA""], [], [""IDA"", ""IPI"", ""IBA"", ""IEA""], [], [], [], [], [], [], [], [], [], [], [""NAS""], [], [""IDA"", ""IBA"", ""IEA""], [], [], [], [], [], [""ISA""], [""IDA""], [""IPI"", ""HDA"", ""ISS"", ""TAS"", ""IEA""], [], [], [""IBA""], [], [], [], [], [], [], [], [""IDA"", ""IBA"", ""IEA""], [], [], [], [], [], [""IDA"", ""ISO"", ""TAS"", ""NAS"", ""IEA""], [], [], [""IDA"", ""IPI"", ""IBA"", ""IEA""], [], [""IBA""], [], [], [], [""IDA"", ""TAS"", ""IEA""], [], [], [], [], [], [], [], [], [], [], [], [], [""IDA"", ""IEA""], [], [], [], [], [], [""IBA"", ""IEA""], [], [], [], [""IDA"", ""IBA"", ""IEA""], [], [""IDA"", ""IMP"", ""HDA"", ""ISS"", ""IBA"", ""IEA""], [""ISA"", ""IBA""], [""IDA"", ""IPI"", ""IBA"", ""NAS"", ""IEA""], [], [""IPI"", ""IEA""], [], [], [], [], [], [""ISA""], [], [""TAS"", ""IEA""], [], [], [], [], [], [], [], [], [], [""ISA""], [], [""ISA""], [], [], [], [], [], [], [], [], [], [""IDA""], [], [], [], [""IDA""], [], [""ISO"", ""IBA"", ""NAS"", ""IEA""], [], [""IPI"", ""ISS"", ""IBA"", ""IEA""], [], [], [], [], [], [], [], [], [], [], [], [], [], [], [], [], [""IEA""], [], [""IDA"", ""ISA"", ""IBA""], [""IDA"", ""IPI"", ""IBA"", ""IEA""], [], [], [], [""IDA"", ""IBA""], [], [], [""IDA"", ""IEA""], [], []]",chromosome,GO:0005694,6.688900069685221e-06,"[""GO:0043232""]",0.255,query_1,200,0.03747244673034533,True,GO:CC,1361,279,4,NCH-51,all_selected,6943 | 2354 | 4171 | 79019 | 81620 | 5347 | 2305 | 55355 | 699 | 23397 | 55143 | 24137 | 64344 | 1058 | 1063 | 9055 | 11130 | 55247 | 2237 | 220134 | 55215 | 332 | 8013 | 5901 | 4176 | 6790 | 4085 | 10051 | 5427 | 9319 | 6839 | 7153 | 7272 | 4288 | 11335 | 4306 | 57405 | 8318 | 2034 | 3835 | 4783 | 467 | 1019 | 79080 | 54892 | 9837 | 57658 | 367 | 5982 | 54962 | 10721,ISA | IDA | IPI | HDA | ISS | TAS | IEA | IBA | ISO | NAS | IMP,5.0
"""Binding to a microtubule, a filament composed of tubulin monomers."" [GOC:krc]",11154,1486,15,"[[], [], [], [], [], [], [], [], [], [""IBA""], [], [], [], [], [], [], [""IBA"", ""IEA""], [""IDA""], [], [], [], [""IBA""], [], [], [], [""IBA"", ""IEA""], [], [], [], [], [], [], [""IBA""], [], [], [""IEA""], [], [], [], [], [""IEA""], [""IBA"", ""IEA""], [""IBA"", ""IEA""], [], [], [""IBA"", ""IEA""], [], [], [], [], [], [], [], [], [], [], [""IDA"", ""IBA"", ""IEA""], [], [], [], [], [], [""IDA""], [], [], [], [], [], [], [""TAS""], [], [], [], [], [], [], [], [], [], [], [], [], [], [], [], [], [], [], [], [], [], [], [], [], [], [], [], [], [], [], [], [], [], [], [], [], [], [], [], [], [], [], [], [], [], [], [], [], [], [], [], [], [], [], [], [], [], [], [], [], [], [], [], [], [], [], [], [], [], [], [""IBA"", ""IEA""], [], [], [], [], [], [], [], [], [], [], [], [], [], [], [], [], [], [], [], [], [], [], [], [], [], [], [], [], [], [], [], [], [], [], [], [], [], [], [], [], [], [], [], [], [], [], [], [], [], [], [], [], [], [], [], [], [], [], []]",microtubule binding,GO:0008017,0.0006612783263612569,"[""GO:0015631""]",0.075,query_1,200,0.08241758241758242,True,GO:MF,182,1486,1,NCH-51,all_selected,26112 | 10112 | 5347 | 51512 | 146909 | 9787 | 24137 | 1063 | 9055 | 56992 | 3833 | 220134 | 29127 | 332 | 3835,IBA | IEA | IDA | TAS,1.0
"""A motor activity that generates movement along a microtubule, driven by ATP hydrolysis."" [PMID:19686686, PMID:32684327, PMID:32842864]",11154,347,6,"[[], [], [], [], [], [], [], [], [], [], [], [], [], [], [], [], [""IBA"", ""IEA""], [], [], [], [], [], [], [], [], [""IBA"", ""IEA""], [], [], [], [], [], [], [], [], [], [""IBA"", ""TAS"", ""IEA""], [], [], [], [], [], [], [""ISS"", ""IBA"", ""IEA""], [], [], [""IBA"", ""NAS"", ""IEA""], [], [], [], [], [], [], [], [], [], [], [], [], [], [], [], [], [], [], [], [], [], [], [], [], [], [], [], [], [], [], [], [], [], [], [], [], [], [], [], [], [], [], [], [], [], [], [], [], [], [], [], [], [], [], [], [], [], [], [], [], [], [], [], [], [], [], [], [], [], [], [], [], [], [], [], [], [], [], [], [], [], [], [], [], [], [], [], [], [], [], [], [], [], [], [""IBA"", ""TAS"", ""IEA""], [], [], [], [], [], [], [], [], [], [], [], [], [], [], [], [], [], [], [], [], [], [], [], [], [], [], [], [], [], [], [], [], [], [], [], [], [], [], [], [], [], [], [], [], [], [], [], [], [], [], [], [], [], [], [], [], [], [], []]",microtubule motor activity,GO:0003777,0.03239219350798306,"[""GO:0003774"", ""GO:0120544"", ""GO:0140657""]",0.03,query_1,200,0.1276595744680851,True,GO:MF,47,347,3,NCH-51,all_selected,10112 | 146909 | 24137 | 56992 | 3833 | 3835,IBA | IEA | TAS | ISS | NAS,2.0
Cell cycle,11154,39011,14,"[[], [], [], [], [], [], [""KEGG""], [], [], [], [], [], [], [], [""KEGG""], [""KEGG""], [], [""KEGG""], [""KEGG""], [], [], [], [], [""KEGG""], [], [], [], [], [], [], [], [], [], [], [], [], [], [], [], [], [], [], [], [], [], [], [], [], [], [], [], [], [], [], [], [], [], [], [], [], [], [], [], [], [], [], [], [], [], [], [], [], [], [], [], [], [], [""KEGG""], [], [], [], [], [], [], [], [], [], [], [""KEGG""], [], [], [], [], [], [], [], [], [], [], [""KEGG""], [], [], [], [], [], [], [], [], [], [], [], [], [], [], [], [], [], [], [], [], [], [], [""KEGG""], [], [], [], [], [], [], [], [], [], [""KEGG""], [], [], [], [], [], [], [], [], [], [], [], [], [], [], [], [], [], [], [], [], [], [], [], [], [], [], [], [], [], [""KEGG""], [], [], [], [], [], [], [], [], [], [], [], [], [], [], [], [], [], [], [], [""KEGG""], [], [], [], [], [], [""KEGG""], [], [], [], [], [], [], [], [], [], [], []]",Cell cycle,KEGG:04110,1.897663466547623e-05,"[""KEGG:00000""]",0.07,query_1,200,0.1076923076923077,True,KEGG,130,273,20,NCH-51,all_selected,4171 | 81620 | 9133 | 5347 | 890 | 699 | 4176 | 4085 | 9319 | 7272 | 8318 | 1019 | 4616 | 993,KEGG,1.0
DNA replication,11154,38957,7,"[[], [], [], [], [], [], [""KEGG""], [], [], [], [], [], [], [], [], [], [], [], [], [], [], [], [], [], [], [], [], [], [], [], [], [], [], [], [], [], [], [], [], [], [], [], [], [], [], [], [], [], [], [], [], [], [], [], [""KEGG""], [], [], [], [], [""KEGG""], [], [], [], [], [], [], [], [], [], [], [], [], [], [], [], [], [], [""KEGG""], [], [], [], [], [], [], [], [], [], [], [], [], [], [], [], [], [], [], [], [""KEGG""], [], [], [], [], [], [], [], [], [], [], [], [], [], [], [], [], [], [], [], [], [], [], [], [], [], [], [], [], [], [], [], [], [], [], [], [], [], [], [], [], [], [], [], [], [], [], [], [], [], [], [], [], [], [], [], [], [], [], [], [], [], [], [], [""KEGG""], [], [], [], [], [], [], [], [], [], [], [], [], [], [], [], [], [], [], [], [], [], [], [], [], [], [], [], [], [""KEGG""], [], [], [], [], [], [], [], [], []]",DNA replication,KEGG:03030,0.00022878346208988646,"[""KEGG:00000""]",0.035,query_1,200,0.20588235294117646,True,KEGG,34,219,21,NCH-51,all_selected,4171 | 2237 | 10535 | 4176 | 5427 | 3978 | 5982,KEGG,2.0
Progesterone-mediated oocyte maturation,11154,39123,9,"[[], [], [], [], [], [], [], [], [], [], [], [], [], [], [], [""KEGG""], [], [""KEGG""], [""KEGG""], [], [], [], [], [""KEGG""], [], [], [], [], [], [], [], [], [], [], [], [], [], [], [], [], [], [], [], [], [], [], [], [], [], [], [], [], [], [], [], [], [], [], [], [], [], [], [], [], [], [], [], [], [], [], [], [], [], [], [], [], [], [], [], [], [""KEGG""], [], [], [], [], [], [], [], [""KEGG""], [], [], [], [], [], [], [], [], [], [], [], [], [], [], [], [], [], [], [], [], [], [], [], [], [], [], [], [], [], [], [], [], [], [], [], [], [], [], [], [], [], [], [], [], [], [], [], [], [], [], [], [""KEGG""], [], [], [], [], [], [], [], [], [], [], [], [], [], [], [], [], [], [], [], [], [], [], [], [], [], [], [], [], [""KEGG""], [], [], [], [], [], [], [], [], [], [], [], [], [], [], [], [], [], [], [""KEGG""], [], [], [], [], [], [], [], [], [], [], []]",Progesterone-mediated oocyte maturation,KEGG:04914,0.0005760419108639996,"[""KEGG:00000""]",0.045,query_1,200,0.12,True,KEGG,75,385,22,NCH-51,all_selected,9133 | 5347 | 890 | 699 | 6790 | 4085 | 3835 | 5602 | 993,KEGG,3.0
"Cell Cycle, Mitotic",11154,39663,40,"[[""REAC""], [], [], [], [], [], [""REAC""], [], [], [], [], [], [], [""REAC""], [""REAC""], [""REAC""], [""REAC""], [""REAC""], [""REAC""], [""REAC""], [], [""REAC""], [], [""REAC""], [], [], [""REAC""], [], [], [], [""REAC""], [""REAC""], [], [], [], [], [], [], [""REAC""], [""REAC""], [""REAC""], [], [], [], [], [], [""REAC""], [], [], [], [], [], [], [], [""REAC""], [], [""REAC""], [], [], [], [], [], [], [], [], [], [], [], [], [""REAC""], [], [], [], [], [], [], [""REAC""], [""REAC""], [], [""REAC""], [""REAC""], [""REAC""], [], [], [], [], [], [], [""REAC""], [], [], [], [], [], [""REAC""], [], [], [""REAC""], [], [], [], [], [], [], [], [], [], [], [], [], [], [], [], [], [], [], [""REAC""], [], [], [], [], [], [], [], [], [], [], [], [], [], [""REAC""], [""REAC""], [""REAC""], [], [], [], [], [], [], [], [], [], [], [], [], [], [], [], [], [], [], [], [], [], [], [], [], [], [], [], [], [""REAC""], [""REAC""], [], [], [], [], [], [""REAC""], [], [""REAC""], [], [], [], [], [], [], [], [""REAC""], [], [], [], [], [], [], [], [], [], [""REAC""], [], [""REAC""], [], [], [], [], [], [], [], [], []]","Cell Cycle, Mitotic",REAC:R-HSA-69278,2.8429974025514074e-16,"[""REAC:R-HSA-1640170""]",0.2,query_1,200,0.09876543209876543,True,REAC,405,339,24,NCH-51,all_selected,11065 | 4171 | 79019 | 81620 | 9133 | 10112 | 5347 | 890 | 2305 | 51512 | 699 | 23397 | 22974 | 55143 | 1058 | 3161 | 1063 | 11130 | 2237 | 220134 | 332 | 5901 | 4176 | 5577 | 6790 | 7298 | 4085 | 10051 | 5427 | 7153 | 57405 | 4001 | 8318 | 3978 | 1019 | 54892 | 9837 | 6241 | 993 | 5982,REAC,1.0
Cell Cycle Checkpoints,11154,39662,21,"[[""REAC""], [], [], [], [], [], [""REAC""], [], [], [], [], [], [], [""REAC""], [], [""REAC""], [], [""REAC""], [""REAC""], [], [], [""REAC""], [], [""REAC""], [], [], [], [], [], [], [], [""REAC""], [], [], [], [], [], [], [""REAC""], [], [""REAC""], [], [], [], [], [], [""REAC""], [], [], [], [], [], [], [], [], [], [""REAC""], [], [], [], [], [], [], [], [], [], [], [], [], [""REAC""], [], [], [], [], [], [], [], [""REAC""], [], [], [], [], [], [], [], [], [], [], [""REAC""], [], [], [], [], [], [], [], [], [], [], [], [], [], [], [], [], [], [], [], [], [], [], [], [], [], [], [], [], [], [], [], [], [], [], [], [], [], [], [], [], [], [""REAC""], [], [""REAC""], [], [], [], [], [], [], [], [], [], [], [], [], [], [], [], [""REAC""], [], [], [], [], [], [], [], [], [], [], [], [], [], [], [], [], [], [], [], [], [], [], [], [], [], [], [], [], [], [], [], [], [], [], [], [], [], [], [], [""REAC""], [], [""REAC""], [], [], [], [], [], [], [], [], []]",Cell Cycle Checkpoints,REAC:R-HSA-69620,3.3835167600034694e-08,"[""REAC:R-HSA-1640170""]",0.105,query_1,200,0.10047846889952153,True,REAC,209,338,24,NCH-51,all_selected,11065 | 4171 | 79019 | 9133 | 5347 | 890 | 51512 | 699 | 55143 | 1058 | 1063 | 11130 | 220134 | 332 | 4176 | 4085 | 57405 | 8318 | 9156 | 993 | 5982,REAC,2.0
DNA strand elongation,11154,39793,7,"[[], [], [], [], [], [], [""REAC""], [], [], [], [], [], [], [], [], [], [], [], [], [], [], [], [], [], [], [], [], [], [], [], [], [], [], [], [], [], [], [], [], [], [], [], [], [], [], [], [], [], [], [], [], [], [], [], [""REAC""], [], [], [], [], [], [], [], [], [], [], [], [], [], [], [], [], [], [], [], [], [], [], [""REAC""], [], [], [], [], [], [], [], [], [], [], [], [], [], [], [], [], [], [], [], [], [], [], [], [], [], [], [], [], [], [], [], [], [], [], [], [], [], [], [], [], [], [], [], [], [], [], [], [], [], [], [], [], [], [], [""REAC""], [], [], [], [], [], [], [], [], [], [], [], [], [], [], [], [], [], [], [], [], [], [], [], [], [], [], [], [], [""REAC""], [], [], [], [], [], [], [], [], [""REAC""], [], [], [], [], [], [], [], [], [], [], [], [], [], [], [], [], [], [], [], [""REAC""], [], [], [], [], [], [], [], [], []]",DNA strand elongation,REAC:R-HSA-69190,6.313163571588823e-05,"[""REAC:R-HSA-69239""]",0.035,query_1,200,0.22580645161290322,True,REAC,31,469,24,NCH-51,all_selected,4171 | 2237 | 4176 | 8318 | 3978 | 9837 | 5982,REAC,3.0
Polo-like kinase mediated events,11154,41164,5,"[[], [], [], [], [], [], [], [], [], [], [], [], [], [], [], [""REAC""], [], [""REAC""], [], [""REAC""], [], [], [], [], [], [], [], [], [], [], [], [], [], [], [], [], [], [], [], [], [""REAC""], [], [], [], [], [], [], [], [], [], [], [], [], [], [], [], [], [], [], [], [], [], [], [], [], [], [], [], [], [], [], [], [], [], [], [], [], [], [], [], [], [], [], [], [], [], [], [], [], [], [], [], [], [], [], [], [], [], [], [], [], [], [], [], [], [], [], [], [], [], [], [], [], [], [], [], [], [], [], [], [], [], [], [], [], [], [], [], [], [], [], [], [], [], [], [], [], [], [], [], [], [], [], [], [], [], [], [], [], [], [], [], [], [], [], [], [], [], [], [], [], [], [], [], [], [], [], [], [], [], [], [], [], [], [], [], [], [], [], [], [], [], [], [], [], [], [], [], [""REAC""], [], [], [], [], [], [], [], [], [], [], []]",Polo-like kinase mediated events,REAC:R-HSA-156711,9.543124287975372e-05,"[""REAC:R-HSA-69275""]",0.025,query_1,200,0.38461538461538464,True,REAC,13,1840,24,NCH-51,all_selected,9133 | 5347 | 2305 | 1063 | 993,REAC,4.0
Kinesins,11154,40668,7,"[[], [], [], [], [], [], [], [], [], [], [], [], [], [], [], [], [""REAC""], [], [], [], [], [], [], [], [], [""REAC""], [], [], [], [], [], [], [], [], [], [""REAC""], [], [], [], [], [], [], [""REAC""], [], [], [""REAC""], [], [], [], [], [], [], [], [], [], [], [], [], [], [], [], [], [""REAC""], [], [], [], [], [], [], [], [], [], [], [], [], [], [], [], [], [], [], [], [], [], [], [], [], [], [], [], [], [], [], [], [], [], [], [], [], [], [], [], [], [], [], [], [], [], [], [], [], [], [], [], [], [], [], [], [], [], [], [], [], [], [], [], [], [], [], [], [], [], [], [], [], [], [], [], [], [], [""REAC""], [], [], [], [], [], [], [], [], [], [], [], [], [], [], [], [], [], [], [], [], [], [], [], [], [], [], [], [], [], [], [], [], [], [], [], [], [], [], [], [], [], [], [], [], [], [], [], [], [], [], [], [], [], [], [], [], [], [], []]",Kinesins,REAC:R-HSA-983189,0.0003732834575359521,"[""REAC:R-HSA-983231""]",0.035,query_1,200,0.16279069767441862,True,REAC,43,1344,26,NCH-51,all_selected,10112 | 146909 | 24137 | 56992 | 3833 | 29127 | 3835,REAC,5.0
"""The volume enclosed by the membrane of the platelet dense granule."" [GOC:mah]",11154,35685,3,"[[], [], [], [], [], [], [], [], [], [], [], [], [], [], [], [], [], [], [], [], [], [], [], [], [], [], [], [], [""TAS""], [], [], [], [], [], [], [], [], [], [], [], [], [], [], [], [], [], [], [""TAS""], [], [], [], [], [], [], [], [], [], [], [], [""TAS""], [], [], [], [], [], [], [], [], [], [], [], [], [], [], [], [], [], [], [], [], [], [], [], [], [], [], [], [], [], [], [], [], [], [], [], [], [], [], [], [], [], [], [], [], [], [], [], [], [], [], []]",platelet dense granule lumen,GO:0031089,0.03555899201588197,"[""GO:0034774"", ""GO:0042827""]",0.02702702702702703,query_1,111,0.23076923076923078,True,GO:CC,13,1016,2,NCH-51,disease_down_drug_up,3699 | 7123 | 7078,TAS,1.0
Tyrosine metabolism,11154,38780,4,"[[], [], [], [], [], [""KEGG""], [], [], [], [], [], [], [], [], [], [], [], [], [], [], [], [], [], [], [], [], [], [], [], [], [], [], [], [], [], [], [], [], [], [], [], [""KEGG""], [], [], [], [], [], [], [], [], [], [], [], [], [], [], [], [], [], [], [], [], [], [], [], [], [], [], [], [], [""KEGG""], [], [], [], [], [], [], [], [], [], [], [], [], [], [], [], [], [], [], [], [], [], [], [], [], [], [], [], [], [], [], [], [], [], [], [], [], [""KEGG""], [], [], []]",Tyrosine metabolism,KEGG:00350,0.049657016077889,"[""KEGG:00000""]",0.036036036036036036,query_1,111,0.12903225806451613,True,KEGG,31,42,3,NCH-51,disease_down_drug_up,316 | 8639 | 124 | 125,KEGG,1.0
"""A process that is part of the mitotic cell cycle."" [GO_REF:0000060, GOC:mtg_cell_cycle, GOC:TermGenie]",11154,31273,46,"[[""IDA"", ""IMP"", ""IBA""], [""IBA""], [], [""IMP""], [""IBA"", ""IEA""], [""IMP""], [""IDA"", ""IMP"", ""IBA"", ""TAS""], [""IDA"", ""IBA"", ""NAS"", ""IEA""], [""IDA"", ""IEA""], [], [], [""IMP"", ""IBA"", ""TAS"", ""IEA""], [], [""IBA""], [""IDA"", ""IMP"", ""IBA"", ""IEA""], [], [""IDA"", ""ISS"", ""IEA""], [""IMP"", ""IBA"", ""NAS""], [""IBA"", ""NAS""], [], [""IMP"", ""IBA""], [""TAS""], [""IMP""], [], [""IMP"", ""IBA"", ""NAS""], [""IBA"", ""TAS""], [""ISS""], [""IGI""], [""IMP"", ""IEA""], [""IMP"", ""IBA"", ""NAS""], [""IDA"", ""IBA"", ""IEA""], [], [], [""IDA"", ""IMP""], [], [], [""IDA"", ""IMP"", ""IBA"", ""IC""], [], [""IBA"", ""NAS""], [""IMP"", ""TAS""], [], [""IBA"", ""TAS"", ""IEA""], [], [], [""IDA"", ""IMP"", ""IBA"", ""NAS"", ""IEA""], [""IDA"", ""TAS""], [], [], [], [""IMP""], [], [], [], [], [], [], [""IDA"", ""IMP"", ""IBA"", ""NAS""], [""IDA"", ""IBA"", ""TAS"", ""IEA""], [], [], [""IDA"", ""IBA""], [], [], [""IMP"", ""NAS""], [], [""IBA""], [], [""IMP""], [], [], [], [""IMP"", ""IBA""], [""IBA""], [""IDA"", ""IMP"", ""IBA"", ""NAS""], [], [], [], [""IBA""], [""IBA""], [], [], [], [""IDA""], [], [""IDA"", ""IBA"", ""TAS""], [], [], [""IMP""], []]",mitotic cell cycle process,GO:1903047,5.479527179366937e-33,"[""GO:0000278"", ""GO:0022402""]",0.5168539325842697,query_1,89,0.08098591549295775,True,GO:BP,568,21150,28,NCH-51,disease_up_drug_down,11065 | 4171 | 81620 | 9133 | 10112 | 5347 | 890 | 2305 | 699 | 146909 | 23397 | 22974 | 55143 | 9787 | 24137 | 9833 | 1058 | 1063 | 9055 | 56992 | 26586 | 10460 | 3833 | 11130 | 220134 | 29127 | 332 | 5901 | 6790 | 4085 | 10051 | 9319 | 6491 | 7272 | 4288 | 57405 | 8318 | 3835 | 1894 | 3978 | 1019 | 54892 | 9837 | 6241 | 993 | 54962,IDA | IMP | IBA | IEA | TAS | NAS | ISS | IGI | IC,1.0
"""Any process that modulates the frequency, rate or extent of chromosome separation."" [GO_REF:0000058, GOC:bhm, GOC:TermGenie, PMID:21795393]",11154,33227,16,"[[""IDA""], [], [], [], [], [], [""IMP""], [], [], [], [], [""IMP"", ""IBA"", ""TAS"", ""IEA""], [], [], [""ISO"", ""IEA""], [], [], [""NAS""], [""NAS""], [], [], [], [], [], [""NAS""], [], [], [], [], [], [""IDA"", ""ISS"", ""IBA""], [], [], [""IMP""], [], [], [], [], [""NAS""], [], [], [], [], [], [""IDA"", ""IBA"", ""NAS"", ""IEA""], [""ISO"", ""IEA""], [], [], [], [""IMP""], [], [], [], [], [], [], [], [""IDA"", ""IBA"", ""TAS"", ""IEA""], [], [], [], [], [], [""NAS""], [], [], [], [], [], [], [], [], [], [], [], [], [], [""ISO"", ""IEA""], [], [], [], [], [], [], [], [], [], [], []]",regulation of chromosome separation,GO:1905818,1.0742887214291117e-18,"[""GO:0051304"", ""GO:0051983""]",0.1797752808988764,query_1,89,0.26229508196721313,True,GO:BP,61,23104,28,NCH-51,disease_up_drug_down,11065 | 5347 | 699 | 23397 | 55143 | 9787 | 1063 | 11130 | 220134 | 332 | 4085 | 10051 | 9319 | 7272 | 57405 | 54892,IDA | IMP | IBA | TAS | IEA | ISO | NAS | ISS,2.0
"""Any microtubule cytoskeleton organization that is involved in mitosis."" [GO_REF:0000060, GOC:TermGenie, PMID:18799626]",11154,31132,18,"[[], [], [], [], [], [], [""IDA"", ""IBA"", ""TAS""], [], [], [], [], [], [], [], [], [], [""IDA"", ""ISS"", ""IEA""], [""NAS""], [""IBA""], [], [""IMP"", ""IBA""], [], [""IMP""], [], [], [""IBA"", ""TAS""], [""ISS""], [], [""IMP"", ""IEA""], [""IMP"", ""IBA""], [], [], [], [], [], [], [""IDA"", ""IBA""], [], [""IBA"", ""NAS""], [""TAS""], [], [""IBA"", ""IEA""], [], [], [""IMP""], [], [], [], [], [], [], [], [], [], [], [], [""IMP"", ""IBA"", ""NAS""], [""TAS""], [], [], [], [], [], [""IMP""], [], [], [], [], [], [], [], [], [], [], [], [], [], [], [], [], [], [], [], [], [], [], [], [], []]",microtubule cytoskeleton organization involved in mitosis,GO:1902850,3.671345634162373e-16,"[""GO:0000226"", ""GO:1903047""]",0.20224719101123595,query_1,89,0.14173228346456693,True,GO:BP,127,21009,28,NCH-51,disease_up_drug_down,5347 | 22974 | 55143 | 9787 | 24137 | 1058 | 9055 | 56992 | 10460 | 3833 | 29127 | 332 | 5901 | 6790 | 4085 | 6491 | 7272 | 57405,IDA | IBA | TAS | ISS | IEA | NAS | IMP,3.0
"""Any process that increases the rate, frequency or extent of a cellular process that is involved in the progression of biochemical and morphological phases and events that occur in a cell during successive cell replication or nuclear replication events."" [GOC:dph, GOC:tb]",11154,26925,18,"[[""IDA"", ""IMP""], [], [], [], [], [], [], [], [], [], [], [""IMP""], [], [], [""ISO"", ""IEA""], [], [], [""NAS""], [""NAS""], [], [], [], [], [], [], [], [], [], [], [], [], [], [""IMP""], [""IMP""], [], [], [""IDA"", ""IMP""], [], [""NAS""], [], [], [""TAS""], [], [], [""IDA"", ""IEA""], [""ISO"", ""IEA""], [], [], [], [], [], [], [], [], [], [], [""IDA"", ""NAS""], [], [], [], [], [], [], [], [], [], [], [], [], [], [], [""IDA"", ""IMP""], [], [""IDA""], [], [], [], [""ISO"", ""IEA""], [], [], [], [], [""IDA""], [], [""IDA"", ""IBA"", ""IEA""], [], [], [], []]",positive regulation of cell cycle process,GO:0090068,3.9304844452560636e-13,"[""GO:0010564"", ""GO:0022402"", ""GO:0045787""]",0.20224719101123595,query_1,89,0.09230769230769231,True,GO:BP,195,16802,28,NCH-51,disease_up_drug_down,11065 | 699 | 23397 | 55143 | 9787 | 2237 | 220134 | 29127 | 332 | 6790 | 4085 | 10051 | 6491 | 1894 | 1019 | 54892 | 6241 | 993,IDA | IMP | ISO | IEA | NAS | TAS | IBA,4.0
"""Any process in which a chromosome is transported to, or maintained in, a specific location."" [GOC:ai]",11154,22452,13,"[[], [], [], [""IMP""], [], [], [], [], [], [], [], [], [], [], [], [], [], [""IMP"", ""NAS""], [""NAS""], [], [], [], [], [], [""IDA"", ""IBA""], [], [], [], [], [""IMP""], [""ISS""], [], [], [""IDA"", ""IMP""], [], [], [""IMP""], [], [""NAS""], [], [], [], [], [], [], [], [], [], [], [], [], [], [], [], [], [], [], [""IDA""], [], [], [], [], [], [""IDA""], [], [], [], [""IMP""], [], [], [], [""IMP""], [], [], [], [], [], [], [], [], [], [], [], [], [], [], [], [], []]",chromosome localization,GO:0050000,3.946478490097408e-12,"[""GO:0051640""]",0.14606741573033707,query_1,89,0.14942528735632185,True,GO:BP,87,12329,28,NCH-51,disease_up_drug_down,81620 | 55143 | 9787 | 1063 | 3833 | 11130 | 220134 | 29127 | 332 | 7272 | 57405 | 3835 | 1894,IMP | NAS | IDA | IBA | ISS,5.0
"""A highly compacted molecule of DNA and associated proteins resulting in a cytologically distinct structure."" [GOC:elh]",11154,34762,22,"[[], [], [""IPI"", ""IEA""], [""IDA"", ""IEA""], [], [], [""IDA"", ""IBA"", ""IEA""], [], [], [""IDA""], [], [""IDA"", ""IBA"", ""IEA""], [], [], [""ISO"", ""IEA""], [], [], [], [], [], [], [], [""IDA"", ""IEA""], [], [""IDA"", ""TAS"", ""IEA""], [], [], [], [], [], [""IDA"", ""IBA"", ""NAS"", ""IEA""], [], [], [""IDA"", ""IPI"", ""IBA"", ""IEA""], [], [], [], [], [""IDA"", ""IBA"", ""IEA""], [], [], [""IBA""], [], [], [""IDA"", ""IBA"", ""IEA""], [""ISO"", ""IEA""], [], [], [], [], [], [""TAS""], [], [], [], [""IEA""], [], [""IBA"", ""IEA""], [], [], [""IDA""], [], [""ISS""], [""IDA"", ""IPI"", ""IBA"", ""NAS"", ""IEA""], [], [], [], [""TAS""], [], [], [], [], [], [], [], [], [], [""ISO"", ""IEA""], [], [], [], [], [], [], [], [], [], [], []]",condensed chromosome,GO:0000793,3.113056878553852e-17,"[""GO:0005694""]",0.24719101123595505,query_1,89,0.1116751269035533,True,GO:CC,197,93,18,NCH-51,disease_up_drug_down,79019 | 81620 | 5347 | 55355 | 699 | 23397 | 1058 | 1063 | 11130 | 220134 | 332 | 6790 | 4085 | 10051 | 6839 | 7153 | 7272 | 4288 | 11335 | 57405 | 3835 | 54892,IPI | IEA | IDA | IBA | ISO | TAS | NAS | ISS,1.0
"""The array of microtubules and associated molecules that forms between opposite poles of a eukaryotic cell during mitosis or meiosis and serves to move the duplicated chromosomes apart."" [ISBN:0198547684]",11154,35027,24,"[[], [], [], [], [], [""IDA"", ""IEA""], [""IDA"", ""IBA"", ""IEA""], [], [], [], [], [], [], [""IDA"", ""IBA""], [], [], [""IDA"", ""ISS"", ""TAS"", ""IEA""], [""IBA"", ""IEA""], [""IDA"", ""IBA"", ""IEA""], [], [""TAS"", ""IEA""], [], [], [""IDA"", ""IEA""], [""IDA"", ""IBA"", ""IEA""], [""IDA"", ""IBA"", ""TAS"", ""IEA""], [""ISS"", ""IEA""], [""IDA"", ""IEA""], [""IDA"", ""IEA""], [""IBA"", ""IEA""], [], [], [], [""IDA"", ""IBA"", ""IEA""], [], [], [""IDA"", ""IMP"", ""IBA"", ""IEA""], [], [""IBA"", ""IEA""], [], [], [""IDA"", ""IBA"", ""TAS"", ""IEA""], [], [], [""IDA"", ""IEA""], [], [], [], [], [], [], [], [], [], [], [], [], [""TAS""], [""IDA"", ""IEA""], [], [], [], [""IDA""], [], [], [], [], [""IDA"", ""IEA""], [], [], [], [""IDA"", ""IEA""], [], [], [], [], [], [], [], [], [], [], [], [], [], [], [], [], []]",spindle,GO:0005819,4.198983547311985e-16,"[""GO:0015630"", ""GO:0043232""]",0.2696629213483146,query_1,89,0.07868852459016394,True,GO:CC,305,358,18,NCH-51,disease_up_drug_down,10112 | 5347 | 146909 | 22974 | 55143 | 9787 | 24137 | 3161 | 1063 | 9055 | 56992 | 26586 | 10460 | 3833 | 220134 | 29127 | 332 | 6790 | 4085 | 7272 | 259266 | 11335 | 3835 | 1894,IDA | IEA | IBA | ISS | TAS | IMP,2.0
"""The region of a kinetochore most external to centromeric DNA; this outer region mediates kinetochore-microtubule interactions."" [GOC:clt, PMID:11483983]",11154,34799,6,"[[], [], [], [], [], [], [""IDA""], [], [], [], [], [""IDA""], [], [], [], [], [], [], [], [], [], [], [], [], [""IDA"", ""TAS""], [], [], [], [], [], [""IDA""], [], [], [""IDA"", ""IBA""], [], [], [], [], [], [], [], [], [], [], [], [], [], [], [], [], [], [], [], [], [], [], [], [], [], [], [], [], [], [""IDA"", ""IPI"", ""IBA"", ""IEA""], [], [], [], [], [], [], [], [], [], [], [], [], [], [], [], [], [], [], [], [], [], [], [], [], []]",outer kinetochore,GO:0000940,5.156410049195206e-09,"[""GO:0000776"", ""GO:0032991""]",0.06741573033707865,query_1,89,0.46153846153846156,True,GO:CC,13,130,18,NCH-51,disease_up_drug_down,5347 | 699 | 1063 | 11130 | 220134 | 57405,IDA | TAS | IBA | IPI | IEA,3.0
"""A chromosome that encodes the nuclear genome and is found in the nucleus of a eukaryotic cell during the cell cycle phases when the nucleus is intact."" [GOC:dph, GOC:mah]",11154,34706,13,"[[], [""IPI"", ""ISS"", ""IEA""], [], [], [], [], [""IEA""], [], [], [], [], [], [], [], [""ISO"", ""IEA""], [], [], [], [], [], [], [], [], [], [], [], [], [], [], [], [], [], [], [], [], [], [], [], [""IDA""], [], [""IPI"", ""ISS""], [], [], [], [], [""ISO"", ""IEA""], [], [""IDA"", ""IPI"", ""IBA"", ""IEA""], [], [], [], [""TAS""], [], [], [], [""IDA""], [], [], [], [], [], [], [], [], [], [""IPI""], [], [], [], [], [], [], [], [], [], [], [], [""ISO"", ""IEA""], [""IPI"", ""ISS"", ""IBA"", ""IEA""], [], [], [], [], [], [], [], [], [""IBA""], []]",nuclear chromosome,GO:0000228,7.348296680155569e-09,"[""GO:0005694"", ""GO:0031981""]",0.14606741573033707,query_1,89,0.07878787878787878,True,GO:CC,165,37,18,NCH-51,disease_up_drug_down,4171 | 5347 | 23397 | 332 | 4176 | 10051 | 5427 | 6839 | 7153 | 8318 | 54892 | 9837 | 54962,IPI | ISS | IEA | ISO | IDA | IBA | TAS,4.0
"""A thin cytoplasmic bridge formed between daughter cells at the end of cytokinesis. The midbody forms where the contractile ring constricts, and may persist for some time before finally breaking to complete cytokinesis."" [ISBN:0815316194]",11154,35588,12,"[[], [], [], [], [], [""IDA""], [""IDA"", ""IEA""], [], [], [], [], [], [], [], [], [], [], [""IDA""], [], [], [""IDA"", ""IEA""], [], [], [], [""IDA""], [""IDA"", ""IEA""], [], [], [], [], [], [], [], [], [], [], [""IDA"", ""IBA"", ""IEA""], [], [""IDA"", ""IEA""], [""IDA""], [], [""TAS""], [], [], [], [], [], [], [], [], [], [], [], [], [], [], [], [], [""IEA""], [], [], [], [], [], [], [], [], [], [], [], [], [""IDA"", ""IEA""], [], [], [], [], [], [], [], [], [], [], [], [], [], [], [], [], []]",midbody,GO:0030496,2.7153886125943125e-08,"[""GO:0110165""]",0.1348314606741573,query_1,89,0.08,True,GO:CC,150,919,22,NCH-51,disease_up_drug_down,10112 | 5347 | 55143 | 24137 | 1063 | 9055 | 29127 | 332 | 5901 | 6790 | 259266 | 1894,IDA | IEA | IBA | TAS,5.0
"""Binding to a microtubule, a filament composed of tubulin monomers."" [GOC:krc]",11154,1486,14,"[[], [], [], [], [], [""IBA"", ""IEA""], [""IDA""], [], [], [], [""IBA""], [], [], [""IBA"", ""IEA""], [], [], [], [], [""IBA""], [], [""IEA""], [], [], [], [""IEA""], [""IBA"", ""IEA""], [""IBA"", ""IEA""], [], [], [""IBA"", ""IEA""], [], [], [], [""IDA"", ""IBA"", ""IEA""], [], [], [""IDA""], [], [""TAS""], [], [], [], [], [], [], [], [], [], [], [], [], [], [], [], [], [], [], [], [], [], [], [], [], [], [], [], [], [""IBA"", ""IEA""], [], [], [], [], [], [], [], [], [], [], [], [], [], [], [], [], [], [], [], [], []]",microtubule binding,GO:0008017,5.172926876589559e-08,"[""GO:0015631""]",0.15730337078651685,query_1,89,0.07692307692307693,True,GO:MF,182,1486,3,NCH-51,disease_up_drug_down,10112 | 5347 | 51512 | 146909 | 9787 | 24137 | 1063 | 9055 | 56992 | 3833 | 220134 | 29127 | 332 | 3835,IBA | IEA | IDA | TAS,1.0
"""Catalysis of a reaction that alters the macromolecular conformation of a molecule."" [EC:5.6.-.-]",11154,9119,12,"[[], [""IBA"", ""IEA""], [], [], [], [""IBA"", ""IEA""], [], [], [], [], [], [], [], [""IBA"", ""IEA""], [], [], [], [], [], [], [""IBA"", ""TAS"", ""IEA""], [], [], [], [], [], [""ISS"", ""IBA"", ""IEA""], [], [], [""IBA"", ""NAS"", ""IEA""], [], [], [], [], [], [], [], [], [], [], [""IDA"", ""IBA"", ""IEA""], [], [], [], [], [], [], [], [], [], [], [], [], [], [], [""IDA"", ""IMP"", ""IEA""], [], [], [], [], [], [], [], [], [], [], [], [""IBA"", ""TAS"", ""IEA""], [], [""TAS"", ""IEA""], [], [], [], [], [], [], [], [], [], [], [], [], [], [], [], [""IDA""], [], [], [""IDA"", ""IEA""]]",macromolecular conformation isomerase activity,GO:0120543,1.5768974620016313e-05,"[""GO:0016853""]",0.1348314606741573,query_1,89,0.055299539170506916,True,GO:MF,217,9119,1,NCH-51,disease_up_drug_down,4171 | 10112 | 146909 | 24137 | 56992 | 3833 | 4176 | 7153 | 3835 | 54606 | 5982 | 10721,IBA | IEA | TAS | ISS | NAS | IDA | IMP,2.0
"""Binding to ATP, adenosine 5'-triphosphate, a universally important coenzyme and enzyme regulator."" [ISBN:0198506732]",11154,1463,26,"[[""IEA""], [""IEA""], [], [], [], [""IEA""], [""IMP"", ""IEA""], [], [], [], [], [""IEA""], [], [""IEA""], [], [], [], [], [], [], [""IEA""], [""IEA""], [], [], [], [], [""IEA""], [], [], [""NAS"", ""IEA""], [], [], [], [], [], [], [], [], [], [], [""IEA""], [""IEA""], [], [], [], [""TAS"", ""IEA""], [], [], [""IEA""], [""NAS"", ""IEA""], [], [], [], [], [], [""IEA""], [], [""IEA""], [], [], [""IEA""], [], [], [], [], [], [], [""IEA""], [], [""IEA""], [], [], [""IEA""], [""IEA""], [""TAS"", ""IEA""], [], [], [], [], [""IDA"", ""IEA""], [], [], [], [], [], [""TAS"", ""IEA""], [], [], [""IEA""]]",ATP binding,GO:0005524,2.1826010524820677e-05,"[""GO:0032559"", ""GO:0035639""]",0.29213483146067415,query_1,89,0.023297491039426525,True,GO:MF,1116,1463,2,NCH-51,disease_up_drug_down,11065 | 4171 | 10112 | 5347 | 699 | 146909 | 24137 | 9833 | 56992 | 3833 | 4176 | 6790 | 10051 | 7371 | 9319 | 7153 | 7272 | 4288 | 3835 | 54606 | 3978 | 1019 | 51067 | 1841 | 5982 | 10721,IEA | IMP | NAS | TAS | IDA,3.0
"""Catalytic activity that acts to modify a nucleic acid."" [GOC:pg]",11154,9383,15,"[[], [""IBA"", ""IEA""], [], [], [], [], [], [], [], [], [], [], [], [], [], [], [], [], [], [], [], [], [], [], [], [], [], [], [], [], [], [""IDA"", ""ISS"", ""IBA"", ""TAS"", ""IEA""], [""IDA"", ""IMP"", ""IBA"", ""TAS"", ""IEA""], [], [""IDA"", ""IBA"", ""TAS"", ""IEA""], [], [], [], [], [], [""IDA"", ""IBA"", ""IEA""], [], [], [], [], [], [], [""TAS""], [], [], [], [], [], [], [""IEA""], [""IDA"", ""IMP"", ""IEA""], [], [], [], [], [], [], [], [], [], [], [], [], [""IDA"", ""IBA"", ""IEA""], [""TAS"", ""IEA""], [""IDA"", ""ISS"", ""IBA"", ""TAS"", ""IEA""], [], [""IDA"", ""IMP"", ""IBA"", ""TAS"", ""IEA""], [], [""IDA"", ""IBA"", ""NAS"", ""IEA""], [], [], [], [], [], [], [], [], [], [], [""IDA"", ""IBA""], [], [], [""IDA"", ""IMP"", ""IBA"", ""TAS"", ""IEA""]]","catalytic activity, acting on a nucleic acid",GO:0140640,3.628278517172199e-05,"[""GO:0003824""]",0.16853932584269662,query_1,89,0.036585365853658534,True,GO:MF,410,9383,1,NCH-51,disease_up_drug_down,4171 | 55247 | 2237 | 10535 | 4176 | 5427 | 80324 | 7153 | 57109 | 54606 | 9156 | 3978 | 51067 | 5982 | 10721,IBA | IEA | IDA | ISS | TAS | IMP | NAS,4.0
"""Binding to chromatin, the network of fibers of DNA, protein, and sometimes RNA, that make up the chromosomes of the eukaryotic nucleus during interphase."" [GOC:jl, ISBN:0198506732, PMID:20404130]",11154,316,13,"[[], [], [], [""IDA""], [], [], [], [], [], [], [], [], [], [], [""IBA"", ""IEA""], [], [], [], [], [], [], [], [""TAS""], [], [""NAS""], [], [], [], [], [], [], [], [], [], [], [], [], [], [], [""TAS""], [], [], [], [], [], [""IEA""], [], [], [], [], [], [""TAS""], [], [], [], [""IDA""], [], [], [], [], [], [], [""IBA""], [], [], [""IBA""], [], [], [], [], [""IEA""], [], [], [], [], [], [], [], [], [], [], [""IDA""], [], [], [], [], [], [], [""IDA""]]",chromatin binding,GO:0003682,0.0010451272709823217,"[""GO:0005488""]",0.14606741573033707,query_1,89,0.027837259100642397,True,GO:MF,467,316,8,NCH-51,disease_up_drug_down,81620 | 23397 | 1058 | 1063 | 5901 | 10051 | 6839 | 7153 | 11335 | 8318 | 9156 | 27000 | 10721,IDA | IBA | IEA | TAS | NAS,5.0
Cell cycle,11154,39011,13,"[[], [""KEGG""], [], [""KEGG""], [""KEGG""], [], [""KEGG""], [""KEGG""], [], [], [], [""KEGG""], [], [], [], [], [], [], [], [], [], [], [], [], [], [], [], [], [], [], [], [], [], [], [], [], [], [], [], [], [""KEGG""], [], [], [], [""KEGG""], [], [], [], [], [""KEGG""], [], [], [], [], [], [], [], [""KEGG""], [], [], [], [], [], [], [], [""KEGG""], [], [], [], [], [], [], [], [""KEGG""], [], [], [], [], [], [], [], [], [], [], [""KEGG""], [], [], [], []]",Cell cycle,KEGG:04110,2.063489382385844e-09,"[""KEGG:00000""]",0.14606741573033707,query_1,89,0.1,True,KEGG,130,273,51,NCH-51,disease_up_drug_down,4171 | 81620 | 9133 | 5347 | 890 | 699 | 4176 | 4085 | 9319 | 7272 | 8318 | 1019 | 993,KEGG,1.0
DNA replication,11154,38957,7,"[[], [""KEGG""], [], [], [], [], [], [], [], [], [], [], [], [], [], [], [], [], [], [], [], [], [], [], [], [], [], [], [], [], [], [], [""KEGG""], [], [""KEGG""], [], [], [], [], [], [""KEGG""], [], [], [], [], [], [], [""KEGG""], [], [], [], [], [], [], [], [], [], [], [], [], [], [], [], [], [], [], [], [], [], [], [], [], [""KEGG""], [], [], [], [], [], [], [], [], [], [], [], [], [""KEGG""], [], [], []]",DNA replication,KEGG:03030,2.8548907276761966e-07,"[""KEGG:00000""]",0.07865168539325842,query_1,89,0.20588235294117646,True,KEGG,34,219,52,NCH-51,disease_up_drug_down,4171 | 2237 | 10535 | 4176 | 5427 | 3978 | 5982,KEGG,2.0
Progesterone-mediated oocyte maturation,11154,39123,8,"[[], [], [], [], [""KEGG""], [], [""KEGG""], [""KEGG""], [], [], [], [""KEGG""], [], [], [], [], [], [], [], [], [], [], [], [], [], [], [], [], [], [], [], [], [], [], [], [], [], [], [], [], [], [""KEGG""], [], [], [""KEGG""], [], [], [], [], [], [], [], [], [], [], [], [], [], [], [], [], [], [], [], [], [], [], [""KEGG""], [], [], [], [], [], [], [], [], [], [], [], [], [], [], [], [], [""KEGG""], [], [], [], []]",Progesterone-mediated oocyte maturation,KEGG:04914,3.3860011399542617e-06,"[""KEGG:00000""]",0.0898876404494382,query_1,89,0.10666666666666667,True,KEGG,75,385,53,NCH-51,disease_up_drug_down,9133 | 5347 | 890 | 699 | 6790 | 4085 | 3835 | 993,KEGG,3.0
Pyrimidine metabolism,11154,38763,4,"[[], [], [], [], [], [], [], [], [], [], [], [], [], [], [], [], [], [], [], [], [], [], [], [], [], [], [], [], [], [], [], [], [], [], [], [], [], [], [], [], [], [], [""KEGG""], [], [], [], [], [], [""KEGG""], [], [], [], [], [], [], [], [], [], [], [], [], [], [], [], [], [], [], [], [], [], [], [], [], [], [], [], [], [], [], [""KEGG""], [], [], [""KEGG""], [], [], [], [], [], []]",Pyrimidine metabolism,KEGG:00240,0.004775714090873455,"[""KEGG:00000""]",0.0449438202247191,query_1,89,0.0975609756097561,True,KEGG,41,25,55,NCH-51,disease_up_drug_down,7298 | 7371 | 1841 | 6241,KEGG,4.0
Mismatch repair,11154,38984,3,"[[], [], [], [], [], [], [], [], [], [], [], [], [], [], [], [], [], [], [], [], [], [], [], [], [], [], [], [], [], [], [], [], [], [], [], [], [], [], [], [], [], [], [], [], [], [], [], [], [], [], [], [], [], [], [], [], [], [], [], [], [], [], [], [], [], [], [], [], [], [], [""KEGG""], [], [""KEGG""], [], [], [], [], [], [], [], [], [], [], [], [], [""KEGG""], [], [], []]",Mismatch repair,KEGG:03430,0.008809501759971264,"[""KEGG:00000""]",0.033707865168539325,query_1,89,0.13636363636363635,True,KEGG,22,246,56,NCH-51,disease_up_drug_down,9156 | 3978 | 5982,KEGG,5.0
"Cell Cycle, Mitotic",11154,39663,39,"[[""REAC""], [""REAC""], [""REAC""], [""REAC""], [""REAC""], [""REAC""], [""REAC""], [""REAC""], [""REAC""], [], [""REAC""], [""REAC""], [], [], [""REAC""], [], [""REAC""], [""REAC""], [], [], [], [], [""REAC""], [""REAC""], [""REAC""], [], [], [], [], [], [""REAC""], [], [""REAC""], [""REAC""], [], [], [], [], [""REAC""], [""REAC""], [""REAC""], [""REAC""], [""REAC""], [], [""REAC""], [""REAC""], [], [""REAC""], [], [], [], [], [], [], [], [""REAC""], [], [], [], [], [], [], [], [""REAC""], [""REAC""], [""REAC""], [], [], [], [], [], [], [""REAC""], [""REAC""], [], [], [], [""REAC""], [""REAC""], [], [], [], [""REAC""], [], [""REAC""], [""REAC""], [], [], []]","Cell Cycle, Mitotic",REAC:R-HSA-69278,2.125871516972562e-30,"[""REAC:R-HSA-1640170""]",0.43820224719101125,query_1,89,0.0962962962962963,True,REAC,405,339,62,NCH-51,disease_up_drug_down,11065 | 4171 | 79019 | 81620 | 9133 | 10112 | 5347 | 890 | 2305 | 51512 | 699 | 23397 | 22974 | 55143 | 1058 | 3161 | 1063 | 11130 | 2237 | 220134 | 332 | 5901 | 4176 | 6790 | 7298 | 4085 | 10051 | 5427 | 7153 | 57405 | 4001 | 8318 | 3978 | 1019 | 54892 | 9837 | 6241 | 993 | 5982,REAC,1.0
M Phase,11154,40722,19,"[[""REAC""], [], [""REAC""], [], [""REAC""], [""REAC""], [""REAC""], [], [], [], [], [""REAC""], [], [], [""REAC""], [], [], [""REAC""], [], [], [], [], [""REAC""], [], [""REAC""], [], [], [], [], [], [""REAC""], [], [], [""REAC""], [], [], [], [], [""REAC""], [""REAC""], [], [], [], [], [""REAC""], [""REAC""], [], [], [], [], [], [], [], [], [], [], [], [], [], [], [], [], [], [""REAC""], [""REAC""], [], [], [], [], [], [], [], [], [], [], [], [], [""REAC""], [], [], [], [], [], [], [], [], [], [], []]",M Phase,REAC:R-HSA-68886,4.292899757672842e-11,"[""REAC:R-HSA-69278""]",0.21348314606741572,query_1,89,0.06810035842293907,True,REAC,279,1398,62,NCH-51,disease_up_drug_down,11065 | 79019 | 9133 | 10112 | 5347 | 699 | 23397 | 55143 | 1058 | 1063 | 11130 | 220134 | 332 | 5901 | 4085 | 10051 | 57405 | 4001 | 54892,REAC,2.0
S Phase,11154,41521,13,"[[""REAC""], [""REAC""], [], [""REAC""], [], [], [], [""REAC""], [], [], [], [], [], [], [], [], [], [], [], [], [], [], [], [], [], [], [], [], [], [], [], [], [""REAC""], [], [], [], [], [], [], [], [""REAC""], [], [], [], [], [], [], [""REAC""], [], [], [], [], [], [], [], [], [], [], [], [], [], [], [], [], [], [""REAC""], [], [], [], [], [], [], [""REAC""], [""REAC""], [], [], [], [], [""REAC""], [], [], [], [], [], [""REAC""], [""REAC""], [], [], []]",S Phase,REAC:R-HSA-69242,1.729336257258243e-09,"[""REAC:R-HSA-69278""]",0.14606741573033707,query_1,89,0.09420289855072464,True,REAC,138,2197,62,NCH-51,disease_up_drug_down,11065 | 4171 | 81620 | 890 | 2237 | 4176 | 5427 | 8318 | 3978 | 1019 | 9837 | 993 | 5982,REAC,3.0
Polo-like kinase mediated events,11154,41164,5,"[[], [], [], [], [""REAC""], [], [""REAC""], [], [""REAC""], [], [], [], [], [], [], [], [], [], [], [], [], [], [], [], [""REAC""], [], [], [], [], [], [], [], [], [], [], [], [], [], [], [], [], [], [], [], [], [], [], [], [], [], [], [], [], [], [], [], [], [], [], [], [], [], [], [], [], [], [], [], [], [], [], [], [], [], [], [], [], [], [], [], [], [], [], [], [""REAC""], [], [], [], []]",Polo-like kinase mediated events,REAC:R-HSA-156711,6.159011985070318e-07,"[""REAC:R-HSA-69275""]",0.056179775280898875,query_1,89,0.38461538461538464,True,REAC,13,1840,62,NCH-51,disease_up_drug_down,9133 | 5347 | 2305 | 1063 | 993,REAC,4.0
Kinesins,11154,40668,7,"[[], [], [], [], [], [""REAC""], [], [], [], [], [], [], [], [""REAC""], [], [], [], [], [], [], [""REAC""], [], [], [], [], [], [""REAC""], [], [], [""REAC""], [], [], [], [], [], [], [""REAC""], [], [], [], [], [], [], [], [], [], [], [], [], [], [], [], [], [], [], [], [], [], [], [], [], [], [], [], [], [], [], [""REAC""], [], [], [], [], [], [], [], [], [], [], [], [], [], [], [], [], [], [], [], [], []]",Kinesins,REAC:R-HSA-983189,6.883237635037438e-07,"[""REAC:R-HSA-983231""]",0.07865168539325842,query_1,89,0.16279069767441862,True,REAC,43,1344,67,NCH-51,disease_up_drug_down,10112 | 146909 | 24137 | 56992 | 3833 | 29127 | 3835,REAC,5.0
"""A cellular process that results in the biosynthesis of constituent macromolecules, assembly, and arrangement of constituent parts of a complex containing RNA and proteins. Includes the biosynthesis of the constituent RNA and protein molecules, and those macromolecular modifications that are involved in synthesis or assembly of the ribonucleoprotein complex."" [GOC:isa_complete, GOC:mah]",11154,16308,22,"[[], [], [], [], [], [], [], [], [], [], [], [], [], [], [], [], [], [], [], [], [], [], [], [], [], [], [], [], [], [], [], [], [], [], [], [], [], [], [], [], [], [], [], [], [], [], [], [], [], [], [], [], [], [], [], [], [], [], [], [], [], [], [], [], [], [], [], [], [], [], [], [], [""NAS"", ""IEA""], [""IMP"", ""IBA"", ""IEA""], [], [], [], [], [""IDA"", ""IMP"", ""IBA"", ""IEA""], [], [], [], [], [""IEA""], [], [], [""IEA""], [""ISS"", ""IEA""], [], [], [], [], [], [], [""IBA""], [], [], [], [], [], [], [""IEA""], [], [], [], [], [], [], [], [], [], [], [], [], [], [], [], [], [], [], [], [], [""IDA"", ""NAS"", ""IEA""], [], [], [""IDA"", ""TAS"", ""IEA""], [], [], [], [], [], [], [], [], [], [], [], [""IMP"", ""IBA"", ""IC"", ""IEA""], [], [""IDA"", ""IBA"", ""TAS"", ""NAS"", ""IEA""], [], [], [], [], [], [], [], [], [""IBA"", ""IEA""], [], [], [], [], [""IDA"", ""IMP""], [], [], [], [], [], [], [], [], [], [], [], [], [], [], [], [], [], [], [""IDA"", ""IC"", ""IEA""], [], [], [], [], [""IEA""], [], [], [], [""IMP"", ""IBA"", ""IEA""], [], [], [""IDA"", ""IBA"", ""TAS"", ""NAS""], [], [], [], [], [], [], [], [""NAS""], [""IBA""], [""IBA""], [""IBA""], [], [], []]",ribonucleoprotein complex biogenesis,GO:0022613,0.0003622127898284329,"[""GO:0044085""]",0.11055276381909548,query_1,199,0.06606606606606606,True,GO:BP,333,6185,13,TC-H-106,all_selected,8662 | 23212 | 4839 | 10248 | 8568 | 79050 | 54555 | 57109 | 6636 | 10528 | 23481 | 6632 | 55299 | 27339 | 9136 | 10360 | 54663 | 6633 | 6627 | 22827 | 11338 | 23029,NAS | IEA | IMP | IBA | IDA | ISS | TAS | IC,1.0
"""The aggregation, arrangement and bonding together of a spliceosomal complex, a ribonucleoprotein apparatus that catalyzes nuclear mRNA splicing via transesterification reactions."" [PMID:9476892]",11154,10191,7,"[[], [], [], [], [], [], [], [], [], [], [], [], [], [], [], [], [], [], [], [], [], [], [], [], [], [], [], [], [], [], [], [], [], [], [], [], [], [], [], [], [], [], [], [], [], [], [], [], [], [], [], [], [], [], [], [], [], [], [], [], [], [], [], [], [], [], [], [], [], [], [], [], [], [], [], [], [], [], [], [], [], [], [], [], [], [], [], [], [], [], [], [], [], [], [], [], [], [], [], [], [], [], [], [], [], [], [], [], [], [], [], [], [], [], [], [], [], [], [], [], [], [], [""NAS""], [], [], [], [], [], [], [], [], [], [], [], [], [], [], [], [], [""TAS"", ""NAS""], [], [], [], [], [], [], [], [], [], [], [], [], [], [""IMP""], [], [], [], [], [], [], [], [], [], [], [], [], [], [], [], [], [], [], [], [], [], [], [], [], [], [], [], [], [], [], [""TAS"", ""NAS""], [], [], [], [], [], [], [], [""NAS""], [""IBA""], [""IBA""], [], [], [], []]",spliceosomal complex assembly,GO:0000245,0.02122872367315032,"[""GO:0000398"", ""GO:0022618""]",0.035175879396984924,query_1,199,0.12962962962962962,True,GO:BP,54,68,13,TC-H-106,all_selected,6636 | 6632 | 27339 | 6633 | 6627 | 22827 | 11338,NAS | TAS | IMP | IBA,2.0
"""A DNA replication process that uses parental DNA as a template for the DNA-dependent DNA polymerases that synthesize the new strands."" [GOC:mah, ISBN:0198506732]",11154,12096,10,"[[], [], [], [], [], [], [], [], [""IEA""], [""IDA"", ""IBA"", ""IEA""], [], [], [], [], [], [], [], [], [], [], [], [], [], [], [], [], [], [], [], [], [], [], [], [], [], [], [], [], [], [""IMP"", ""IBA"", ""IEA""], [], [], [], [], [], [], [], [], [], [], [], [], [], [], [], [], [""IDA"", ""IBA""], [], [], [], [], [""IDA"", ""TAS""], [], [], [], [], [], [], [], [], [], [], [], [], [], [], [], [], [], [], [], [], [], [], [], [], [], [], [], [], [], [], [], [], [], [""IBA"", ""NAS"", ""IEA""], [], [], [], [], [], [], [], [], [], [], [""IBA"", ""IEA""], [], [], [], [], [], [], [], [], [""NAS""], [], [], [], [], [], [], [], [], [], [], [], [], [], [], [], [], [], [], [], [], [], [], [], [], [], [], [], [], [], [], [], [], [], [], [], [], [], [], [], [], [], [], [], [], [], [], [], [], [], [], [], [""IBA""], [], [], [], [], [], [], [], [], [], [], [], [], [""IDA"", ""IBA"", ""IEA""], [], [], [], [], [], [], [], [], [], [], [], [], [], [], [], [], [], []]",DNA-templated DNA replication,GO:0006261,0.02122872367315032,"[""GO:0006260""]",0.05025125628140704,query_1,199,0.08547008547008547,True,GO:BP,117,1973,14,TC-H-106,all_selected,51659 | 81620 | 55388 | 5982 | 641 | 4176 | 990 | 8099 | 3978 | 23649,IEA | IDA | IBA | IMP | TAS | NAS,3.0
"""A process that is part of the mitotic cell cycle."" [GO_REF:0000060, GOC:mtg_cell_cycle, GOC:TermGenie]",11154,31273,24,"[[], [], [""IBA"", ""NAS""], [], [""IDA"", ""IMP"", ""IBA""], [], [], [], [], [""IMP""], [], [], [], [], [], [], [], [], [], [], [], [], [], [], [], [], [], [""IDA"", ""IMP"", ""IBA"", ""TAS""], [""IMP""], [], [""IDA"", ""IEA""], [], [""IDA"", ""IBA"", ""NAS"", ""IEA""], [""IMP""], [], [], [], [], [], [], [], [], [], [""IMP"", ""IEA""], [""IDA""], [""IEA""], [], [], [], [""IBA"", ""TAS""], [], [], [], [""IDA"", ""IBA""], [], [], [], [], [], [], [], [""IDA""], [], [], [], [], [""ISS""], [], [], [], [], [], [], [""IMP""], [], [], [], [""IMP""], [], [], [], [], [], [], [], [], [], [], [], [], [], [], [], [], [], [], [], [], [], [], [], [], [], [], [], [""IBA"", ""TAS"", ""IEA""], [""IMP"", ""IBA"", ""TAS""], [], [""IDA"", ""IMP"", ""IBA"", ""NAS"", ""IEA""], [], [], [], [], [], [], [], [], [], [], [], [], [], [], [], [], [], [], [], [], [], [], [], [], [], [], [], [], [], [], [], [], [], [], [], [], [], [], [""IMP"", ""IBA"", ""NAS""], [], [""IMP""], [], [], [], [], [], [], [], [], [], [], [], [], [], [], [], [], [], [""IBA""], [], [], [], [], [], [], [""IMP""], [], [], [], [], [], [], [], [], [], [], [], [], [], [], [], [], [], [], [], [], [], [], [], []]",mitotic cell cycle process,GO:1903047,0.025527957380967244,"[""GO:0000278"", ""GO:0022402""]",0.12060301507537688,query_1,199,0.04225352112676056,True,GO:BP,568,21150,15,TC-H-106,all_selected,332 | 11065 | 81620 | 5347 | 10112 | 2305 | 890 | 11170 | 10460 | 5243 | 4921 | 9055 | 4288 | 641 | 1843 | 23212 | 388 | 6790 | 990 | 891 | 3833 | 6347 | 3978 | 80346,IBA | NAS | IDA | IMP | TAS | IEA | ISS,4.0
"""A spliceosomal complex that contains the U2, U5 and U6 snRNPs bound to a splicing intermediate in which the first catalytic cleavage of the 5' splice site has occurred. The precise subunit composition differs significantly from that of the catalytic step 1, or activated, spliceosome, and includes many proteins in addition to those found in the U2, U5 and U6 snRNPs."" [GOC:ab, GOC:krc, GOC:mah, ISBN:0879695897, ISBN:0879697393, PMID:18322460, PMID:19239890]",11154,37199,5,"[[], [], [], [], [], [], [], [], [], [], [], [], [], [], [], [], [], [], [], [], [], [], [], [], [], [], [], [], [], [], [], [], [], [], [], [], [], [], [], [], [], [], [], [], [], [], [], [], [], [], [], [], [], [], [], [], [], [], [], [], [], [], [], [], [], [], [], [], [], [], [], [], [], [], [], [], [], [], [], [], [], [], [], [], [], [], [], [], [], [], [], [], [], [], [], [], [], [], [], [], [], [], [], [], [], [], [], [], [], [], [], [], [], [], [], [], [], [], [], [], [], [], [""IDA""], [], [], [], [], [], [], [], [], [], [], [], [], [], [], [], [], [""IDA""], [], [], [], [], [], [], [], [], [], [], [], [], [], [""IDA""], [], [], [], [], [], [], [], [], [], [], [], [], [], [], [], [], [], [], [], [], [], [], [], [], [], [], [], [], [], [], [""IDA""], [], [], [], [], [], [], [], [""IDA""], [], [], [], [], [], []]",U2-type catalytic step 2 spliceosome,GO:0071007,0.011565088045725955,"[""GO:0005684"", ""GO:0071013""]",0.02512562814070352,query_1,199,0.2,True,GO:CC,25,2530,2,TC-H-106,all_selected,6636 | 6632 | 27339 | 6633 | 6627,IDA,1.0
"""The area in the center of the spindle where the spindle microtubules from opposite poles overlap."" [GOC:ai, PMID:15296749]",11154,36851,5,"[[], [], [""IBA""], [], [], [], [], [], [], [], [], [], [], [], [], [], [], [], [], [], [], [], [], [], [], [], [], [""IDA""], [], [], [], [], [], [], [], [], [], [], [], [], [], [], [], [], [], [], [], [], [], [""IBA""], [], [], [], [], [], [], [], [], [], [], [], [], [], [], [], [], [], [], [], [], [], [], [], [], [], [], [], [], [], [], [], [], [], [], [], [], [], [], [], [], [], [], [], [], [], [], [], [], [], [], [], [], [], [], [], [""IBA""], [""IDA""], [], [], [], [], [], [], [], [], [], [], [], [], [], [], [], [], [], [], [], [], [], [], [], [], [], [], [], [], [], [], [], [], [], [], [], [], [], [], [], [], [], [], [], [], [], [], [], [], [], [], [], [], [], [], [], [], [], [], [], [], [], [], [], [], [], [], [], [], [], [], [], [], [], [], [], [], [], [], [], [], [], [], [], [], [], [], [], [], [], [], [], []]",spindle midzone,GO:0051233,0.01530665580614803,"[""GO:0005819"", ""GO:0110165""]",0.02512562814070352,query_1,199,0.15625,True,GO:CC,32,2182,7,TC-H-106,all_selected,332 | 5347 | 9055 | 6790 | 990,IBA | IDA,2.0
"""A small, dense body one or more of which are present in the nucleus of eukaryotic cells. It is rich in RNA and protein, is not bounded by a limiting membrane, and is not seen during mitosis. Its prime function is the transcription of the nucleolar DNA into 45S ribosomal-precursor RNA, the processing of this RNA into 5.8S, 18S, and 28S components of ribosomal RNA, and the association of these components with 5S RNA and proteins synthesized outside the nucleolus. This association results in the formation of ribonucleoprotein precursors; these pass into the cytoplasm and mature into the 40S and 60S subunits of the ribosome."" [ISBN:0198506732]",11154,34969,27,"[[], [], [], [], [], [], [], [], [], [], [], [""IDA""], [], [], [], [], [], [], [], [], [], [], [], [], [], [], [], [], [], [], [], [""IDA""], [], [], [], [], [], [], [], [""IDA""], [], [""IDA"", ""IBA"", ""TAS"", ""IEA""], [], [], [], [], [], [], [""IDA""], [], [], [""IDA"", ""IBA""], [], [""IDA"", ""IEA""], [], [], [], [], [], [], [], [""IDA""], [], [], [], [], [], [], [], [""IDA""], [], [], [], [""IDA"", ""IBA"", ""IEA""], [], [], [], [], [""IDA"", ""HDA"", ""IBA"", ""IEA""], [], [], [], [], [""IDA"", ""IEA""], [], [], [""IDA"", ""HDA"", ""IEA""], [""IDA"", ""ISS"", ""IBA"", ""IEA""], [], [], [], [], [], [], [""IEA""], [], [], [], [], [], [], [""IDA"", ""IEA""], [], [], [""IEA""], [], [], [], [], [], [], [], [], [], [], [], [], [], [], [], [""TAS""], [], [], [], [], [""IDA"", ""IBA"", ""TAS"", ""IEA""], [], [], [], [], [], [], [""IDA""], [], [], [], [], [""IDA"", ""IBA"", ""IEA""], [], [], [], [], [], [], [], [], [], [], [""IDA"", ""IBA"", ""IEA""], [], [], [], [], [], [], [], [], [], [], [], [], [], [], [], [], [], [], [], [], [], [], [""NAS""], [""IDA"", ""IBA"", ""IEA""], [], [], [], [], [""IDA"", ""IBA"", ""IEA""], [], [], [], [""IDA"", ""IMP"", ""IBA"", ""IEA""], [], [], [], [], [], [], [], [], [], [], [], [], [], [""IDA"", ""IBA"", ""IEA""], [], [], []]",nucleolus,GO:0005730,0.01723075985227376,"[""GO:0031981"", ""GO:0043232""]",0.135678391959799,query_1,199,0.03595206391478029,True,GO:CC,751,300,1,TC-H-106,all_selected,7123 | 54982 | 55388 | 6949 | 467 | 79080 | 4288 | 641 | 9079 | 23212 | 4839 | 10248 | 8568 | 79050 | 54555 | 57109 | 5997 | 5725 | 10528 | 27000 | 23481 | 55299 | 8738 | 9136 | 10360 | 54663 | 23029,IDA | IBA | TAS | IEA | HDA | ISS | NAS | IMP,3.0
"""Any complex of pre-rRNAs, ribosomal proteins, and associated proteins formed during ribosome biogenesis."" [PMID:10567516]",11154,35611,7,"[[], [], [], [], [], [], [], [], [], [], [], [], [], [], [], [], [], [], [], [], [], [], [], [], [], [], [], [], [], [], [], [], [], [], [], [], [], [], [], [], [], [], [], [], [], [], [], [], [], [], [], [], [], [], [], [], [], [], [], [], [], [], [], [], [], [], [], [], [], [], [], [], [], [""IBA""], [], [], [], [], [], [], [], [], [], [], [], [], [""IEA""], [""IBA""], [], [], [], [], [], [], [], [], [], [], [], [], [], [], [], [], [], [], [], [], [], [], [], [], [], [], [], [], [], [], [], [], [], [], [], [], [], [""IDA"", ""IBA"", ""IEA""], [], [], [], [], [], [], [], [], [], [], [], [""IDA"", ""IBA"", ""IEA""], [], [], [], [], [], [], [], [], [], [], [], [], [], [], [], [], [], [], [], [], [], [], [], [], [], [], [], [], [], [], [], [], [], [], [""IDA"", ""IBA""], [], [], [], [], [], [], [], [], [""IBA""], [], [], [], [], [], [], [], [], [], [], [], [], [], [], [], [], []]",preribosome,GO:0030684,0.019805794086823005,"[""GO:1990904""]",0.035175879396984924,query_1,199,0.08860759493670886,True,GO:CC,79,942,3,TC-H-106,all_selected,23212 | 8568 | 79050 | 10528 | 23481 | 9136 | 54663,IBA | IEA | IDA,4.0
"""A chromosome that encodes the nuclear genome and is found in the nucleus of a eukaryotic cell during the cell cycle phases when the nucleus is intact."" [GOC:dph, GOC:mah]",11154,34706,10,"[[], [], [""IDA""], [], [], [], [], [], [""IPI"", ""ISS"", ""IBA"", ""IEA""], [], [], [], [], [], [], [], [], [], [], [], [], [], [], [], [], [], [], [""IEA""], [], [], [], [], [], [], [], [], [], [], [], [""IBA""], [], [], [], [], [], [], [], [], [], [], [], [], [], [], [], [], [], [], [], [], [], [""IDA""], [], [], [], [], [], [], [], [], [], [], [], [""IDA""], [], [], [], [], [], [], [], [], [], [], [], [""IBA"", ""NAS""], [], [], [], [], [], [], [], [], [], [""IPI"", ""ISS""], [], [], [], [], [], [], [], [], [], [], [], [], [], [], [], [], [], [], [], [], [], [], [], [], [], [], [], [], [], [], [], [], [], [], [], [], [], [], [], [], [], [], [], [], [], [], [], [], [], [], [], [], [], [], [], [], [], [""IDA""], [], [], [], [], [], [], [], [], [], [], [], [], [], [], [], [], [], [], [], [], [], [], [], [], [], [], [""IDA"", ""IPI"", ""IBA"", ""IEA""], [], [], [], [], [], [], [], [], [], [], [], [], [], [], [], [], [], []]",nuclear chromosome,GO:0000228,0.022841112309633604,"[""GO:0005694"", ""GO:0031981""]",0.05025125628140704,query_1,199,0.06060606060606061,True,GO:CC,165,37,1,TC-H-106,all_selected,332 | 51659 | 5347 | 55388 | 641 | 23212 | 25855 | 4176 | 27339 | 23649,IDA | IPI | ISS | IBA | IEA | NAS,5.0
DNA Replication,11154,39789,10,"[[], [], [], [], [""REAC""], [], [], [], [""REAC""], [""REAC""], [], [], [], [], [], [], [], [], [], [], [], [], [], [], [], [], [], [], [], [], [], [], [""REAC""], [], [], [], [], [], [], [""REAC""], [], [], [], [], [], [], [], [], [], [], [], [], [], [], [], [], [""REAC""], [], [], [], [], [], [], [], [], [], [], [], [], [], [], [], [], [], [], [], [], [], [], [], [], [], [], [], [], [], [], [], [], [], [], [], [], [], [], [""REAC""], [], [], [], [], [], [], [], [], [], [], [""REAC""], [], [], [], [], [], [], [], [], [], [], [], [], [], [], [], [], [], [], [], [], [], [], [], [], [], [], [], [], [], [], [], [], [], [], [], [], [], [], [], [], [], [], [], [], [], [], [], [], [], [], [], [], [], [], [], [], [], [], [], [], [""REAC""], [], [], [], [], [], [], [], [], [], [], [], [], [""REAC""], [], [], [], [], [], [], [], [], [], [], [], [], [], [], [], [], [], []]",DNA Replication,REAC:R-HSA-69306,0.022682909034970392,"[""REAC:0000000""]",0.05025125628140704,query_1,199,0.09009009009009009,True,REAC,111,465,16,TC-H-106,all_selected,11065 | 51659 | 81620 | 890 | 55388 | 5982 | 4176 | 990 | 3978 | 23649,REAC,1.0
"""Blood vessel formation when new vessels emerge from the proliferation of pre-existing blood vessels."" [ISBN:0878932453]",11154,10441,15,"[[], [], [], [], [], [], [], [], [""ISS"", ""IEA""], [], [], [], [], [], [], [], [""IDA"", ""IMP"", ""ISS"", ""IBA"", ""IEA""], [""ISS"", ""IEA""], [], [], [], [], [], [], [], [], [""IEA""], [""IMP""], [], [], [], [], [""IDA""], [], [], [], [], [], [""IEP""], [], [], [], [], [""IMP""], [], [], [], [], [], [], [], [""ISS"", ""IEA""], [], [], [], [], [""IMP""], [], [], [], [], [""IDA"", ""IEA""], [], [], [], [], [], [], [], [], [], [], [], [], [], [], [], [], [], [], [], [], [], [], [], [], [], [], [""TAS""], [], [], [], [], [], [""IBA"", ""IEA""], [], [], [], [""IMP""], [], [""IBA"", ""IEA""], [], [], [], [], [], [], [], [], [], [], [], [], [], []]",angiogenesis,GO:0001525,0.04427688327068857,"[""GO:0048514"", ""GO:0048646""]",0.13043478260869565,query_1,115,0.03260869565217391,True,GO:BP,460,318,6,TC-H-106,disease_down_drug_up,5156 | 7010 | 6943 | 64344 | 5740 | 1634 | 51705 | 3953 | 388 | 10365 | 1285 | 6347 | 1901 | 3373 | 8434,ISS | IEA | IDA | IMP | IBA | IEP | TAS,1.0
"""A multicellular organismal process carried out by any of the organs or tissues in an organ system. An organ system is a regularly interacting or interdependent group of organs or tissues that work together to carry out a biological objective."" [GOC:mtg_cardio]",11154,11533,30,"[[], [], [], [""ISS"", ""IBA""], [], [], [], [], [], [], [], [], [""IEA""], [], [], [""IEA""], [""TAS""], [], [], [], [], [""ISS""], [], [""TAS""], [], [""TAS""], [], [], [""IMP"", ""ISS"", ""NAS"", ""IC""], [], [""IEA""], [], [], [], [""IEA""], [], [""ISS""], [""ISS"", ""IEA""], [], [""IEA""], [], [], [], [""NAS""], [], [], [], [], [], [], [""TAS""], [], [], [], [], [], [""IMP""], [], [""IEA""], [], [""NAS""], [""TAS""], [], [""ISS""], [""ISS"", ""IEA""], [], [""IBA""], [], [], [], [], [""IMP"", ""IEA""], [], [], [], [], [], [], [], [], [], [], [], [], [], [""IEA""], [], [], [""ISS""], [], [], [], [""ISS"", ""IEA""], [], [""IEA""], [""IDA""], [], [], [], [], [], [], [], [], [], [], [], [], [""ISS"", ""IEA""], [], [], [""NAS""], [], [], []]",system process,GO:0003008,0.04427688327068857,"[""GO:0032501""]",0.2608695652173913,query_1,115,0.02028397565922921,True,GO:BP,1479,1410,11,TC-H-106,disease_down_drug_up,4638 | 9590 | 5577 | 7010 | 11170 | 5348 | 1674 | 5243 | 7078 | 10810 | 66002 | 3777 | 8516 | 3953 | 2202 | 10365 | 1827 | 3554 | 1285 | 4629 | 5997 | 25802 | 10979 | 5592 | 6347 | 58529 | 1901 | 55328 | 9867 | 57419,ISS | IBA | IEA | TAS | IMP | NAS | IC | IDA,2.0
"""The aggregation, arrangement and bonding together of a set of components to form a junction between a cell and its substrate."" [GOC:mah]",11154,12638,6,"[[], [], [], [], [], [], [], [], [], [], [], [], [], [], [], [], [""IMP""], [], [], [], [], [""IMP""], [], [], [], [], [], [], [], [], [], [], [], [], [], [], [], [], [], [], [], [], [], [], [], [], [], [], [], [], [], [], [], [], [], [], [], [], [], [], [], [], [], [], [], [], [], [], [], [], [], [""IMP"", ""ISS"", ""IEA""], [], [], [], [], [], [], [""IEA""], [], [], [], [], [""IEA""], [""IMP"", ""IBA""], [], [], [], [], [], [], [], [], [], [], [], [], [], [], [], [], [], [], [], [], [], [], [], [], [], [], [], [], [], []]",cell-substrate junction assembly,GO:0007044,0.04427688327068857,"[""GO:0034329"", ""GO:0150115""]",0.05217391304347826,query_1,115,0.07228915662650602,True,GO:BP,83,2515,10,TC-H-106,disease_down_drug_up,7010 | 11170 | 10979 | 11037 | 7145 | 22998,IMP | ISS | IEA | IBA,3.0
"""The attachment of a cell, either to another cell or to an underlying substrate such as the extracellular matrix, via cell adhesion molecules."" [GOC:hb, GOC:pf]",11154,12708,27,"[[], [], [], [], [], [], [], [], [""IMP""], [], [], [], [], [""IDA"", ""IEA""], [], [], [""IMP""], [], [], [], [], [""IMP""], [], [], [], [], [], [], [], [""TAS""], [], [], [], [], [], [""IEA""], [], [], [""IDA"", ""IMP""], [""IMP"", ""IBA"", ""NAS"", ""IEA""], [], [], [""IMP""], [], [], [], [], [""IBA"", ""IEA""], [], [""TAS""], [], [""ISS"", ""IEA""], [], [], [], [], [], [], [], [], [], [""IEA""], [], [], [], [], [], [], [], [], [], [""IMP"", ""IGI"", ""ISS"", ""IBA"", ""IEA""], [], [""IBA"", ""IEA""], [], [], [], [""IBA"", ""IEA""], [""IEA""], [""IEA""], [""IBA""], [], [], [], [""IMP"", ""IBA""], [""IMP""], [""IBA""], [], [""ISS"", ""TAS""], [], [], [], [], [], [""TAS"", ""IEA""], [], [], [], [""IMP""], [], [], [], [], [], [], [""IEA""], [], [""IBA"", ""IEA""], [], [], [], [], [], [], []]",cell adhesion,GO:0007155,0.04427688327068857,"[""GO:0009987""]",0.23478260869565218,query_1,115,0.02278481012658228,True,GO:BP,1185,2585,12,TC-H-106,disease_down_drug_up,5156 | 8639 | 7010 | 11170 | 4921 | 4239 | 51705 | 8516 | 1843 | 23114 | 8910 | 388 | 1285 | 10979 | 55679 | 28513 | 11037 | 8406 | 23022 | 22998 | 5592 | 1740 | 6347 | 1901 | 3373 | 25992 | 56100,IMP | IDA | IEA | TAS | IBA | NAS | ISS | IGI,4.0
"""A process that is carried out at the cellular level which results in the assembly, arrangement of constituent parts, or disassembly of cytoskeletal structures comprising actin filaments and their associated proteins."" [GOC:dph, GOC:jl, GOC:mah]",11154,16348,16,"[[], [], [], [], [], [], [], [], [""ISS"", ""TAS"", ""IEA""], [], [], [], [], [], [], [], [], [], [], [], [], [""IMP"", ""ISS"", ""IBA""], [], [], [], [], [], [], [], [], [], [], [], [], [""IBA"", ""TAS"", ""IEA""], [], [], [], [], [], [], [], [], [], [], [], [], [], [], [], [], [""IBA""], [], [], [""IBA""], [""IBA""], [], [], [], [], [], [], [], [""ISS"", ""IBA""], [], [], [""IDA"", ""IBA"", ""IEA""], [], [], [], [], [""IMP""], [], [], [], [], [], [], [], [], [""IEA""], [], [""IBA"", ""IEA""], [], [""IMP"", ""IBA"", ""IEA""], [""TAS""], [], [], [], [], [], [], [""ISS"", ""TAS"", ""IEA""], [], [""ISS"", ""IEA""], [], [], [], [], [], [], [], [], [], [], [], [], [], [], [], [], [], [""IDA"", ""IBA"", ""TAS"", ""IEA""], [], []]",actin cytoskeleton organization,GO:0030036,0.04427688327068857,"[""GO:0007010"", ""GO:0030029""]",0.1391304347826087,query_1,115,0.029684601113172542,True,GO:BP,539,6225,7,TC-H-106,disease_down_drug_up,5156 | 11170 | 10810 | 388 | 8736 | 9754 | 4629 | 25802 | 10979 | 23022 | 256949 | 22998 | 5592 | 58529 | 1901 | 11034,ISS | TAS | IEA | IMP | IBA | IDA,5.0
"""A cell junction that mechanically attaches a cell (and its cytoskeleton) to neighboring cells or to the extracellular matrix."" [ISBN:0815332181]",11154,37043,21,"[[], [], [], [], [], [], [], [], [], [], [""IDA""], [], [""HDA""], [], [], [], [""IDA"", ""IEA""], [], [], [], [""HDA""], [""IDA"", ""IEA""], [], [""ISS""], [], [""IDA"", ""IBA"", ""IEA""], [], [], [], [""HDA""], [], [], [], [], [], [], [], [], [], [""HDA""], [""IBA"", ""IEA""], [], [], [], [], [], [], [""HDA"", ""IEA""], [], [], [], [""HDA""], [], [], [], [""IEA""], [], [], [], [], [], [], [], [], [], [], [], [], [], [], [], [""IDA"", ""HDA"", ""IBA"", ""IEA""], [], [""IDA"", ""HDA"", ""IBA"", ""IEA""], [], [], [], [""IBA""], [], [], [""IDA"", ""HDA"", ""IEA""], [], [], [""IDA"", ""HDA"", ""IBA"", ""IEA""], [], [], [""NAS""], [], [], [], [], [], [], [], [], [], [""IEA""], [], [], [""IEA""], [], [], [], [], [], [], [], [], [], [], [], [], [], [], []]",anchoring junction,GO:0070161,0.004287650399207759,"[""GO:0030054""]",0.1826086956521739,query_1,115,0.029085872576177285,True,GO:CC,722,2374,1,TC-H-106,disease_down_drug_up,364 | 9590 | 7010 | 847 | 11170 | 5348 | 1674 | 4921 | 8516 | 8777 | 23114 | 388 | 9754 | 10979 | 55679 | 28513 | 23022 | 7145 | 1740 | 5906 | 57716,IDA | HDA | IEA | ISS | IBA | NAS,1.0
"""A contractile actin filament bundle that consists of short actin filaments with alternating polarity, cross-linked by alpha-actinin and possibly other actin bundling proteins, and with myosin present in a periodic distribution along the fiber."" [PMID:16651381]",11154,34820,6,"[[], [], [], [""IDA"", ""IBA"", ""IEA""], [], [], [], [], [], [], [], [], [], [], [], [], [""IDA""], [], [], [], [], [""IDA"", ""IBA"", ""IEA""], [], [], [], [], [], [], [], [], [], [], [], [], [], [], [], [], [], [], [], [], [], [], [], [], [], [], [], [], [], [], [], [], [], [], [], [], [], [], [], [], [], [], [], [], [], [], [], [], [], [""IEA""], [], [], [], [], [], [], [], [], [""IDA"", ""IEA""], [], [], [], [""IDA"", ""IBA"", ""IEA""], [], [], [], [], [], [], [], [], [], [], [], [], [], [], [], [], [], [], [], [], [], [], [], [], [], [], [], [], [], []]",stress fiber,GO:0001725,0.004773215436327243,"[""GO:0042641"", ""GO:0097517""]",0.05217391304347826,query_1,115,0.09090909090909091,True,GO:CC,66,151,2,TC-H-106,disease_down_drug_up,4638 | 7010 | 11170 | 10979 | 23022 | 22998,IDA | IBA | IEA,2.0
"""The volume enclosed by the membrane of the platelet dense granule."" [GOC:mah]",11154,35685,3,"[[], [], [], [], [], [], [], [""TAS""], [], [], [], [], [], [], [], [], [], [], [], [], [], [], [], [], [], [], [], [], [], [], [""TAS""], [], [], [], [], [], [], [], [], [], [], [], [], [], [], [], [], [], [], [], [], [], [], [""TAS""], [], [], [], [], [], [], [], [], [], [], [], [], [], [], [], [], [], [], [], [], [], [], [], [], [], [], [], [], [], [], [], [], [], [], [], [], [], [], [], [], [], [], [], [], [], [], [], [], [], [], [], [], [], [], [], [], [], [], [], [], []]",platelet dense granule lumen,GO:0031089,0.010384110093214511,"[""GO:0034774"", ""GO:0042827""]",0.02608695652173913,query_1,115,0.23076923076923078,True,GO:CC,13,1016,4,TC-H-106,disease_down_drug_up,7123 | 7078 | 3699,TAS,3.0
"""Fibers, composed of actin, myosin, and associated proteins, found in cells of smooth or striated muscle."" [GOC:go_curators, ISBN:0815316194]",11154,36531,8,"[[], [], [], [], [], [], [], [], [], [], [], [], [], [], [], [], [], [], [], [""IDA"", ""IEA""], [], [], [], [], [], [""IDA"", ""IBA"", ""IEA""], [], [], [], [], [], [], [], [], [], [], [], [], [], [], [], [], [], [], [], [], [], [], [], [], [], [], [], [], [""ISS"", ""IBA"", ""TAS"", ""IEA""], [], [], [], [], [], [], [], [], [""TAS""], [], [], [""IDA"", ""ISS"", ""IBA"", ""IEA""], [], [], [], [], [""IEA""], [], [], [], [], [], [], [], [], [""IDA"", ""IBA"", ""IEA""], [], [], [], [], [], [], [], [], [], [], [], [""IBA"", ""IEA""], [], [], [], [], [], [], [], [], [], [], [], [], [], [], [], [], [], [], [], [], [], []]",contractile muscle fiber,GO:0043292,0.03146356329225127,"[""GO:0005737"", ""GO:0043232"", ""GO:0099512""]",0.06956521739130435,query_1,115,0.04,True,GO:CC,200,1862,5,TC-H-106,disease_down_drug_up,11080 | 1674 | 8736 | 4629 | 25802 | 10979 | 23022 | 58529,IDA | IEA | IBA | ISS | TAS,4.0
Cytoskeleton in muscle cells,11154,39118,9,"[[], [], [], [], [], [], [], [], [], [], [], [], [], [], [], [], [], [], [], [], [], [], [], [], [], [""KEGG""], [], [], [], [], [], [], [""KEGG""], [], [], [], [], [], [], [""KEGG""], [], [], [], [], [], [], [], [], [], [""KEGG""], [], [], [], [], [""KEGG""], [], [], [], [], [], [], [""KEGG""], [], [""KEGG""], [], [], [""KEGG""], [], [], [], [], [], [], [], [], [], [], [], [], [], [], [], [], [], [], [], [], [], [], [], [], [], [""KEGG""], [], [], [], [], [], [], [], [], [], [], [], [], [], [], [], [], [], [], [], [], [], []]",Cytoskeleton in muscle cells,KEGG:04820,0.04483217510953728,"[""KEGG:00000""]",0.0782608695652174,query_1,115,0.04411764705882353,True,KEGG,204,380,15,TC-H-106,disease_down_drug_up,1674 | 1634 | 8516 | 8910 | 8736 | 1285 | 4629 | 25802 | 58529,KEGG,1.0
"""A cellular process that results in the biosynthesis of constituent macromolecules, assembly, and arrangement of constituent parts of a complex containing RNA and proteins. Includes the biosynthesis of the constituent RNA and protein molecules, and those macromolecular modifications that are involved in synthesis or assembly of the ribonucleoprotein complex."" [GOC:isa_complete, GOC:mah]",11154,16308,22,"[[], [], [], [], [], [], [], [], [], [], [], [], [], [], [], [], [], [], [], [], [], [], [], [], [""NAS"", ""IEA""], [""IMP"", ""IBA"", ""IEA""], [""IDA"", ""IMP"", ""IBA"", ""IEA""], [], [], [""IEA""], [], [""IEA""], [""ISS"", ""IEA""], [], [], [""IBA""], [], [], [], [""IEA""], [], [], [], [], [], [], [], [], [""IDA"", ""NAS"", ""IEA""], [""IDA"", ""TAS"", ""IEA""], [], [], [], [], [], [], [""IMP"", ""IBA"", ""IC"", ""IEA""], [""IDA"", ""IBA"", ""TAS"", ""NAS"", ""IEA""], [], [], [""IBA"", ""IEA""], [], [""IDA"", ""IMP""], [], [], [], [], [], [], [], [""IDA"", ""IC"", ""IEA""], [], [], [], [""IEA""], [], [""IMP"", ""IBA"", ""IEA""], [""IDA"", ""IBA"", ""TAS"", ""NAS""], [], [], [""NAS""], [""IBA""], [""IBA""], [""IBA""]]",ribonucleoprotein complex biogenesis,GO:0022613,3.477781355660763e-12,"[""GO:0044085""]",0.2619047619047619,query_1,84,0.06606606606606606,True,GO:BP,333,6185,8,TC-H-106,disease_up_drug_down,8662 | 23212 | 4839 | 10248 | 8568 | 79050 | 54555 | 57109 | 6636 | 10528 | 23481 | 6632 | 55299 | 27339 | 9136 | 10360 | 54663 | 6633 | 6627 | 22827 | 11338 | 23029,NAS | IEA | IMP | IBA | IDA | ISS | TAS | IC,1.0
"""The cellular metabolic process in which a cell duplicates one or more molecules of DNA. DNA replication begins when specific sequences, known as origins of replication, are recognized and bound by the origin recognition complex, and ends when the original DNA molecule has been completely duplicated and the copies topologically separated. The unit of replication usually corresponds to the genome of the cell, an organelle, or a virus. The template for replication can either be an existing DNA molecule or RNA."" [GOC:mah]",11154,12095,13,"[[], [], [""IEA""], [""IDA"", ""IMP"", ""IBA"", ""IEA""], [], [], [], [], [], [], [], [""IMP""], [], [""IMP"", ""IBA"", ""IEA""], [], [], [], [], [], [], [""IDA"", ""IBA"", ""IEA""], [], [""IDA"", ""ISS"", ""IBA"", ""TAS"", ""IEA""], [], [], [], [], [], [], [], [], [], [], [], [], [], [""IBA"", ""TAS"", ""NAS"", ""IEA""], [], [], [], [], [""IBA"", ""TAS"", ""IEA""], [], [], [], [""NAS""], [], [], [], [], [""IEA""], [], [], [""IEA""], [], [], [], [], [], [], [], [], [], [], [], [], [], [], [""IBA"", ""IEA""], [], [], [], [], [], [], [""IDA"", ""IBA"", ""NAS"", ""IEA""], [], [], [], [], [], [], [], []]",DNA replication,GO:0006260,1.3852520119273045e-06,"[""GO:0006259""]",0.15476190476190477,query_1,84,0.06103286384976526,True,GO:BP,213,1972,8,TC-H-106,disease_up_drug_down,51659 | 81620 | 890 | 55388 | 5982 | 641 | 4176 | 990 | 8099 | 10036 | 27000 | 3978 | 23649,IEA | IDA | IMP | IBA | ISS | TAS | NAS,2.0
"""The process resulting in division and partitioning of components of a cell to form more cells; may or may not be accompanied by the physical separation of a cell into distinct, individually membrane-bounded daughter cells."" [GOC:di, GOC:go_curators, GOC:pr]",11154,22854,17,"[[""IBA"", ""NAS"", ""IEA""], [""IEA""], [], [""IEA""], [], [""IMP""], [], [""IDA"", ""IMP"", ""TAS"", ""IEA""], [""IDA"", ""IMP""], [], [], [""IEA""], [""IEA""], [], [], [""IEA""], [], [""IDA"", ""IEA""], [], [], [], [], [""IMP""], [], [], [], [], [], [], [], [], [], [], [], [], [], [], [], [], [], [""IBA"", ""IEA""], [""IMP"", ""IEA""], [""IEA""], [], [], [], [], [], [], [], [], [], [], [], [], [], [], [], [], [""IEA""], [], [], [], [], [], [], [], [], [""IEA""], [], [], [""IEA""], [], [], [], [], [], [], [], [], [], [], [], []]",cell division,GO:0051301,5.467082215529162e-06,"[""GO:0009987""]",0.20238095238095238,query_1,84,0.03695652173913044,True,GO:BP,460,12731,8,TC-H-106,disease_up_drug_down,332 | 11065 | 81620 | 80179 | 5347 | 10112 | 890 | 83461 | 10460 | 9055 | 641 | 6790 | 990 | 891 | 3833 | 3978 | 80346,IBA | NAS | IEA | IMP | IDA | TAS,3.0
"""The aggregation, arrangement and bonding together of a spliceosomal complex, a ribonucleoprotein apparatus that catalyzes nuclear mRNA splicing via transesterification reactions."" [PMID:9476892]",11154,10191,7,"[[], [], [], [], [], [], [], [], [], [], [], [], [], [], [], [], [], [], [], [], [], [], [], [], [], [], [], [], [], [], [], [], [], [], [], [], [], [], [], [], [], [], [], [], [], [], [], [], [""NAS""], [], [], [], [], [], [], [], [], [""TAS"", ""NAS""], [], [], [], [], [""IMP""], [], [], [], [], [], [], [], [], [], [], [], [], [], [], [""TAS"", ""NAS""], [], [], [""NAS""], [""IBA""], [""IBA""], []]",spliceosomal complex assembly,GO:0000245,1.5351383132389027e-05,"[""GO:0000398"", ""GO:0022618""]",0.08333333333333333,query_1,84,0.12962962962962962,True,GO:BP,54,68,8,TC-H-106,disease_up_drug_down,6636 | 6632 | 27339 | 6633 | 6627 | 22827 | 11338,NAS | TAS | IMP | IBA,4.0
"""A mitotic cell cycle process comprising the steps by which the nucleus of a eukaryotic cell divides; the process involves condensation of chromosomal DNA into a highly compacted form. Canonically, mitosis produces two daughter nuclei whose chromosome complement is identical to that of the mother cell."" [ISBN:0198547684]",11154,28486,11,"[[""NAS""], [""IDA"", ""IMP""], [], [""IMP""], [], [], [], [""IDA"", ""IMP"", ""TAS""], [], [], [], [], [], [], [], [], [], [""IBA"", ""TAS""], [], [""IDA"", ""IBA""], [], [], [], [], [], [""IMP""], [], [], [], [], [], [], [], [], [], [], [], [], [], [], [""TAS"", ""IEA""], [], [""IMP"", ""IBA""], [], [], [], [], [], [], [], [], [], [], [], [], [], [], [], [], [""IMP"", ""IBA"", ""NAS""], [], [], [], [], [], [], [], [], [], [], [], [""IMP""], [], [], [], [], [], [], [], [], [], [], [], []]",mitotic nuclear division,GO:0140014,4.2434752290053244e-05,"[""GO:0000280"", ""GO:1903047""]",0.13095238095238096,query_1,84,0.05238095238095238,True,GO:BP,210,18363,8,TC-H-106,disease_up_drug_down,332 | 11065 | 81620 | 5347 | 9055 | 4288 | 23212 | 6790 | 891 | 3833 | 80346,NAS | IDA | IMP | TAS | IBA | IEA,5.0
"""A macromolecular complex that contains both RNA and protein molecules."" [GOC:krc, GOC:vesicles]",11154,38718,19,"[[], [], [], [], [], [], [], [], [], [], [], [], [], [], [], [], [""IDA"", ""IPI"", ""IBA"", ""IEA""], [], [], [], [], [], [], [], [""IEA""], [""IBA""], [], [], [], [""IDA"", ""IEA""], [], [""IEA""], [""IBA""], [], [], [], [], [], [], [], [], [], [], [], [], [], [], [], [""IDA"", ""IPI"", ""IBA"", ""NAS"", ""IEA""], [""IDA"", ""IBA"", ""NAS"", ""IEA""], [], [], [], [], [], [""IDA"", ""NAS"", ""IEA""], [""IDA"", ""IBA"", ""IEA""], [""IDA"", ""IPI"", ""IBA"", ""TAS"", ""NAS"", ""IEA""], [], [], [], [], [""IDA"", ""IPI"", ""IBA"", ""IEA""], [], [], [], [], [], [], [""ISS"", ""IBA"", ""NAS"", ""IEA""], [""IDA"", ""IBA"", ""IEA""], [], [], [], [], [], [""IBA""], [""IDA"", ""IPI"", ""IBA"", ""TAS"", ""NAS"", ""IEA""], [], [], [""IDA"", ""IBA"", ""TAS"", ""NAS"", ""IEA""], [""IEA""], [""IDA"", ""IPI"", ""IBA"", ""IEA""], []]",ribonucleoprotein complex,GO:1990904,2.0131963828940764e-07,"[""GO:0032991""]",0.2261904761904762,query_1,84,0.03725490196078431,True,GO:CC,510,4049,3,TC-H-106,disease_up_drug_down,51690 | 8662 | 23212 | 10248 | 8568 | 79050 | 6636 | 10528 | 65005 | 23481 | 6632 | 27339 | 65993 | 9136 | 54663 | 6633 | 6627 | 22827 | 11338,IDA | IPI | IBA | IEA | NAS | TAS | ISS,1.0
"""A small, dense body one or more of which are present in the nucleus of eukaryotic cells. It is rich in RNA and protein, is not bounded by a limiting membrane, and is not seen during mitosis. Its prime function is the transcription of the nucleolar DNA into 45S ribosomal-precursor RNA, the processing of this RNA into 5.8S, 18S, and 28S components of ribosomal RNA, and the association of these components with 5S RNA and proteins synthesized outside the nucleolus. This association results in the formation of ribonucleoprotein precursors; these pass into the cytoplasm and mature into the 40S and 60S subunits of the ribosome."" [ISBN:0198506732]",11154,34969,22,"[[], [], [], [], [], [], [], [], [], [], [""IDA""], [], [], [""IDA""], [""IDA"", ""IBA"", ""TAS"", ""IEA""], [], [], [], [""IDA"", ""IBA""], [""IDA"", ""IEA""], [], [], [""IDA""], [], [], [""IDA"", ""IBA"", ""IEA""], [""IDA"", ""HDA"", ""IBA"", ""IEA""], [], [], [""IDA"", ""IEA""], [], [""IDA"", ""HDA"", ""IEA""], [""IDA"", ""ISS"", ""IBA"", ""IEA""], [], [], [""IEA""], [], [], [], [""IDA"", ""IEA""], [], [], [], [], [], [], [], [""TAS""], [], [""IDA"", ""IBA"", ""TAS"", ""IEA""], [], [], [], [""IDA""], [], [], [""IDA"", ""IBA"", ""IEA""], [], [], [], [""IDA"", ""IBA"", ""IEA""], [], [], [], [], [], [], [], [], [], [""IDA"", ""IBA"", ""IEA""], [], [], [], [""IDA"", ""IBA"", ""IEA""], [], [""IDA"", ""IMP"", ""IBA"", ""IEA""], [], [], [], [], [], [], [""IDA"", ""IBA"", ""IEA""]]",nucleolus,GO:0005730,6.614636771674188e-07,"[""GO:0031981"", ""GO:0043232""]",0.2619047619047619,query_1,84,0.02929427430093209,True,GO:CC,751,300,3,TC-H-106,disease_up_drug_down,54982 | 55388 | 6949 | 79080 | 4288 | 641 | 23212 | 4839 | 10248 | 8568 | 79050 | 54555 | 57109 | 5725 | 10528 | 27000 | 23481 | 55299 | 9136 | 10360 | 54663 | 23029,IDA | IBA | TAS | IEA | HDA | ISS | IMP,2.0
"""A chromosome that encodes the nuclear genome and is found in the nucleus of a eukaryotic cell during the cell cycle phases when the nucleus is intact."" [GOC:dph, GOC:mah]",11154,34706,10,"[[""IDA""], [], [""IPI"", ""ISS"", ""IBA"", ""IEA""], [], [], [], [], [""IEA""], [], [], [], [], [], [""IBA""], [], [], [], [], [], [], [], [], [""IDA""], [], [], [""IDA""], [], [], [], [], [""IBA"", ""NAS""], [], [], [], [], [], [""IPI"", ""ISS""], [], [], [], [], [], [], [], [], [], [], [], [], [], [], [], [], [], [], [], [], [], [], [], [], [], [""IDA""], [], [], [], [], [], [], [], [], [], [], [], [], [""IDA"", ""IPI"", ""IBA"", ""IEA""], [], [], [], [], [], [], [], []]",nuclear chromosome,GO:0000228,1.1626234387025713e-05,"[""GO:0005694"", ""GO:0031981""]",0.11904761904761904,query_1,84,0.06060606060606061,True,GO:CC,165,37,3,TC-H-106,disease_up_drug_down,332 | 51659 | 5347 | 55388 | 641 | 23212 | 25855 | 4176 | 27339 | 23649,IDA | IPI | ISS | IBA | IEA | NAS,3.0
"""A stable assembly of two or more macromolecules, i.e. proteins, nucleic acids, carbohydrates or lipids, in which at least one component is a protein and the constituent parts function together in the nucleus."" [GOC:pg]",11154,38183,23,"[[""IPI""], [""IDA""], [""IPI"", ""ISS"", ""IBA""], [], [], [], [], [], [], [], [], [], [], [], [], [], [""IDA"", ""IPI"", ""IBA"", ""IEA""], [], [], [], [""IDA""], [], [], [], [], [], [], [], [], [""IEA""], [""IBA"", ""NAS""], [], [""IBA""], [], [], [], [""IPI"", ""ISS""], [], [], [], [], [], [], [], [], [""IDA""], [], [], [""IDA"", ""IPI"", ""IBA"", ""NAS"", ""IEA""], [""IDA"", ""IBA"", ""IEA""], [], [], [], [], [""IDA""], [], [""IDA"", ""IBA""], [""IDA"", ""IPI"", ""IBA"", ""TAS"", ""NAS"", ""IEA""], [], [], [], [], [""IDA"", ""IPI"", ""IBA"", ""IEA""], [], [], [], [], [], [], [], [""IDA"", ""IBA""], [], [], [], [], [""IDA"", ""IPI"", ""IBA"", ""IEA""], [""IDA""], [""IDA"", ""IPI"", ""IBA"", ""TAS"", ""NAS"", ""IEA""], [], [""IDA"", ""TAS""], [""IDA"", ""IBA"", ""TAS"", ""NAS"", ""IEA""], [], [""IDA"", ""IPI"", ""IBA"", ""IEA""], []]",nuclear protein-containing complex,GO:0140513,1.7785685209881006e-05,"[""GO:0005634"", ""GO:0032991""]",0.27380952380952384,query_1,84,0.023162134944612285,True,GO:CC,993,3514,3,TC-H-106,disease_up_drug_down,332 | 11065 | 51659 | 51690 | 5982 | 10248 | 25855 | 79050 | 4176 | 8099 | 6636 | 10528 | 9898 | 23481 | 6632 | 27339 | 9136 | 23649 | 54663 | 6633 | 51728 | 6627 | 11338,IPI | IDA | ISS | IBA | IEA | NAS | TAS,4.0
"""A spliceosomal complex that contains the U2, U5 and U6 snRNPs bound to a splicing intermediate in which the first catalytic cleavage of the 5' splice site has occurred. The precise subunit composition differs significantly from that of the catalytic step 1, or activated, spliceosome, and includes many proteins in addition to those found in the U2, U5 and U6 snRNPs."" [GOC:ab, GOC:krc, GOC:mah, ISBN:0879695897, ISBN:0879697393, PMID:18322460, PMID:19239890]",11154,37199,5,"[[], [], [], [], [], [], [], [], [], [], [], [], [], [], [], [], [], [], [], [], [], [], [], [], [], [], [], [], [], [], [], [], [], [], [], [], [], [], [], [], [], [], [], [], [], [], [], [], [""IDA""], [], [], [], [], [], [], [], [], [""IDA""], [], [], [], [], [""IDA""], [], [], [], [], [], [], [], [], [], [], [], [], [], [], [""IDA""], [], [], [""IDA""], [], [], []]",U2-type catalytic step 2 spliceosome,GO:0071007,2.425183369533503e-05,"[""GO:0005684"", ""GO:0071013""]",0.05952380952380952,query_1,84,0.2,True,GO:CC,25,2530,3,TC-H-106,disease_up_drug_down,6636 | 6632 | 27339 | 6633 | 6627,IDA,5.0
"""Binding to an RNA molecule or a portion thereof."" [GOC:jl, GOC:mah]",11154,333,32,"[[], [], [], [], [], [], [], [], [], [], [], [], [], [], [""HDA""], [], [""IBA"", ""NAS"", ""IEA""], [], [""HDA""], [""IDA"", ""HDA""], [], [], [], [], [""IDA"", ""IEA""], [""IDA"", ""HDA""], [""HDA"", ""IEA""], [], [], [""IDA"", ""HDA"", ""IEA""], [], [""HDA""], [""HDA""], [], [], [""HDA"", ""IEA""], [], [], [""HDA"", ""IEA""], [""HDA""], [], [], [], [], [], [], [""HDA""], [""IDA"", ""HDA"", ""IBA"", ""TAS"", ""IEA""], [""IMP"", ""IBA"", ""IEA""], [""IDA"", ""HDA"", ""IBA"", ""TAS"", ""IEA""], [], [], [], [""HDA""], [""HDA""], [""HDA""], [""HDA"", ""IBA""], [""HDA"", ""IBA"", ""TAS"", ""IEA""], [], [], [""HDA"", ""IBA"", ""IEA""], [], [], [""HDA""], [], [], [], [], [], [], [""IDA"", ""HDA"", ""IBA"", ""IEA""], [], [], [], [""HDA"", ""IBA""], [], [], [""HDA"", ""IEA""], [""IDA"", ""HDA"", ""IBA""], [], [""HDA"", ""IBA"", ""IEA""], [""HDA"", ""IEA""], [""IDA"", ""HDA"", ""IBA"", ""IEA""], [""HDA"", ""IBA"", ""IEA""]]",RNA binding,GO:0003723,1.1686276607109373e-08,"[""GO:0003676""]",0.38095238095238093,query_1,84,0.026936026936026935,True,GO:MF,1188,333,1,TC-H-106,disease_up_drug_down,6949 | 51690 | 79080 | 4288 | 8662 | 23212 | 4839 | 10248 | 8568 | 79050 | 54555 | 55621 | 57109 | 5478 | 5725 | 6636 | 10528 | 27000 | 9898 | 65005 | 23481 | 6632 | 55299 | 79169 | 9136 | 10360 | 6633 | 26024 | 6627 | 22827 | 11338 | 23029,HDA | IBA | NAS | IEA | IDA | TAS | IMP,1.0
"""Catalysis of the reaction: ATP + H2O = ADP + H+ phosphate. ATP hydrolysis is used in some reactions as an energy source, for example to catalyze a reaction or drive transport against a concentration gradient."" [RHEA:13065]",11154,2972,10,"[[], [], [], [], [], [""IDA"", ""IEA""], [], [], [""IBA""], [], [], [], [], [], [], [], [], [], [], [], [""IEA""], [], [""IEA""], [], [], [], [], [], [], [], [], [], [], [], [], [""IEA""], [""IEA""], [], [], [], [], [""IEA""], [], [], [], [], [], [], [], [], [], [], [], [], [], [], [], [], [], [""IBA""], [], [], [], [], [], [], [], [""IMP"", ""IEA""], [], [], [], [], [], [""IEA""], [], [], [], [], [], [], [], [], [], []]",ATP hydrolysis activity,GO:0016887,0.011211142539090632,"[""GO:0017111"", ""GO:0140657""]",0.11904761904761904,query_1,84,0.03278688524590164,True,GO:MF,305,2972,2,TC-H-106,disease_up_drug_down,80179 | 10112 | 5982 | 641 | 54555 | 4176 | 990 | 3833 | 55210 | 57130,IDA | IEA | IBA | IMP,2.0
Spliceosome,11154,38958,8,"[[], [], [], [], [], [], [], [], [], [], [], [], [], [], [], [], [""KEGG""], [], [], [], [], [], [], [], [], [], [], [], [], [], [], [], [], [], [], [], [], [], [], [], [], [], [], [], [], [], [], [], [""KEGG""], [], [], [], [], [], [], [], [], [""KEGG""], [], [], [], [], [""KEGG""], [], [], [], [], [], [], [], [], [], [], [], [], [], [], [""KEGG""], [], [], [""KEGG""], [""KEGG""], [""KEGG""], []]",Spliceosome,KEGG:03040,0.00016033331568052474,"[""KEGG:00000""]",0.09523809523809523,query_1,84,0.0761904761904762,True,KEGG,105,220,22,TC-H-106,disease_up_drug_down,51690 | 6636 | 6632 | 27339 | 6633 | 6627 | 22827 | 11338,KEGG,1.0
DNA replication,11154,38957,4,"[[], [], [], [], [], [], [], [], [], [], [], [], [], [], [], [], [], [], [], [], [""KEGG""], [], [], [], [], [], [], [], [], [], [], [], [], [], [], [], [""KEGG""], [], [], [], [], [], [], [], [], [], [], [], [], [], [], [], [], [], [], [], [], [], [], [], [], [], [], [], [], [], [], [], [""KEGG""], [], [], [], [], [], [], [""KEGG""], [], [], [], [], [], [], [], []]",DNA replication,KEGG:03030,0.008238246135008563,"[""KEGG:00000""]",0.047619047619047616,query_1,84,0.11764705882352941,True,KEGG,34,219,23,TC-H-106,disease_up_drug_down,5982 | 4176 | 3978 | 23649,KEGG,2.0
Cell cycle,11154,39011,6,"[[], [], [], [""KEGG""], [], [], [], [""KEGG""], [], [], [], [""KEGG""], [], [], [], [], [], [], [], [], [], [], [], [], [], [], [], [], [], [], [], [], [], [], [], [], [""KEGG""], [], [], [], [], [""KEGG""], [""KEGG""], [], [], [], [], [], [], [], [], [], [], [], [], [], [], [], [], [], [], [], [], [], [], [], [], [], [], [], [], [], [], [], [], [], [], [], [], [], [], [], [], []]",Cell cycle,KEGG:04110,0.020282726508939575,"[""KEGG:00000""]",0.07142857142857142,query_1,84,0.046153846153846156,True,KEGG,130,273,24,TC-H-106,disease_up_drug_down,81620 | 5347 | 890 | 4176 | 990 | 891,KEGG,3.0
"Cell Cycle, Mitotic",11154,39663,17,"[[""REAC""], [""REAC""], [""REAC""], [""REAC""], [], [], [], [""REAC""], [""REAC""], [""REAC""], [], [""REAC""], [], [""REAC""], [], [], [], [], [], [], [""REAC""], [], [], [], [], [], [], [], [], [], [], [], [], [], [], [], [""REAC""], [], [], [], [""REAC""], [""REAC""], [""REAC""], [], [], [], [], [], [], [], [], [], [""REAC""], [], [], [], [], [], [], [], [], [], [], [], [], [], [], [], [""REAC""], [], [], [], [], [], [], [""REAC""], [], [], [], [], [], [], [], []]","Cell Cycle, Mitotic",REAC:R-HSA-69278,2.5268315044970343e-06,"[""REAC:R-HSA-1640170""]",0.20238095238095238,query_1,84,0.04197530864197531,True,REAC,405,339,25,TC-H-106,disease_up_drug_down,332 | 11065 | 51659 | 81620 | 5347 | 10112 | 2305 | 890 | 55388 | 5982 | 4176 | 6790 | 990 | 891 | 4001 | 3978 | 23649,REAC,1.0
Metabolism of RNA,11154,40805,18,"[[], [], [], [], [], [], [], [], [], [], [], [], [], [], [], [], [""REAC""], [], [], [], [], [], [], [], [], [], [""REAC""], [], [], [""REAC""], [], [""REAC""], [""REAC""], [], [], [""REAC""], [], [], [""REAC""], [], [], [], [], [], [], [], [], [""REAC""], [""REAC""], [""REAC""], [], [], [], [], [], [], [""REAC""], [""REAC""], [], [], [], [], [""REAC""], [], [], [], [], [], [], [], [""REAC""], [], [], [], [], [], [], [""REAC""], [], [], [""REAC""], [""REAC""], [""REAC""], []]",Metabolism of RNA,REAC:R-HSA-8953854,1.1904944730971678e-05,"[""REAC:0000000""]",0.21428571428571427,query_1,84,0.0325497287522604,True,REAC,553,1481,26,TC-H-106,disease_up_drug_down,51690 | 4839 | 10248 | 8568 | 79050 | 54555 | 55621 | 5725 | 6636 | 10528 | 23481 | 6632 | 27339 | 9136 | 6633 | 6627 | 22827 | 11338,REAC,2.0
Activation of the pre-replicative complex,11154,39437,5,"[[], [], [], [""REAC""], [], [], [], [], [], [], [], [], [], [""REAC""], [], [], [], [], [], [], [], [], [], [], [], [], [], [], [], [], [], [], [], [], [], [], [""REAC""], [], [], [], [], [""REAC""], [], [], [], [], [], [], [], [], [], [], [], [], [], [], [], [], [], [], [], [], [], [], [], [], [], [], [], [], [], [], [], [], [], [""REAC""], [], [], [], [], [], [], [], []]",Activation of the pre-replicative complex,REAC:R-HSA-68962,7.762369186453582e-05,"[""REAC:R-HSA-69002"", ""REAC:R-HSA-69206""]",0.05952380952380952,query_1,84,0.2,True,REAC,25,113,25,TC-H-106,disease_up_drug_down,81620 | 55388 | 4176 | 990 | 23649,REAC,3.0
DNA strand elongation,11154,39793,5,"[[], [], [""REAC""], [], [], [], [], [], [], [], [], [], [], [], [], [], [], [], [], [], [""REAC""], [], [], [], [], [], [], [], [], [], [], [], [], [], [], [], [""REAC""], [], [], [], [], [], [], [], [], [], [], [], [], [], [], [], [], [], [], [], [], [], [], [], [], [], [], [], [], [], [], [], [""REAC""], [], [], [], [], [], [], [""REAC""], [], [], [], [], [], [], [], []]",DNA strand elongation,REAC:R-HSA-69190,0.0001677162124919812,"[""REAC:R-HSA-69239""]",0.05952380952380952,query_1,84,0.16129032258064516,True,REAC,31,469,25,TC-H-106,disease_up_drug_down,51659 | 5982 | 4176 | 3978 | 23649,REAC,4.0
Extension of Telomeres,11154,40252,5,"[[], [], [], [], [], [], [], [], [], [], [], [""REAC""], [], [], [], [], [], [], [], [], [""REAC""], [], [""REAC""], [], [], [], [], [], [], [], [], [], [], [], [], [], [], [], [], [], [], [], [], [], [], [], [], [], [], [], [], [], [], [], [], [], [], [], [], [], [], [], [], [], [], [], [], [], [""REAC""], [], [], [], [], [], [], [""REAC""], [], [], [], [], [], [], [], []]",Extension of Telomeres,REAC:R-HSA-180786,0.0008273186019424417,"[""REAC:R-HSA-157579""]",0.05952380952380952,query_1,84,0.11363636363636363,True,REAC,44,928,25,TC-H-106,disease_up_drug_down,890 | 5982 | 641 | 3978 | 23649,REAC,5.0
"""The process in which genetic material, in the form of chromosomes, is organized into specific structures and then physically separated and apportioned to two or more sets. In eukaryotes, chromosome segregation begins with the condensation of chromosomes, includes chromosome separation, and ends when chromosomes have completed movement to the spindle poles."" [GOC:jl, GOC:mah, GOC:mtg_cell_cycle, GOC:vw]",11154,12648,37,"[[], [], [""IMP""], [], [], [], [], [], [], [""IEA""], [""IMP"", ""IBA""], [], [""IDA"", ""IBA"", ""TAS"", ""IEA""], [""IDA"", ""IMP"", ""ISO"", ""IBA"", ""IEA""], [], [""IDA"", ""IMP"", ""IBA"", ""NAS"", ""IEA""], [], [""IMP""], [""IDA"", ""IMP"", ""TAS"", ""IEA""], [], [], [], [""IBA""], [], [], [""IDA"", ""ISS"", ""IBA""], [""ISS""], [], [""IDA"", ""IMP"", ""ISS"", ""IBA"", ""IEA""], [""IBA"", ""TAS""], [], [], [], [], [""NAS""], [], [], [], [], [], [], [""IMP""], [], [""IDA"", ""IBA"", ""NAS"", ""IEA""], [], [], [""IDA""], [""IMP"", ""IBA"", ""NAS""], [], [], [], [], [], [""IBA""], [], [], [], [], [], [""IDA"", ""IBA""], [""IDA"", ""IMP"", ""IBA"", ""NAS""], [], [], [], [""IMP""], [""IEA""], [], [], [], [""IMP"", ""ISS"", ""IEA""], [], [], [], [], [], [], [""IMP""], [], [], [], [], [""IDA"", ""IEA""], [""IMP"", ""IBA""], [], [], [""IDA"", ""IMP"", ""IBA"", ""TAS"", ""NAS"", ""IEA""], [], [""IMP"", ""IBA"", ""NAS""], [], [], [], [], [], [], [], [], [], [], [""IMP""], [], [], [""IEA""], [""IMP"", ""IBA"", ""TAS"", ""IEA""], [], [], [], [], [], [], [], [], [], [], [], [], [], [], [], [], [""IMP""], [], [], [], [""IDA"", ""IMP"", ""IBA"", ""NAS"", ""IEA""], [], [], [], [], [], [], [], [], [], [], [], [""IBA"", ""NAS""], [], [], [], [], [], [], [], [], [], [], [], [], [], [], [], [], [], [], [], [], [], [], [], [], [], [], [], [], [], [], [], [], [], [], [], [], [], [], [""NAS"", ""IEA""], [], [""IMP""], [], [], [], [], [], [], [], [], [], [], [], [], [], [], [], [], [], [], [], [], [], [], []]",chromosome segregation,GO:0007059,7.59503157004463e-18,"[""GO:0022402""]",0.185,query_1,200,0.12585034013605442,True,GO:BP,294,2525,26,Vorinostat,all_selected,81620 | 9133 | 24137 | 7272 | 23397 | 57405 | 1894 | 5347 | 146909 | 11130 | 56992 | 220134 | 9055 | 79019 | 55355 | 4085 | 4288 | 55143 | 11339 | 11065 | 1063 | 5901 | 6790 | 9319 | 10460 | 22974 | 891 | 10403 | 3833 | 26112 | 259266 | 699 | 3835 | 701 | 9787 | 55839 | 23212,IMP | IEA | IBA | IDA | TAS | ISO | NAS | ISS,1.0
"""Any process that modulates the frequency, rate or extent of mitotic sister chromatid separation. Mitotic sister chromatid separation is the process in which sister chromatids are physically detached from each other during mitosis."" [GOC:dph, GOC:tb]",11154,14450,15,"[[], [], [], [], [], [], [], [], [], [], [], [], [""IDA"", ""IBA"", ""TAS"", ""IEA""], [], [], [""NAS""], [], [], [""IMP""], [], [], [], [], [], [], [""IDA"", ""IBA""], [], [], [""IMP""], [], [], [], [], [], [], [], [], [], [], [], [], [], [], [""IDA"", ""IBA"", ""NAS"", ""IEA""], [], [], [], [""NAS""], [], [], [], [], [], [], [], [], [], [], [], [""IDA""], [""NAS""], [], [], [], [], [], [], [], [], [""IMP""], [], [], [], [], [], [], [], [], [], [], [], [], [""IMP""], [], [], [""IMP"", ""NAS""], [], [], [], [], [], [], [], [], [], [], [], [], [], [], [], [], [""IMP"", ""IBA"", ""TAS"", ""IEA""], [], [], [], [], [], [], [], [], [], [], [], [], [], [], [], [], [], [], [], [], [""IDA"", ""IMP"", ""IBA"", ""NAS"", ""IEA""], [], [], [], [], [], [], [], [], [], [], [], [""NAS""], [], [], [], [], [], [], [], [], [], [], [], [], [], [], [], [], [], [], [], [], [], [], [], [], [], [], [], [], [], [], [], [], [], [], [], [], [], [], [], [], [], [], [], [], [], [], [], [], [], [], [], [], [], [], [], [], [], [], [], [], [], [], [], []]",regulation of mitotic sister chromatid separation,GO:0010965,3.620930887323087e-13,"[""GO:0051306"", ""GO:1905818""]",0.075,query_1,200,0.3191489361702128,True,GO:BP,47,4327,26,Vorinostat,all_selected,7272 | 57405 | 5347 | 11130 | 220134 | 4085 | 55143 | 11065 | 1063 | 9319 | 891 | 10403 | 699 | 701 | 9787,IDA | IBA | TAS | IEA | NAS | IMP,2.0
"""Any process that modulates the rate or extent of progression through the cell cycle."" [GOC:ai, GOC:dph, GOC:tb]",11154,23108,48,"[[], [], [""IDA"", ""IBA"", ""IEA""], [], [], [], [], [], [""IMP""], [], [], [], [""IDA"", ""IBA"", ""TAS"", ""IEA""], [""ISO"", ""IEA""], [], [""NAS""], [], [""IDA"", ""IMP"", ""IEA""], [""IDA"", ""IMP"", ""TAS"", ""IEA""], [""IDA"", ""IBA"", ""IEA""], [], [], [], [], [], [""IDA"", ""ISS"", ""IBA"", ""IEA""], [], [], [""IMP""], [""IDA""], [], [], [""NAS""], [], [], [""IMP""], [], [], [""IDA"", ""IMP"", ""IEA""], [], [], [], [], [""IDA"", ""IMP"", ""IBA"", ""NAS"", ""IEA""], [""IMP""], [], [""IDA"", ""IBA""], [""NAS""], [""IDA""], [""IMP""], [], [], [], [], [], [], [], [], [""ISS"", ""IEA""], [""IDA"", ""IMP"", ""IBA""], [""IMP"", ""IBA"", ""NAS""], [], [], [], [], [""ISS"", ""IBA"", ""TAS""], [], [], [], [""IMP"", ""IBA""], [""IBA"", ""IEA""], [""IMP""], [], [], [], [], [""IMP""], [], [], [], [], [""ISS"", ""IEA""], [""IDA"", ""IMP"", ""IEA""], [], [], [""IMP"", ""NAS""], [], [], [], [], [], [], [], [], [], [], [], [], [], [], [], [""IEA""], [""IDA"", ""IMP"", ""IBA"", ""TAS"", ""IEA""], [], [], [], [], [""ISS"", ""IEA""], [], [], [], [], [], [], [], [], [], [""ISS"", ""IEA""], [], [], [], [], [], [""IDA"", ""IMP"", ""IBA"", ""NAS"", ""IEA""], [], [], [], [], [""IDA""], [], [], [], [""IMP""], [], [], [""IBA"", ""NAS""], [""IDA""], [], [], [], [], [], [], [""IBA"", ""IEA""], [], [], [], [], [], [""IDA"", ""IBA"", ""TAS""], [], [], [], [], [], [], [], [], [], [], [""IBA""], [], [], [], [""IMP""], [], [], [""IDA""], [], [], [], [], [], [], [], [], [], [], [], [""IDA"", ""IEA""], [], [], [""IDA""], [], [], [], [], [], [""NAS"", ""IEA""], [], [], [], [], [], [], [], [], [], [], []]",regulation of cell cycle,GO:0051726,4.946936671450656e-12,"[""GO:0007049"", ""GO:0050794""]",0.24,query_1,200,0.06030150753768844,True,GO:BP,796,12985,26,Vorinostat,all_selected,81620 | 2305 | 7272 | 23397 | 57405 | 1894 | 5347 | 1019 | 11130 | 220134 | 9055 | 5888 | 80179 | 10733 | 4085 | 11170 | 4288 | 55143 | 6241 | 2237 | 388 | 11065 | 1063 | 6790 | 9319 | 1028 | 6839 | 10460 | 22974 | 891 | 10403 | 259266 | 699 | 3164 | 10370 | 701 | 7023 | 23481 | 9787 | 55771 | 4616 | 9088 | 8914 | 3297 | 10112 | 4303 | 55226 | 675,IDA | IBA | IEA | IMP | TAS | ISO | NAS | ISS,3.0
"""A process that is carried out at the cellular level which results in the assembly, arrangement of constituent parts, or disassembly of the microtubule spindle during a mitotic cell cycle."" [GOC:go_curators, GOC:mah]",11154,12641,15,"[[], [], [], [], [], [], [], [], [], [], [""IMP"", ""IBA""], [], [""TAS""], [], [], [""IMP""], [], [], [""IDA"", ""IBA"", ""TAS""], [], [], [], [], [], [], [], [""ISS""], [], [], [""IBA"", ""TAS""], [], [], [], [], [], [], [], [], [], [], [], [], [], [], [], [], [], [""NAS""], [], [], [], [], [], [], [], [], [], [], [], [], [], [], [], [], [""TAS""], [""IBA"", ""IEA""], [], [], [], [], [], [], [], [], [], [], [""IMP"", ""IEA""], [], [], [], [], [""IDA"", ""ISS"", ""IEA""], [""IMP""], [], [], [""IMP""], [], [""IMP"", ""IBA""], [], [], [], [], [], [], [], [], [], [], [], [], [], [], [], [], [], [], [], [], [], [], [], [], [], [], [], [], [], [], [], [], [], [], [], [], [], [], [], [], [], [], [], [], [], [], [], [""IBA""], [], [], [], [], [], [], [], [], [], [], [], [], [], [], [], [], [], [], [], [], [], [], [], [], [], [], [], [], [], [], [], [], [], [], [], [], [], [], [], [], [], [], [], [], [], [], [], [], [], [], [], [], [], [], [], [], [], [], [], [], [], [], [], []]",mitotic spindle organization,GO:0007052,1.6845266041837083e-08,"[""GO:0007051"", ""GO:1902850""]",0.075,query_1,200,0.1485148514851485,True,GO:BP,101,2518,26,Vorinostat,all_selected,24137 | 7272 | 57405 | 5347 | 56992 | 9055 | 55143 | 5901 | 6790 | 10460 | 22974 | 891 | 10403 | 3833 | 9787,IMP | IBA | TAS | IDA | ISS | NAS | IEA,4.0
"""Any process in which a chromosome is transported to, or maintained in, a specific location."" [GOC:ai]",11154,22452,14,"[[], [], [""IMP""], [], [], [], [], [], [], [], [], [], [""IDA""], [], [], [""IDA""], [], [""IMP""], [], [], [], [], [], [], [], [""ISS""], [], [], [""IDA"", ""IMP""], [], [], [], [], [], [], [], [], [], [], [], [], [], [], [], [], [], [], [""IMP"", ""NAS""], [], [], [], [], [], [], [], [], [], [], [], [], [""IDA"", ""IBA""], [], [], [], [], [], [], [], [], [], [], [], [], [], [], [], [], [], [], [], [], [], [""IMP"", ""IBA""], [], [], [""IDA"", ""IMP"", ""IBA"", ""IEA""], [], [""IMP""], [], [], [], [], [], [], [], [], [], [], [], [], [], [], [], [], [], [], [], [], [], [], [], [], [], [], [], [], [], [], [], [""IMP""], [], [], [], [], [], [], [], [], [], [], [], [], [], [], [], [""NAS""], [], [], [], [], [], [], [], [], [], [], [], [], [], [], [], [], [], [], [], [], [], [], [], [], [], [], [], [], [], [], [], [], [], [], [], [], [], [], [], [], [""IMP""], [], [], [], [], [], [], [], [], [], [], [], [], [], [], [], [], [], [], [], [], [], [], []]",chromosome localization,GO:0050000,2.205244234289468e-08,"[""GO:0051640""]",0.07,query_1,200,0.16091954022988506,True,GO:BP,87,12329,26,Vorinostat,all_selected,81620 | 7272 | 57405 | 1894 | 11130 | 220134 | 55143 | 1063 | 891 | 10403 | 3833 | 3835 | 9787 | 23212,IMP | IDA | ISS | NAS | IBA | IEA,5.0
"""A structure composed of a very long molecule of DNA and associated proteins (e.g. histones) that carries hereditary information."" [ISBN:0198547684]",11154,34948,72,"[[], [], [""IDA"", ""IEA""], [""IDA"", ""IPI"", ""HDA"", ""ISS"", ""TAS"", ""IEA""], [], [], [], [""ISA""], [""ISA""], [], [""IEA""], [], [""IBA"", ""IEA""], [""IDA"", ""ISO"", ""IBA"", ""NAS"", ""IEA""], [], [""IDA"", ""IPI"", ""IBA"", ""NAS"", ""IEA""], [], [], [""IDA"", ""IBA"", ""IEA""], [""IDA""], [""ISA""], [], [], [], [], [""IDA"", ""IBA"", ""NAS"", ""IEA""], [], [], [""IDA"", ""IPI"", ""IBA"", ""IEA""], [""IEA""], [], [""IDA"", ""IPI"", ""IBA"", ""IEA""], [""IDA"", ""ISS"", ""IBA"", ""IEA""], [], [""IPI"", ""IEA""], [], [], [], [""IEA""], [], [], [""IDA"", ""IBA"", ""IEA""], [""IPI"", ""HDA"", ""ISS"", ""TAS"", ""IEA""], [""IDA"", ""IBA"", ""IEA""], [], [], [""IDA"", ""IBA"", ""IEA""], [""IDA"", ""IBA"", ""IEA""], [], [""IDA"", ""HDA""], [], [""IEA""], [""NAS""], [""IDA"", ""IBA"", ""IEA""], [], [], [], [], [], [], [""IDA"", ""IBA"", ""TAS"", ""NAS"", ""IEA""], [""IDA""], [""IEA""], [], [""IDA""], [""IBA""], [], [], [], [""IBA""], [], [""IDA"", ""TAS"", ""IEA""], [], [], [], [""IDA""], [], [], [], [], [], [], [""IDA""], [], [], [""IDA"", ""IPI"", ""IBA"", ""TAS"", ""NAS"", ""IEA""], [""IDA"", ""IEA""], [], [], [], [], [], [], [], [], [], [], [], [], [""ISA"", ""IBA""], [], [], [""IDA"", ""IBA"", ""IEA""], [""IDA""], [""IDA""], [], [], [""ISS"", ""ISA"", ""IEA""], [""IDA""], [], [], [], [], [], [], [], [], [""ISS"", ""IEA""], [], [""TAS"", ""IEA""], [], [], [""ISA""], [""IDA"", ""IBA"", ""IEA""], [], [], [], [], [""ISA""], [], [], [""IBA""], [""IDA"", ""IEA""], [], [""IBA""], [], [], [""IDA"", ""IPI"", ""IBA"", ""IEA""], [], [""IPI"", ""ISS"", ""IBA"", ""IEA""], [""ISA""], [], [""IDA"", ""IPI"", ""IBA"", ""IEA""], [], [], [], [""ISA""], [], [], [], [], [], [], [], [], [], [], [], [""IBA""], [""IDA"", ""ISA""], [""IDA"", ""IBA"", ""IEA""], [], [""ISA""], [], [""IDA"", ""ISA"", ""IEA""], [], [], [], [], [], [""IDA"", ""IEA""], [], [], [], [""IPI"", ""IEA""], [], [""IDA""], [], [], [""ISA""], [""ISA""], [], [""HDA""], [""IEA""], [], [], [], [], [""IDA"", ""IEA""], [], [], [], [], [], [], [], [""IPI"", ""HDA"", ""ISS"", ""IEA""], [""IEA""], [], []]",chromosome,GO:0005694,7.932801289875388e-16,"[""GO:0043232""]",0.36,query_1,200,0.05290227773695812,True,GO:CC,1361,279,13,Vorinostat,all_selected,81620 | 4171 | 6943 | 2305 | 24137 | 7272 | 23397 | 57405 | 5347 | 1019 | 2354 | 11130 | 220134 | 9055 | 5427 | 5888 | 79019 | 10733 | 55355 | 4176 | 4085 | 4288 | 55143 | 2237 | 54821 | 55215 | 11339 | 1063 | 79228 | 55247 | 5901 | 6790 | 9319 | 6839 | 79080 | 891 | 10403 | 8099 | 4306 | 699 | 705 | 8568 | 3164 | 10036 | 10370 | 3835 | 2353 | 701 | 7023 | 11169 | 23481 | 4675 | 5424 | 51659 | 4783 | 23649 | 23051 | 3182 | 64344 | 8914 | 4929 | 3297 | 10721 | 55839 | 23212 | 4303 | 8013 | 55226 | 57658 | 675 | 4174 | 1786,IDA | IEA | IPI | HDA | ISS | TAS | ISA | IBA | ISO | NAS,1.0
"""Any subdivision of a chromosome along its length."" [GOC:dos]",11154,37842,32,"[[], [], [""IDA"", ""IEA""], [""HDA""], [], [], [], [], [], [], [], [], [""IBA"", ""IEA""], [], [], [""IDA"", ""IPI"", ""IBA"", ""NAS"", ""IEA""], [], [], [""IDA"", ""IBA"", ""IEA""], [], [], [], [], [], [], [""IDA"", ""IBA"", ""NAS"", ""IEA""], [], [], [""IDA"", ""IPI"", ""IBA"", ""IEA""], [], [], [], [""IDA"", ""IEA""], [], [""IPI"", ""IEA""], [], [], [], [], [], [], [""IDA"", ""IBA"", ""IEA""], [""HDA""], [""IDA"", ""IBA"", ""IEA""], [], [], [], [""IDA"", ""IBA"", ""IEA""], [], [""IDA"", ""HDA""], [], [""IEA""], [], [""IBA"", ""IEA""], [], [], [], [], [], [], [""IDA"", ""IBA"", ""TAS"", ""IEA""], [""IDA""], [], [], [], [""IBA""], [], [], [], [], [], [""IEA""], [], [], [], [], [], [], [], [], [], [], [""IDA""], [], [], [""IDA"", ""IPI"", ""IBA"", ""TAS"", ""NAS"", ""IEA""], [], [], [], [], [], [], [], [], [], [], [], [], [], [], [], [], [""IDA"", ""IBA"", ""IEA""], [], [], [], [], [], [], [], [], [], [], [], [], [], [], [], [], [""TAS""], [], [], [], [""IDA"", ""IBA"", ""IEA""], [], [], [], [], [], [], [], [], [], [], [], [], [], [""IDA""], [], [], [], [], [], [], [], [], [], [], [], [], [], [], [], [], [], [], [], [], [], [], [], [], [], [], [""IDA"", ""IEA""], [], [], [], [], [], [], [], [], [], [""IPI"", ""IEA""], [], [], [], [], [], [], [], [""HDA""], [], [], [], [], [], [""IDA""], [], [], [], [], [], [], [], [""HDA""], [""IEA""], [], []]",chromosomal region,GO:0098687,1.005509436278546e-14,"[""GO:0005694"", ""GO:0110165""]",0.16,query_1,200,0.11307420494699646,True,GO:CC,283,3173,13,Vorinostat,all_selected,81620 | 4171 | 7272 | 57405 | 5347 | 11130 | 220134 | 5888 | 79019 | 55355 | 4176 | 4085 | 55143 | 2237 | 54821 | 11339 | 1063 | 79228 | 6790 | 6839 | 891 | 10403 | 699 | 3835 | 701 | 5424 | 3297 | 55839 | 55226 | 675 | 4174 | 1786,IDA | IEA | HDA | IBA | IPI | NAS | TAS,2.0
"""The region of a kinetochore most external to centromeric DNA; this outer region mediates kinetochore-microtubule interactions."" [GOC:clt, PMID:11483983]",11154,34799,9,"[[], [], [], [], [], [], [], [], [], [], [], [], [], [], [], [""IDA"", ""IPI"", ""IBA"", ""IEA""], [], [], [""IDA""], [], [], [], [], [], [], [""IDA""], [], [], [""IDA"", ""IBA""], [], [], [], [], [], [], [], [], [], [], [], [], [], [], [], [], [], [], [], [], [], [], [], [], [], [], [], [], [], [], [], [""IDA"", ""TAS""], [], [], [], [], [], [], [], [], [], [], [], [], [], [], [], [], [], [], [], [], [], [""IDA""], [], [], [""IDA"", ""IPI"", ""IBA"", ""IEA""], [], [], [], [], [], [], [], [], [], [], [], [], [], [], [], [], [""IDA""], [], [], [], [], [], [], [], [], [], [], [], [], [], [], [], [], [], [], [], [], [""IDA"", ""IEA""], [], [], [], [], [], [], [], [], [], [], [], [], [], [], [], [], [], [], [], [], [], [], [], [], [], [], [], [], [], [], [], [], [], [], [], [], [], [], [], [], [], [], [], [], [], [], [], [], [], [], [], [], [], [], [], [], [], [], [], [], [], [], [], [], [], [], [], [], [], [], [], [], [], [], [], []]",outer kinetochore,GO:0000940,8.258961011597812e-12,"[""GO:0000776"", ""GO:0032991""]",0.045,query_1,200,0.6923076923076923,True,GO:CC,13,130,13,Vorinostat,all_selected,57405 | 5347 | 11130 | 220134 | 1063 | 891 | 10403 | 699 | 701,IDA | IPI | IBA | IEA | TAS,3.0
"""The array of microtubules and associated molecules that forms between opposite poles of a eukaryotic cell during mitosis or meiosis and serves to move the duplicated chromosomes apart."" [ISBN:0198547684]",11154,35027,24,"[[], [], [], [], [], [], [], [], [], [], [""TAS"", ""IEA""], [], [""TAS""], [], [], [], [], [""IDA"", ""IEA""], [""IDA"", ""IBA"", ""IEA""], [], [], [], [""IDA"", ""IBA""], [], [], [], [""ISS"", ""IEA""], [], [""IDA"", ""IBA"", ""IEA""], [""IDA"", ""IBA"", ""TAS"", ""IEA""], [], [], [], [], [], [], [], [], [], [], [], [], [], [""IDA"", ""IEA""], [], [], [], [""IBA"", ""IEA""], [], [], [], [], [], [], [], [], [], [], [], [], [""IDA"", ""IBA"", ""IEA""], [], [], [], [], [""IDA"", ""IBA"", ""TAS"", ""IEA""], [], [], [], [], [], [], [], [], [], [], [""IDA"", ""IEA""], [], [], [], [], [""IDA"", ""ISS"", ""TAS"", ""IEA""], [""IDA""], [], [], [], [], [""IBA"", ""IEA""], [], [], [], [], [], [], [], [], [], [], [""IDA"", ""IEA""], [], [], [""IDA"", ""IEA""], [], [], [], [], [], [], [], [], [], [], [], [], [], [], [], [], [], [""IDA"", ""IEA""], [], [], [], [""IDA""], [], [], [], [], [], [], [], [], [], [], [], [""IDA"", ""IBA"", ""IEA""], [], [], [], [], [], [], [], [], [], [], [], [], [], [], [], [], [], [], [], [], [], [], [], [], [], [], [], [], [""IDA"", ""IEA""], [], [], [""IDA"", ""IEA""], [], [], [], [], [], [], [], [], [], [], [], [], [], [], [], [], [], [], [], [], [], [], [""IDA"", ""IEA""], [], [], [], [], [], [], [], [], []]",spindle,GO:0005819,3.1497335619882816e-08,"[""GO:0015630"", ""GO:0043232""]",0.12,query_1,200,0.07868852459016394,True,GO:CC,305,358,13,Vorinostat,all_selected,24137 | 7272 | 1894 | 5347 | 146909 | 56992 | 220134 | 9055 | 4085 | 55143 | 1063 | 6790 | 10460 | 22974 | 891 | 3833 | 26112 | 259266 | 3835 | 701 | 9787 | 3297 | 10112 | 26586,TAS | IEA | IDA | IBA | ISS,4.0
"""A cellular component that consists of an indeterminate number of proteins or macromolecular complexes, organized into a regular, higher-order structure such as a polymer, sheet, network or a fiber."" [GOC:dos]",11154,37937,50,"[[], [""ISS""], [""IDA"", ""IEA""], [], [""IEA""], [], [], [], [], [], [""TAS"", ""IEA""], [], [""IBA"", ""IEA""], [], [], [""IDA"", ""IPI"", ""IBA"", ""NAS"", ""IEA""], [], [], [""IDA"", ""IBA"", ""IEA""], [], [], [""IDA"", ""IBA"", ""IEA""], [""IDA"", ""IBA"", ""IEA""], [], [], [""IDA"", ""IBA"", ""NAS"", ""IEA""], [""IBA"", ""IEA""], [], [""IDA"", ""IPI"", ""IBA"", ""IEA""], [""TAS"", ""IEA""], [], [], [], [], [""IPI"", ""IEA""], [], [], [], [], [], [], [""IDA""], [], [""IDA"", ""IBA"", ""IEA""], [""IDA""], [], [], [], [], [], [], [""IEA""], [], [""IDA""], [], [], [], [], [], [], [""IDA"", ""TAS"", ""IEA""], [""IDA"", ""IEA""], [], [], [], [""IDA"", ""IBA"", ""IEA""], [], [], [""IEA""], [], [], [], [""IDA""], [], [], [], [], [], [], [""IDA"", ""IEA""], [], [""IEA""], [""IDA""], [], [], [""IDA"", ""IPI"", ""IBA"", ""NAS"", ""IEA""], [], [""IBA"", ""IEA""], [], [], [], [], [], [], [], [""IDA"", ""IEA""], [], [""ISS"", ""IEA""], [], [], [], [""IDA"", ""IEA""], [""IDA"", ""IBA"", ""IEA""], [], [], [], [], [""IDA""], [], [], [""IDA""], [], [], [], [], [], [], [], [], [""IDA"", ""IBA"", ""TAS"", ""IEA""], [], [], [], [""IDA"", ""IBA"", ""IEA""], [], [], [], [], [], [], [], [], [], [], [], [], [], [], [], [], [], [], [], [], [], [], [], [], [], [], [""IDA"", ""IEA""], [], [], [], [], [], [""IDA"", ""IBA""], [], [""IEA""], [""IEA""], [], [], [""IDA""], [], [""IDA"", ""IEA""], [], [], [""IBA"", ""IEA""], [], [], [], [], [], [], [""IPI"", ""IEA""], [], [], [], [], [""IDA""], [], [], [], [], [], [], [""TAS""], [""IDA""], [], [], [""IEA""], [], [""IEA""], [], [], [], [], [], [], []]",supramolecular complex,GO:0099080,1.0510153158325268e-06,"[""GO:0110165""]",0.25,query_1,200,0.03955696202531646,True,GO:CC,1264,3268,13,Vorinostat,all_selected,10516 | 81620 | 84823 | 24137 | 7272 | 57405 | 5347 | 51512 | 146909 | 11130 | 56992 | 220134 | 9055 | 79019 | 55355 | 4085 | 11170 | 54821 | 11339 | 1063 | 79228 | 6790 | 4001 | 79728 | 1285 | 22974 | 891 | 10403 | 3833 | 11080 | 8425 | 259266 | 699 | 3164 | 57109 | 3835 | 701 | 23345 | 11338 | 3182 | 64344 | 4929 | 3297 | 10112 | 55839 | 4303 | 10915 | 1979 | 26586 | 9817,ISS | IDA | IEA | TAS | IBA | IPI | NAS,5.0
"""Binding to a microtubule, a filament composed of tubulin monomers."" [GOC:krc]",11154,1486,14,"[[], [], [], [], [], [], [], [], [], [], [""IEA""], [], [], [], [], [], [], [], [""IDA""], [], [], [""IBA""], [""IBA"", ""IEA""], [], [], [], [""IBA"", ""IEA""], [], [""IDA"", ""IBA"", ""IEA""], [""IBA"", ""IEA""], [], [], [], [], [], [], [], [], [], [], [], [], [], [], [], [], [], [], [], [], [], [], [], [], [], [], [], [], [], [], [""IEA""], [], [], [], [], [], [], [], [], [], [], [], [], [], [], [], [], [], [], [], [], [], [], [], [], [""IMP""], [], [""IBA"", ""IEA""], [], [], [], [], [], [], [], [], [], [], [""IBA""], [], [], [], [], [], [], [], [], [], [], [], [], [], [], [], [], [], [], [], [], [""IBA"", ""IEA""], [], [], [], [], [], [], [], [], [], [], [], [], [], [], [], [""IBA""], [], [], [], [], [], [], [], [], [], [], [], [], [], [], [], [], [], [], [], [], [], [], [], [], [], [], [], [], [], [], [], [""IBA"", ""IEA""], [], [], [], [], [], [], [], [], [], [], [], [], [], [], [], [], [], [], [], [], [], [], [], [], [], [], [], [], [], [], [], []]",microtubule binding,GO:0008017,0.0010591911931940035,"[""GO:0015631""]",0.07,query_1,200,0.07692307692307693,True,GO:MF,182,1486,4,Vorinostat,all_selected,24137 | 5347 | 51512 | 146909 | 56992 | 220134 | 9055 | 1063 | 10403 | 3833 | 26112 | 3835 | 9787 | 10112,IEA | IDA | IBA | IMP,1.0
"""Catalysis of a reaction that alters the macromolecular conformation of a molecule."" [EC:5.6.-.-]",11154,9119,15,"[[], [], [], [""IBA"", ""IEA""], [], [], [], [], [], [], [""IBA"", ""TAS"", ""IEA""], [], [], [], [], [], [], [], [], [], [], [], [""IBA"", ""IEA""], [], [], [], [""ISS"", ""IBA"", ""IEA""], [], [], [], [], [], [""IDA"", ""IMP""], [], [], [""IBA"", ""IEA""], [], [], [], [], [], [], [""IDA"", ""IBA"", ""IEA""], [], [], [], [], [], [], [], [], [""IEA""], [], [], [], [], [], [], [], [], [], [], [], [], [], [], [], [], [], [], [], [], [], [], [], [], [], [], [], [], [], [], [], [], [], [], [], [""IBA"", ""NAS"", ""IEA""], [], [], [], [], [], [], [], [], [], [], [], [], [], [], [], [], [], [""TAS"", ""IEA""], [], [], [], [], [], [], [], [], [], [], [], [], [], [""IBA"", ""TAS"", ""IEA""], [], [], [], [], [], [], [], [], [], [], [], [], [], [], [], [], [], [], [""IDA"", ""IEA""], [], [], [], [], [], [], [], [], [], [], [], [], [], [], [], [], [], [], [], [], [], [], [], [], [], [], [], [], [""IBA"", ""IEA""], [], [], [""IDA"", ""IEA""], [], [], [], [], [], [], [], [], [], [], [], [], [], [], [], [], [], [], [], [], [], [], [], [], [], [""IBA"", ""IEA""], [], [], []]",macromolecular conformation isomerase activity,GO:0120543,0.00134288912905345,"[""GO:0016853""]",0.075,query_1,200,0.06912442396313365,True,GO:MF,217,9119,1,Vorinostat,all_selected,4171 | 24137 | 146909 | 56992 | 5888 | 80179 | 4176 | 54821 | 3833 | 54606 | 3835 | 8438 | 10112 | 10721 | 4174,IBA | IEA | TAS | ISS | IDA | IMP | NAS,2.0
"""Binding to a DNA polymerase."" [GOC:BHF, GOC:mah]",11154,7889,5,"[[], [], [""IBA""], [], [], [], [], [], [], [], [], [], [], [], [], [], [], [], [], [], [], [], [], [], [], [], [], [], [], [], [], [], [""IPI""], [], [], [], [], [], [], [], [], [], [], [], [], [], [], [], [], [], [], [], [""IPI"", ""IBA""], [], [], [], [], [], [], [], [], [], [], [], [], [], [], [], [], [], [], [], [], [], [], [], [], [], [], [], [], [], [], [], [], [], [""IPI""], [], [], [], [], [], [], [], [], [], [], [], [], [], [], [], [], [], [], [], [], [], [], [], [], [], [], [], [], [], [], [], [], [], [], [], [], [], [], [], [], [], [], [], [], [], [], [], [], [], [], [], [], [], [], [], [], [], [], [], [], [], [], [], [], [], [], [], [], [], [], [], [], [], [], [], [], [], [], [], [], [], [], [], [], [], [], [], [], [], [], [], [], [], [], [], [""IPI""], [], [], [], [], [], [], [], [], [], [], [], [], [], [], [], [], []]",DNA polymerase binding,GO:0070182,0.0016465781389291274,"[""GO:0019899""]",0.025,query_1,200,0.2777777777777778,True,GO:MF,18,7889,7,Vorinostat,all_selected,81620 | 5888 | 55215 | 8099 | 55226,IBA | IPI,3.0
"""Catalysis of the reaction: ATP + H2O = ADP + phosphate, in the presence of single-stranded DNA; drives the unwinding of a DNA helix."" [GOC:jl]",11154,3058,7,"[[], [], [], [""IBA"", ""IEA""], [], [], [], [], [], [], [], [], [], [], [], [], [], [], [], [], [], [], [], [], [], [], [], [], [], [], [], [], [""IDA"", ""IMP""], [], [], [], [], [], [], [], [], [], [""IBA"", ""IEA""], [], [], [], [], [], [], [], [], [""IEA""], [], [], [], [], [], [], [], [], [], [], [], [], [], [], [], [], [], [], [], [], [], [], [], [], [], [], [], [], [], [], [], [], [], [], [], [], [], [], [], [], [], [], [], [], [], [], [], [], [], [], [], [], [], [], [], [], [], [], [], [], [], [], [], [], [], [], [], [], [], [], [], [], [], [], [], [], [], [], [], [], [], [], [], [], [], [], [""IEA""], [], [], [], [], [], [], [], [], [], [], [], [], [], [], [], [], [], [], [], [], [], [], [], [], [], [], [], [], [], [], [], [""IDA""], [], [], [], [], [], [], [], [], [], [], [], [], [], [], [], [], [], [], [], [], [], [], [], [], [], [""IBA"", ""IEA""], [], [], []]",single-stranded DNA helicase activity,GO:0017116,0.0017437977913262843,"[""GO:0003678""]",0.035,query_1,200,0.15217391304347827,True,GO:MF,46,3058,1,Vorinostat,all_selected,4171 | 5888 | 4176 | 54821 | 8438 | 10721 | 4174,IBA | IEA | IDA | IMP,4.0
"""Any molecular function by which a gene product interacts selectively and non-covalently with DNA (deoxyribonucleic acid)."" [GOC:dph, GOC:jl, GOC:tb, GOC:vw]",11154,312,50,"[[], [], [""ISS"", ""IBA"", ""IEA""], [""IBA"", ""TAS"", ""IEA""], [], [], [], [""IDA"", ""ISS"", ""IBA"", ""IEA""], [""IDA"", ""IBA"", ""TAS"", ""IEA""], [], [""IEA""], [], [], [], [""IDA"", ""IEA""], [], [], [], [], [], [""IDA"", ""IBA"", ""TAS"", ""IEA""], [], [], [], [], [], [], [], [], [], [], [""IEA""], [""IDA"", ""IMP"", ""IBA"", ""IEA""], [], [], [], [], [], [], [], [""IEA""], [""IEA""], [""IDA"", ""ISS"", ""TAS"", ""IEA""], [], [], [], [""IEA""], [], [], [""IMP"", ""TAS"", ""IEA""], [], [""IEA""], [""IEA""], [], [], [], [""IBA"", ""IEA""], [], [], [], [], [], [""IDA"", ""ISS"", ""IEA""], [], [], [], [], [], [""IEA""], [], [], [""ISS""], [""IDA"", ""IBA"", ""IEA""], [], [], [], [], [], [], [], [], [], [], [], [""IEA""], [], [], [], [], [], [], [], [], [], [], [], [], [], [], [""IDA"", ""IBA"", ""IEA""], [], [], [], [], [], [], [], [""IDA"", ""ISS"", ""IBA"", ""TAS"", ""IEA""], [], [], [""IDA""], [], [], [], [""IEA""], [], [], [], [], [""TAS"", ""IEA""], [], [], [""IDA"", ""IMP"", ""IBA"", ""IEA""], [], [], [], [], [], [""IDA"", ""IBA"", ""IEA""], [], [], [""TAS"", ""IEA""], [], [], [], [], [], [""IDA"", ""TAS"", ""IEA""], [""IDA"", ""IEA""], [], [""IDA"", ""IEA""], [], [""IEA""], [], [""IBA""], [], [""IEA""], [], [], [], [], [], [], [], [], [], [], [""EXP""], [""IEA""], [""IDA"", ""IBA"", ""IEA""], [""IBA""], [], [""IDA"", ""IBA"", ""TAS"", ""IEA""], [], [""IDA"", ""IEA""], [], [], [], [], [], [""TAS"", ""IEA""], [], [], [], [], [], [], [], [], [""IDA"", ""IMP"", ""IBA"", ""IEA""], [""ISS"", ""IBA"", ""NAS"", ""IEA""], [], [], [""IDA""], [], [], [], [], [""IDA"", ""IEA""], [], [], [""IDA"", ""IEA""], [], [], [], [], [""IBA"", ""IEA""], [""IDA"", ""IBA"", ""IEA""], [], []]",DNA binding,GO:0003677,0.0038357723096563243,"[""GO:0003676""]",0.25,query_1,200,0.031191515907673113,True,GO:MF,1603,312,2,Vorinostat,all_selected,81620 | 4171 | 6943 | 2305 | 24137 | 8427 | 2354 | 5427 | 5888 | 55734 | 55355 | 4176 | 4288 | 2237 | 54821 | 55215 | 55422 | 55247 | 4001 | 6839 | 79728 | 3068 | 4306 | 3164 | 57109 | 22827 | 3835 | 2353 | 7023 | 11169 | 5424 | 8438 | 4783 | 23649 | 57116 | 23051 | 6626 | 3182 | 64344 | 8914 | 4929 | 3297 | 10721 | 4303 | 8013 | 57658 | 675 | 63876 | 4174 | 1786,ISS | IBA | IEA | TAS | IDA | IMP | EXP | NAS,5.0
Cell cycle,11154,39011,18,"[[], [], [""KEGG""], [""KEGG""], [], [], [], [], [], [""KEGG""], [], [], [""KEGG""], [], [], [], [], [], [""KEGG""], [""KEGG""], [], [], [], [], [], [], [], [], [], [], [], [], [], [], [], [], [], [], [], [""KEGG""], [], [], [""KEGG""], [""KEGG""], [], [], [], [], [], [], [], [], [], [], [], [], [], [], [], [], [], [], [], [], [], [], [], [], [], [""KEGG""], [""KEGG""], [], [], [], [], [], [], [], [], [], [], [], [""KEGG""], [], [], [""KEGG""], [], [], [], [], [], [], [], [], [], [], [], [], [], [], [], [], [""KEGG""], [], [], [], [], [], [], [], [], [], [], [], [], [], [], [], [], [], [], [], [], [""KEGG""], [], [], [], [], [], [], [], [], [], [], [], [], [], [], [], [], [], [], [], [""KEGG""], [], [], [], [], [], [""KEGG""], [], [], [], [], [], [], [], [], [], [], [], [], [], [], [], [], [], [], [], [], [], [], [], [], [], [], [], [], [], [], [], [], [], [], [], [], [], [], [], [], [], [], [], [], [], [], [""KEGG""], [], [], []]",Cell cycle,KEGG:04110,3.2889293746896682e-09,"[""KEGG:00000""]",0.09,query_1,200,0.13846153846153847,True,KEGG,130,273,46,Vorinostat,all_selected,81620 | 4171 | 9133 | 7272 | 5347 | 1019 | 890 | 4176 | 4085 | 9319 | 1028 | 891 | 10403 | 699 | 701 | 4616 | 9088 | 4174,KEGG,1.0
DNA replication,11154,38957,7,"[[], [], [], [""KEGG""], [], [], [], [], [], [], [], [], [], [], [], [], [], [], [], [], [], [], [], [], [], [], [], [], [], [], [], [""KEGG""], [], [], [], [], [], [], [], [], [], [], [""KEGG""], [], [], [], [], [], [], [""KEGG""], [], [], [], [], [], [], [], [], [], [], [], [], [], [], [], [], [], [], [], [], [], [], [], [], [], [], [], [], [], [], [], [], [], [], [], [], [], [], [], [], [], [], [], [], [], [], [], [], [], [], [], [], [], [], [], [], [], [], [], [], [], [], [], [], [], [], [], [], [], [], [], [], [], [], [], [], [], [], [], [], [], [], [], [], [], [], [], [""KEGG""], [], [], [], [], [""KEGG""], [], [], [], [], [], [], [], [], [], [], [], [], [], [], [], [], [], [], [], [], [], [], [], [], [], [], [], [], [], [], [], [], [], [], [], [], [], [], [], [], [], [], [], [], [], [], [], [], [], [], [], [], [], [""KEGG""], [], [], []]",DNA replication,KEGG:03030,0.00020963840250077463,"[""KEGG:00000""]",0.035,query_1,200,0.20588235294117646,True,KEGG,34,219,47,Vorinostat,all_selected,4171 | 5427 | 4176 | 2237 | 5424 | 23649 | 4174,KEGG,2.0
Progesterone-mediated oocyte maturation,11154,39123,9,"[[], [], [], [], [], [], [], [], [], [""KEGG""], [], [], [], [], [], [], [], [], [""KEGG""], [], [], [], [], [], [], [], [], [], [], [], [], [], [], [], [], [], [], [], [], [""KEGG""], [], [], [], [""KEGG""], [], [], [], [], [], [], [], [], [], [], [], [], [], [], [], [], [], [], [], [], [], [""KEGG""], [], [], [], [], [], [], [], [], [], [], [], [], [], [], [], [], [""KEGG""], [], [], [], [], [], [], [], [], [], [], [], [], [], [], [], [], [], [], [], [""KEGG""], [], [], [], [], [], [], [], [], [], [], [], [], [], [], [], [], [""KEGG""], [], [], [], [], [], [], [], [], [], [], [], [], [], [], [], [], [], [], [], [], [], [], [], [], [], [], [], [], [], [""KEGG""], [], [], [], [], [], [], [], [], [], [], [], [], [], [], [], [], [], [], [], [], [], [], [], [], [], [], [], [], [], [], [], [], [], [], [], [], [], [], [], [], [], [], [], [], [], [], [], [], [], []]",Progesterone-mediated oocyte maturation,KEGG:04914,0.0005278375668586439,"[""KEGG:00000""]",0.045,query_1,200,0.12,True,KEGG,75,385,48,Vorinostat,all_selected,9133 | 5347 | 890 | 4085 | 6790 | 891 | 699 | 3835 | 9088,KEGG,3.0
p53 signaling pathway,11154,39016,7,"[[], [], [], [], [], [], [], [], [], [""KEGG""], [], [], [], [], [], [], [], [], [], [""KEGG""], [], [""KEGG""], [], [], [], [], [], [], [], [], [], [], [], [], [], [], [], [], [], [], [], [], [], [], [], [], [], [], [""KEGG""], [], [], [], [], [], [], [], [], [], [], [], [], [], [], [], [], [], [], [], [], [], [], [], [], [], [], [], [], [], [], [], [], [], [""KEGG""], [], [], [], [], [], [], [], [], [], [], [], [""KEGG""], [], [], [], [], [], [], [], [], [], [], [], [], [], [], [], [], [], [], [], [], [], [], [], [], [], [], [], [], [], [], [], [], [], [], [], [], [], [], [], [], [], [], [], [], [], [], [], [], [""KEGG""], [], [], [], [], [], [], [], [], [], [], [], [], [], [], [], [], [], [], [], [], [], [], [], [], [], [], [], [], [], [], [], [], [], [], [], [], [], [], [], [], [], [], [], [], [], [], [], [], [], [], [], [], [], [], [], []]",p53 signaling pathway,KEGG:04115,0.007683194020406371,"[""KEGG:00000""]",0.035,query_1,200,0.109375,True,KEGG,64,278,49,Vorinostat,all_selected,9133 | 1019 | 51512 | 6241 | 891 | 842 | 4616,KEGG,4.0
Homologous recombination,11154,38985,5,"[[], [], [], [], [], [], [], [], [], [], [], [], [], [], [], [], [], [], [], [], [], [], [], [], [], [], [], [], [], [], [], [], [""KEGG""], [], [], [], [], [], [], [], [], [], [], [], [], [], [], [], [], [], [], [], [], [], [], [], [], [], [], [], [], [], [], [], [], [], [], [], [], [], [], [], [""KEGG""], [], [], [], [], [], [], [], [], [], [], [], [], [], [], [], [], [], [], [], [], [], [], [], [], [], [], [], [], [], [], [], [], [], [], [], [], [], [], [], [], [], [], [], [], [], [], [], [], [], [], [], [], [], [], [], [], [], [], [], [], [], [], [], [], [""KEGG""], [""KEGG""], [], [], [], [], [], [], [], [], [], [], [], [], [], [], [], [], [], [], [], [], [], [], [], [], [], [], [], [], [], [], [], [], [], [], [], [], [], [], [], [], [], [], [], [], [], [], [], [], [], [""KEGG""], [], [], [], [], [], [], [], [], [], [], []]",Homologous recombination,KEGG:03440,0.010486447492921847,"[""KEGG:00000""]",0.025,query_1,200,0.15625,True,KEGG,32,247,50,Vorinostat,all_selected,5888 | 79728 | 5424 | 8438 | 675,KEGG,5.0
Cell Cycle,11154,39661,46,"[[], [], [""REAC""], [""REAC""], [], [], [], [], [""REAC""], [""REAC""], [], [], [], [""REAC""], [], [""REAC""], [], [], [""REAC""], [""REAC""], [], [""REAC""], [], [], [], [""REAC""], [], [], [""REAC""], [], [], [""REAC""], [""REAC""], [], [""REAC""], [], [], [], [""REAC""], [""REAC""], [], [""REAC""], [""REAC""], [""REAC""], [], [], [], [""REAC""], [""REAC""], [""REAC""], [], [""REAC""], [], [""REAC""], [], [], [], [], [], [""REAC""], [""REAC""], [], [], [], [""REAC""], [""REAC""], [], [""REAC""], [""REAC""], [], [""REAC""], [], [], [], [], [], [], [], [""REAC""], [], [], [""REAC""], [""REAC""], [], [], [""REAC""], [], [], [], [], [], [], [], [], [], [], [], [], [], [], [], [], [""REAC""], [], [], [], [], [], [], [], [], [], [], [], [], [], [], [], [], [], [], [], [], [""REAC""], [], [], [], [], [], [], [], [], [], [], [], [], [], [""REAC""], [], [""REAC""], [], [], [""REAC""], [], [], [], [], [], [], [""REAC""], [""REAC""], [], [], [], [], [], [], [], [], [], [], [], [], [], [], [], [], [""REAC""], [], [], [], [], [], [], [""REAC""], [], [], [], [], [], [], [], [], [], [], [], [], [], [""REAC""], [], [], [], [], [], [], [], [""REAC""], [], [], []]",Cell Cycle,REAC:R-HSA-1640170,1.1345157823279156e-17,"[""REAC:0000000""]",0.23,query_1,200,0.09108910891089109,True,REAC,505,337,51,Vorinostat,all_selected,81620 | 4171 | 2305 | 9133 | 23397 | 57405 | 5347 | 1019 | 51512 | 11130 | 220134 | 5427 | 5888 | 79019 | 10733 | 890 | 55355 | 4176 | 4085 | 55143 | 6241 | 2237 | 54821 | 11339 | 11065 | 1063 | 5901 | 6790 | 5577 | 4001 | 1028 | 7298 | 22974 | 891 | 10403 | 699 | 701 | 5424 | 51659 | 23649 | 9088 | 23345 | 10112 | 55839 | 675 | 4174,REAC,1.0
Cell Cycle Checkpoints,11154,39662,22,"[[], [], [], [""REAC""], [], [], [], [], [], [""REAC""], [], [], [], [], [], [""REAC""], [], [], [""REAC""], [], [], [""REAC""], [], [], [], [""REAC""], [], [], [""REAC""], [], [], [], [], [], [""REAC""], [], [], [], [], [""REAC""], [], [], [""REAC""], [""REAC""], [], [], [], [""REAC""], [], [], [], [""REAC""], [], [], [], [], [], [], [], [""REAC""], [""REAC""], [], [], [], [], [], [], [], [], [], [], [], [], [], [], [], [], [], [], [], [], [], [""REAC""], [], [], [""REAC""], [], [], [], [], [], [], [], [], [], [], [], [], [], [], [], [], [""REAC""], [], [], [], [], [], [], [], [], [], [], [], [], [], [], [], [], [], [], [], [], [""REAC""], [], [], [], [], [], [], [], [], [], [], [], [], [], [], [], [], [], [], [], [], [], [], [], [], [], [""REAC""], [], [], [], [], [], [], [], [], [], [], [], [], [], [], [], [], [], [], [], [], [], [], [], [], [""REAC""], [], [], [], [], [], [], [], [], [], [], [], [], [], [], [], [], [], [], [], [], [], [""REAC""], [], [], []]",Cell Cycle Checkpoints,REAC:R-HSA-69620,5.007244659987536e-09,"[""REAC:R-HSA-1640170""]",0.11,query_1,200,0.10526315789473684,True,REAC,209,338,51,Vorinostat,all_selected,4171 | 9133 | 57405 | 5347 | 51512 | 11130 | 220134 | 79019 | 890 | 4176 | 4085 | 55143 | 54821 | 11065 | 1063 | 891 | 10403 | 699 | 701 | 9088 | 55839 | 4174,REAC,2.0
Polo-like kinase mediated events,11154,41164,6,"[[], [], [], [], [], [], [], [], [""REAC""], [""REAC""], [], [], [], [], [], [], [], [], [""REAC""], [], [], [], [], [], [], [], [], [], [], [], [], [], [], [], [], [], [], [], [], [], [], [], [], [], [], [], [], [], [], [], [], [], [], [], [], [], [], [], [], [], [""REAC""], [], [], [], [], [], [], [], [], [], [], [], [], [], [], [], [], [], [], [], [], [], [""REAC""], [], [], [], [], [], [], [], [], [], [], [], [], [], [], [], [], [], [], [], [], [], [], [], [], [], [], [], [], [], [], [], [], [], [], [], [], [], [], [], [], [], [], [], [], [], [], [], [], [], [], [], [], [], [], [], [], [], [], [], [], [], [], [], [], [], [], [""REAC""], [], [], [], [], [], [], [], [], [], [], [], [], [], [], [], [], [], [], [], [], [], [], [], [], [], [], [], [], [], [], [], [], [], [], [], [], [], [], [], [], [], [], [], [], [], [], [], [], [], []]",Polo-like kinase mediated events,REAC:R-HSA-156711,2.536274381509581e-06,"[""REAC:R-HSA-69275""]",0.03,query_1,200,0.46153846153846156,True,REAC,13,1840,51,Vorinostat,all_selected,2305 | 9133 | 5347 | 1063 | 891 | 9088,REAC,3.0
DNA strand elongation,11154,39793,7,"[[], [], [], [""REAC""], [], [], [], [], [], [], [], [], [], [], [], [], [], [], [], [], [], [], [], [], [], [], [], [], [], [], [], [], [], [], [], [], [], [], [], [], [], [], [""REAC""], [], [], [], [], [], [], [""REAC""], [], [], [], [], [], [], [], [], [], [], [], [], [], [], [], [], [], [], [], [], [], [], [], [], [], [], [], [], [], [], [], [], [], [], [], [], [], [], [], [], [], [], [], [], [], [], [], [], [], [], [], [], [], [], [], [], [], [], [], [], [], [], [], [], [], [], [], [], [], [], [], [], [], [], [], [], [], [], [], [], [], [], [], [], [], [], [], [""REAC""], [], [""REAC""], [], [], [""REAC""], [], [], [], [], [], [], [], [], [], [], [], [], [], [], [], [], [], [], [], [], [], [], [], [], [], [], [], [], [], [], [], [], [], [], [], [], [], [], [], [], [], [], [], [], [], [], [], [], [], [], [], [], [], [""REAC""], [], [], []]",DNA strand elongation,REAC:R-HSA-69190,4.560681899609521e-05,"[""REAC:R-HSA-69239""]",0.035,query_1,200,0.22580645161290322,True,REAC,31,469,51,Vorinostat,all_selected,4171 | 4176 | 2237 | 5424 | 51659 | 23649 | 4174,REAC,4.0
Activation of the pre-replicative complex,11154,39437,6,"[[], [], [""REAC""], [""REAC""], [], [], [], [], [], [], [], [], [], [], [], [], [], [], [], [], [], [], [], [], [], [], [], [], [], [], [], [""REAC""], [], [], [], [], [], [], [], [], [], [], [""REAC""], [], [], [], [], [], [], [], [], [], [], [], [], [], [], [], [], [], [], [], [], [], [], [], [], [], [], [], [], [], [], [], [], [], [], [], [], [], [], [], [], [], [], [], [], [], [], [], [], [], [], [], [], [], [], [], [], [], [], [], [], [], [], [], [], [], [], [], [], [], [], [], [], [], [], [], [], [], [], [], [], [], [], [], [], [], [], [], [], [], [], [], [], [], [], [], [], [], [], [], [""REAC""], [], [], [], [], [], [], [], [], [], [], [], [], [], [], [], [], [], [], [], [], [], [], [], [], [], [], [], [], [], [], [], [], [], [], [], [], [], [], [], [], [], [], [], [], [], [], [], [], [], [], [], [], [], [""REAC""], [], [], []]",Activation of the pre-replicative complex,REAC:R-HSA-68962,0.00016113514732085327,"[""REAC:R-HSA-69002"", ""REAC:R-HSA-69206""]",0.03,query_1,200,0.24,True,REAC,25,113,51,Vorinostat,all_selected,81620 | 4171 | 5427 | 4176 | 23649 | 4174,REAC,5.0
"""Any process that results in a change in state or activity of a cell or an organism (in terms of movement, secretion, enzyme production, gene expression, etc.) as a result of a stimulus arising within the organism."" [GOC:sm]",11154,13580,24,"[[], [], [], [""ISS"", ""IEA""], [], [""IEA""], [], [""IEA""], [], [""IEA""], [], [""ISS""], [], [], [], [], [], [], [""IMP""], [], [], [], [], [], [], [""IEA""], [], [""IDA""], [""TAS"", ""IEA""], [], [""IBA""], [""IEA""], [""IMP"", ""ISS"", ""IBA"", ""IEA""], [], [], [], [], [""IDA"", ""ISS"", ""IEA""], [], [], [], [""IDA"", ""IEA""], [], [], [""IBA""], [], [], [], [], [], [], [], [], [], [], [], [""IEA""], [], [""IMP""], [""ISS"", ""IBA"", ""IEA""], [""TAS"", ""IEA""], [], [], [""ISS""], [], [], [], [""IDA""], [""ISS"", ""IBA"", ""IEA""], [""ISS"", ""IEA""], [], [], [""IEA""], [], [], [], [], [], [], []]",response to endogenous stimulus,GO:0009719,0.001384147139785732,"[""GO:0050896""]",0.3,query_1,80,0.020100502512562814,True,GO:BP,1194,3457,8,Vorinostat,disease_down_drug_up,6943 | 2354 | 5730 | 210 | 11170 | 1028 | 842 | 3082 | 8425 | 4306 | 3030 | 3164 | 10370 | 2353 | 7078 | 2719 | 79746 | 4929 | 10628 | 5906 | 4303 | 8013 | 57658 | 1979,ISS | IEA | IMP | IDA | TAS | IBA,1.0
"""Any process that results in a change in state or activity of a cell or an organism (in terms of movement, secretion, enzyme production, gene expression, etc.) as a result of a steroid hormone stimulus."" [GOC:go_curators]",11154,22100,11,"[[], [], [], [""ISS"", ""IEA""], [], [""IEA""], [], [""IEA""], [], [""IEA""], [], [""ISS""], [], [], [], [], [], [], [], [], [], [], [], [], [], [""IEA""], [], [], [], [], [""IBA""], [], [], [], [], [], [], [], [], [], [], [""IEA""], [], [], [], [], [], [], [], [], [], [], [], [], [], [], [], [], [], [], [""IEA""], [], [], [], [], [], [], [], [""IEA""], [""ISS"", ""IEA""], [], [], [], [], [], [], [], [], [], []]",response to steroid hormone,GO:0048545,0.001384147139785732,"[""GO:0009725"", ""GO:0033993""]",0.1375,query_1,80,0.04247104247104247,True,GO:BP,259,11977,8,Vorinostat,disease_down_drug_up,6943 | 2354 | 5730 | 210 | 11170 | 842 | 4306 | 2353 | 10628 | 8013 | 57658,ISS | IEA | IBA,2.0
"""Any process that results in a change in state or activity of a cell or an organism (in terms of movement, secretion, enzyme production, gene expression, etc.) as a result of oxidative stress, a state often resulting from exposure to high levels of reactive oxygen species, e.g. superoxide anions, hydrogen peroxide (H2O2), and hydroxyl radicals."" [GOC:jl, PMID:12115731]",11154,12594,10,"[[], [""ISS""], [""TAS"", ""IEA""], [], [], [], [], [], [], [""IEA""], [], [], [], [], [], [""IDA""], [], [], [], [], [], [], [], [], [], [], [], [""IDA""], [], [], [], [], [], [], [], [], [], [], [], [], [], [""IDA""], [], [], [], [], [], [], [], [], [], [], [], [], [], [], [], [], [], [""IEA""], [""IDA"", ""IEA""], [], [], [], [], [], [], [""IDA""], [], [], [], [], [], [], [], [], [], [], [], [""IEA""]]",response to oxidative stress,GO:0006979,0.014461212144566072,"[""GO:0006950""]",0.125,query_1,80,0.033112582781456956,True,GO:BP,302,2471,10,Vorinostat,disease_down_drug_up,10516 | 2878 | 210 | 388 | 3082 | 2353 | 4929 | 10628 | 4303 | 1827,ISS | TAS | IEA | IDA,3.0
"""A molecular function regulator that reduces a catalytic activity."" [GOC:ai, GOC:ebc]",11154,1092,9,"[[], [], [], [], [], [], [], [], [], [], [], [], [], [], [], [], [], [""IDA"", ""IBA""], [""IMP"", ""IEA""], [], [""NAS""], [], [], [], [], [], [], [], [], [], [], [], [], [], [], [], [], [], [""IEA""], [""IDA"", ""IBA"", ""TAS"", ""IEA""], [], [], [], [], [""IBA"", ""TAS"", ""IEA""], [], [], [], [], [], [], [], [], [], [], [], [""IDA"", ""IEA""], [], [], [], [""IDA"", ""IEA""], [], [], [], [], [], [], [], [], [], [], [], [], [], [], [], [], [], [], [""IEA""]]",enzyme inhibitor activity,GO:0004857,0.022231263749111083,"[""GO:0030234"", ""GO:0140678""]",0.1125,query_1,80,0.030821917808219176,True,GO:MF,292,1092,3,Vorinostat,disease_down_drug_up,5577 | 1028 | 1285 | 5997 | 8434 | 7078 | 2719 | 10628 | 1827,IDA | IBA | IMP | IEA | NAS | TAS,1.0
"""Binds to and stops, prevents or reduces the activity of metalloendopeptidases, enzymes that catalyze the hydrolysis of nonterminal peptide bonds in a polypeptide chain and contain a chelated metal ion at their active sites which is essential to their catalytic activity."" [GOC:ai]",11154,1564,3,"[[], [], [], [], [], [], [], [], [], [], [], [], [], [], [], [], [], [], [], [], [""NAS""], [], [], [], [], [], [], [], [], [], [], [], [], [], [], [], [], [], [], [""IDA"", ""TAS"", ""IEA""], [], [], [], [], [""IBA"", ""TAS"", ""IEA""], [], [], [], [], [], [], [], [], [], [], [], [], [], [], [], [], [], [], [], [], [], [], [], [], [], [], [], [], [], [], [], [], [], [], []]",metalloendopeptidase inhibitor activity,GO:0008191,0.022231263749111083,"[""GO:0004866""]",0.0375,query_1,80,0.21428571428571427,True,GO:MF,14,1564,5,Vorinostat,disease_down_drug_up,1285 | 8434 | 7078,NAS | IDA | TAS | IEA | IBA,2.0
"""Binding to a nuclear glucocorticoid receptor."" [GOC:bf]",11154,4746,3,"[[], [], [], [], [], [], [], [], [], [], [], [], [], [], [], [], [], [], [], [], [], [], [], [], [], [], [], [], [], [], [], [], [""IBA""], [], [], [], [], [], [], [], [], [], [], [], [], [], [], [], [], [], [], [], [], [], [], [], [], [], [], [""IBA"", ""IEA""], [], [], [], [], [], [], [], [], [""IBA""], [], [], [], [], [], [], [], [], [], [], []]",nuclear glucocorticoid receptor binding,GO:0035259,0.022231263749111083,"[""GO:0016922""]",0.0375,query_1,80,0.25,True,GO:MF,12,4746,4,Vorinostat,disease_down_drug_up,3164 | 4929 | 8013,IBA | IEA,3.0
"""Binding to a protein kinase A."" [GOC:ai]",11154,7285,4,"[[], [], [], [], [""TAS"", ""IEA""], [], [], [], [], [], [], [], [], [], [], [], [], [""IPI"", ""IBA""], [], [], [], [], [], [""IMP""], [], [], [], [], [], [], [], [], [], [], [], [], [], [], [], [], [], [], [], [], [], [], [], [], [], [], [], [], [], [], [""IBA""], [], [], [], [], [], [], [], [], [], [], [], [], [], [], [], [], [], [], [], [], [], [], [], [], []]",protein kinase A binding,GO:0051018,0.022231263749111083,"[""GO:0005515""]",0.05,query_1,80,0.09523809523809523,True,GO:MF,42,7285,6,Vorinostat,disease_down_drug_up,9590 | 5577 | 9867 | 10810,TAS | IEA | IPI | IBA | IMP,4.0
"""Catalysis of the cleavage of a carbon-oxygen bond by elimination of water."" [EC:4.2.1.-]",11154,2930,4,"[[], [], [], [], [], [], [], [], [], [""IDA"", ""IBA"", ""TAS"", ""IEA""], [], [], [], [], [], [], [], [], [], [], [], [], [], [], [], [], [], [], [], [], [], [""IBA"", ""TAS"", ""IEA""], [], [], [], [], [], [], [], [], [], [], [], [], [], [], [], [], [], [], [], [], [], [""IDA"", ""IMP"", ""IBA"", ""IEA""], [], [], [], [], [""ISS"", ""IBA""], [], [], [], [], [], [], [], [], [], [], [], [], [], [], [], [], [], [], [], [], []]",hydro-lyase activity,GO:0016836,0.022395584883976347,"[""GO:0016835""]",0.05,query_1,80,0.08888888888888889,True,GO:MF,45,2930,1,Vorinostat,disease_down_drug_up,210 | 3030 | 48 | 79746,IDA | IBA | TAS | IEA | IMP | ISS,5.0
"""The process in which genetic material, in the form of chromosomes, is organized into specific structures and then physically separated and apportioned to two or more sets. In eukaryotes, chromosome segregation begins with the condensation of chromosomes, includes chromosome separation, and ends when chromosomes have completed movement to the spindle poles."" [GOC:jl, GOC:mah, GOC:mtg_cell_cycle, GOC:vw]",11154,12648,36,"[[""IMP""], [], [], [], [], [""IEA""], [""IMP"", ""IBA""], [""IDA"", ""IBA"", ""TAS"", ""IEA""], [""IDA"", ""IMP"", ""ISO"", ""IBA"", ""IEA""], [], [""IDA"", ""IMP"", ""IBA"", ""NAS"", ""IEA""], [], [""IMP""], [""IDA"", ""IMP"", ""TAS"", ""IEA""], [], [], [""IBA""], [], [""IDA"", ""ISS"", ""IBA""], [""ISS""], [""IDA"", ""IMP"", ""ISS"", ""IBA"", ""IEA""], [""IBA"", ""TAS""], [], [], [], [""NAS""], [], [], [], [], [""IMP""], [], [""IDA"", ""IBA"", ""NAS"", ""IEA""], [], [""IDA""], [""IMP"", ""IBA"", ""NAS""], [], [], [], [], [], [""IBA""], [], [""IDA"", ""IBA""], [""IDA"", ""IMP"", ""IBA"", ""NAS""], [], [], [], [""IMP""], [""IEA""], [], [""IMP"", ""ISS"", ""IEA""], [], [], [], [], [""IMP""], [], [], [], [""IDA"", ""IEA""], [""IMP"", ""IBA""], [], [""IDA"", ""IMP"", ""IBA"", ""TAS"", ""NAS"", ""IEA""], [], [""IMP"", ""IBA"", ""NAS""], [], [], [], [""IEA""], [""IMP"", ""IBA"", ""TAS"", ""IEA""], [], [], [], [], [], [], [], [], [], [""IMP""], [""IDA"", ""IMP"", ""IBA"", ""NAS"", ""IEA""], [], [], [], [], [], [""IBA"", ""NAS""], [], [], [], [], [], [], [], [], [], [], [], [], [], [], [], [], [], [], [], [], [], [""NAS"", ""IEA""], [""IMP""], [], [], [], [], [], [], [], [], []]",chromosome segregation,GO:0007059,2.308692940627712e-25,"[""GO:0022402""]",0.3,query_1,120,0.12244897959183673,True,GO:BP,294,2525,23,Vorinostat,disease_up_drug_down,81620 | 9133 | 24137 | 7272 | 23397 | 57405 | 1894 | 5347 | 146909 | 11130 | 56992 | 220134 | 9055 | 79019 | 55355 | 4085 | 4288 | 55143 | 11339 | 11065 | 1063 | 5901 | 6790 | 9319 | 10460 | 22974 | 891 | 10403 | 3833 | 259266 | 699 | 3835 | 701 | 9787 | 55839 | 23212,IMP | IEA | IBA | IDA | TAS | ISO | NAS | ISS,1.0
"""Any process that modulates the frequency, rate or extent of mitotic sister chromatid separation. Mitotic sister chromatid separation is the process in which sister chromatids are physically detached from each other during mitosis."" [GOC:dph, GOC:tb]",11154,14450,15,"[[], [], [], [], [], [], [], [""IDA"", ""IBA"", ""TAS"", ""IEA""], [], [], [""NAS""], [], [], [""IMP""], [], [], [], [], [""IDA"", ""IBA""], [], [""IMP""], [], [], [], [], [], [], [], [], [], [], [], [""IDA"", ""IBA"", ""NAS"", ""IEA""], [], [], [""NAS""], [], [], [], [], [], [], [], [""IDA""], [""NAS""], [], [], [], [], [], [], [""IMP""], [], [], [], [], [], [], [], [], [], [""IMP""], [], [""IMP"", ""NAS""], [], [], [], [], [], [], [""IMP"", ""IBA"", ""TAS"", ""IEA""], [], [], [], [], [], [], [], [], [], [], [""IDA"", ""IMP"", ""IBA"", ""NAS"", ""IEA""], [], [], [], [], [], [""NAS""], [], [], [], [], [], [], [], [], [], [], [], [], [], [], [], [], [], [], [], [], [], [], [], [], [], [], [], [], [], [], [], []]",regulation of mitotic sister chromatid separation,GO:0010965,8.869344186376883e-17,"[""GO:0051306"", ""GO:1905818""]",0.125,query_1,120,0.3191489361702128,True,GO:BP,47,4327,23,Vorinostat,disease_up_drug_down,7272 | 57405 | 5347 | 11130 | 220134 | 4085 | 55143 | 11065 | 1063 | 9319 | 891 | 10403 | 699 | 701 | 9787,IDA | IBA | TAS | IEA | NAS | IMP,2.0
"""Any process that modulates a cellular process that is involved in the progression of biochemical and morphological phases and events that occur in a cell during successive cell replication or nuclear replication events."" [GOC:dph, GOC:tb]",11154,14154,35,"[[""IDA"", ""IBA"", ""IEA""], [], [], [], [], [], [], [""IDA"", ""IBA"", ""TAS"", ""IEA""], [""ISO"", ""IEA""], [], [""NAS""], [], [""IDA"", ""IMP"", ""IEA""], [""IDA"", ""IMP"", ""TAS"", ""IEA""], [""IDA"", ""IBA""], [], [], [], [""IDA"", ""ISS"", ""IBA"", ""IEA""], [], [""IMP""], [""IDA""], [], [], [""NAS""], [], [""IMP""], [""IDA"", ""IMP"", ""IEA""], [], [], [], [], [""IDA"", ""IBA"", ""NAS"", ""IEA""], [], [""IDA"", ""IBA""], [""NAS""], [""IDA""], [""IMP""], [], [], [], [], [], [""IDA"", ""IMP"", ""IBA""], [""IMP"", ""IBA"", ""NAS""], [], [], [], [], [""IBA"", ""TAS""], [], [""IMP"", ""IBA""], [], [], [], [], [""IMP""], [], [], [], [""ISS"", ""IEA""], [""IDA"", ""IMP""], [], [""IMP"", ""NAS""], [], [], [], [], [], [], [""IDA"", ""IMP"", ""IBA"", ""TAS"", ""IEA""], [], [], [], [], [], [], [], [], [], [], [""IDA"", ""IMP"", ""IBA"", ""NAS"", ""IEA""], [], [""IDA""], [], [], [], [""NAS""], [], [], [], [], [], [], [], [], [], [""IDA"", ""IBA"", ""TAS""], [], [], [], [], [""IBA""], [], [], [""IDA""], [], [], [], [], [], [], [], [""IDA""], [], [""NAS"", ""IEA""], [], [], [], []]",regulation of cell cycle process,GO:0010564,1.5020636653350359e-16,"[""GO:0022402"", ""GO:0051726""]",0.2916666666666667,query_1,120,0.06529850746268656,True,GO:BP,536,4031,23,Vorinostat,disease_up_drug_down,81620 | 7272 | 23397 | 57405 | 1894 | 5347 | 1019 | 11130 | 220134 | 9055 | 5888 | 80179 | 10733 | 4085 | 4288 | 55143 | 6241 | 2237 | 11065 | 1063 | 6790 | 9319 | 10460 | 22974 | 891 | 10403 | 699 | 701 | 7023 | 9787 | 9088 | 8914 | 10112 | 55226 | 675,IDA | IBA | IEA | TAS | ISO | NAS | IMP | ISS,3.0
"""Any cellular metabolic process involving deoxyribonucleic acid. This is one of the two main types of nucleic acid, consisting of a long, unbranched macromolecule formed from one, or more commonly, two, strands of linked deoxyribonucleotides."" [ISBN:0198506732]",11154,12094,35,"[[""IDA"", ""IMP"", ""IBA"", ""IEA""], [""IMP"", ""IBA"", ""TAS"", ""NAS"", ""IEA""], [], [], [""IMP"", ""IEA""], [], [], [], [], [], [], [], [], [""IDA""], [], [], [], [], [], [], [], [], [], [""IDA"", ""IBA"", ""TAS"", ""IEA""], [""IDA"", ""IMP"", ""ISS"", ""IBA"", ""TAS"", ""IEA""], [], [], [], [""IMP"", ""IEA""], [], [], [""IBA"", ""TAS"", ""NAS"", ""IEA""], [], [], [], [], [], [""IDA"", ""TAS"", ""IEA""], [], [""IBA""], [""NAS"", ""IEA""], [], [], [], [""IEA""], [], [""IDA"", ""ISS"", ""IBA"", ""TAS"", ""IEA""], [], [""TAS""], [], [], [""ISS"", ""IBA"", ""IEA""], [], [""IDA"", ""IMP"", ""IBA"", ""IEA""], [], [], [], [], [""IC""], [], [], [], [], [], [""NAS""], [], [], [], [], [], [], [], [], [], [], [""IEA""], [""IDA"", ""IBA""], [], [], [], [""IEA""], [], [], [], [], [""IBA"", ""IEA""], [], [], [], [""IDA"", ""IMP"", ""IBA"", ""TAS"", ""IC"", ""IEA""], [""IBA"", ""TAS"", ""IEA""], [""IBA"", ""IEA""], [""IEA""], [""IDA"", ""IBA"", ""NAS"", ""IEA""], [], [], [], [], [], [], [], [""NAS""], [""IDA"", ""IMP"", ""IBA"", ""IEA""], [], [""IMP"", ""IEA""], [], [], [""IDA"", ""IMP"", ""IBA"", ""TAS"", ""IEA""], [""IDA"", ""IBA"", ""IC"", ""IEA""], [], [], [], [], [""IMP""], [], [""IDA"", ""IMP"", ""IBA"", ""IEA""], [], [], [""IBA"", ""TAS"", ""NAS"", ""IEA""], []]",DNA metabolic process,GO:0006259,1.0742830037480726e-13,"[""GO:0090304""]",0.2916666666666667,query_1,120,0.05116959064327485,True,GO:BP,684,1971,23,Vorinostat,disease_up_drug_down,81620 | 4171 | 2305 | 5347 | 5427 | 5888 | 890 | 4176 | 2237 | 54821 | 55215 | 1063 | 55247 | 5901 | 9319 | 79728 | 7298 | 8099 | 10036 | 57109 | 3835 | 11169 | 5424 | 8438 | 51659 | 27000 | 23649 | 3182 | 8914 | 3297 | 10721 | 4521 | 55226 | 675 | 4174,IDA | IMP | IBA | IEA | TAS | NAS | ISS | IC,4.0
"""A process that is carried out at the cellular level which results in the assembly, arrangement of constituent parts, or disassembly of the microtubule spindle during a mitotic cell cycle."" [GOC:go_curators, GOC:mah]",11154,12641,15,"[[], [], [], [], [], [], [""IMP"", ""IBA""], [""TAS""], [], [], [""IMP""], [], [], [""IDA"", ""IBA"", ""TAS""], [], [], [], [], [], [""ISS""], [], [""IBA"", ""TAS""], [], [], [], [], [], [], [], [], [], [], [], [], [], [""NAS""], [], [], [], [], [], [], [], [], [], [], [], [], [""TAS""], [""IBA"", ""IEA""], [], [], [], [], [], [], [""IMP"", ""IEA""], [], [], [], [""IDA"", ""ISS"", ""IEA""], [""IMP""], [], [""IMP""], [], [""IMP"", ""IBA""], [], [], [], [], [], [], [], [], [], [], [], [], [], [], [], [], [], [], [], [], [], [""IBA""], [], [], [], [], [], [], [], [], [], [], [], [], [], [], [], [], [], [], [], [], [], [], [], [], [], [], [], [], [], [], [], []]",mitotic spindle organization,GO:0007052,6.078769055721925e-12,"[""GO:0007051"", ""GO:1902850""]",0.125,query_1,120,0.1485148514851485,True,GO:BP,101,2518,23,Vorinostat,disease_up_drug_down,24137 | 7272 | 57405 | 5347 | 56992 | 9055 | 55143 | 5901 | 6790 | 10460 | 22974 | 891 | 10403 | 3833 | 9787,IMP | IBA | TAS | IDA | ISS | NAS | IEA,5.0
"""Any subdivision of a chromosome along its length."" [GOC:dos]",11154,37842,32,"[[""IDA"", ""IEA""], [""HDA""], [], [], [], [], [], [""IBA"", ""IEA""], [], [], [""IDA"", ""IPI"", ""IBA"", ""NAS"", ""IEA""], [], [], [""IDA"", ""IBA"", ""IEA""], [], [], [], [], [""IDA"", ""IBA"", ""NAS"", ""IEA""], [], [""IDA"", ""IPI"", ""IBA"", ""IEA""], [], [], [], [""IDA"", ""IEA""], [""IPI"", ""IEA""], [], [], [], [], [""IDA"", ""IBA"", ""IEA""], [""HDA""], [""IDA"", ""IBA"", ""IEA""], [], [], [""IDA"", ""IBA"", ""IEA""], [], [""IDA"", ""HDA""], [], [""IEA""], [], [""IBA"", ""IEA""], [], [], [""IDA"", ""IBA"", ""TAS"", ""IEA""], [""IDA""], [], [], [], [""IBA""], [], [], [""IEA""], [], [], [], [], [], [], [], [], [""IDA""], [], [""IDA"", ""IPI"", ""IBA"", ""TAS"", ""NAS"", ""IEA""], [], [], [], [], [], [], [""IDA"", ""IBA"", ""IEA""], [], [], [], [], [], [], [], [], [], [""TAS""], [""IDA"", ""IBA"", ""IEA""], [], [], [], [], [], [], [], [""IDA""], [], [], [], [], [], [], [], [], [], [], [], [], [], [], [""IDA"", ""IEA""], [], [], [], [], [""IPI"", ""IEA""], [], [], [], [""HDA""], [], [""IDA""], [], [], [""HDA""], [""IEA""]]",chromosomal region,GO:0098687,9.267958103650832e-22,"[""GO:0005694"", ""GO:0110165""]",0.26666666666666666,query_1,120,0.11307420494699646,True,GO:CC,283,3173,11,Vorinostat,disease_up_drug_down,81620 | 4171 | 7272 | 57405 | 5347 | 11130 | 220134 | 5888 | 79019 | 55355 | 4176 | 4085 | 55143 | 2237 | 54821 | 11339 | 1063 | 79228 | 6790 | 6839 | 891 | 10403 | 699 | 3835 | 701 | 5424 | 3297 | 55839 | 55226 | 675 | 4174 | 1786,IDA | IEA | HDA | IBA | IPI | NAS | TAS,1.0
"""The region of a kinetochore most external to centromeric DNA; this outer region mediates kinetochore-microtubule interactions."" [GOC:clt, PMID:11483983]",11154,34799,9,"[[], [], [], [], [], [], [], [], [], [], [""IDA"", ""IPI"", ""IBA"", ""IEA""], [], [], [""IDA""], [], [], [], [], [""IDA""], [], [""IDA"", ""IBA""], [], [], [], [], [], [], [], [], [], [], [], [], [], [], [], [], [], [], [], [], [], [], [], [""IDA"", ""TAS""], [], [], [], [], [], [], [], [], [], [], [], [], [], [], [], [], [""IDA""], [], [""IDA"", ""IPI"", ""IBA"", ""IEA""], [], [], [], [], [], [], [""IDA""], [], [], [], [], [], [], [], [], [], [], [""IDA"", ""IEA""], [], [], [], [], [], [], [], [], [], [], [], [], [], [], [], [], [], [], [], [], [], [], [], [], [], [], [], [], [], [], [], [], [], [], [], [], [], []]",outer kinetochore,GO:0000940,2.122256475673437e-14,"[""GO:0000776"", ""GO:0032991""]",0.075,query_1,120,0.6923076923076923,True,GO:CC,13,130,11,Vorinostat,disease_up_drug_down,57405 | 5347 | 11130 | 220134 | 1063 | 891 | 10403 | 699 | 701,IDA | IPI | IBA | IEA | TAS,2.0
"""The array of microtubules and associated molecules that forms between opposite poles of a eukaryotic cell during mitosis or meiosis and serves to move the duplicated chromosomes apart."" [ISBN:0198547684]",11154,35027,23,"[[], [], [], [], [], [], [""TAS"", ""IEA""], [""TAS""], [], [], [], [], [""IDA"", ""IEA""], [""IDA"", ""IBA"", ""IEA""], [], [], [""IDA"", ""IBA""], [], [], [""ISS"", ""IEA""], [""IDA"", ""IBA"", ""IEA""], [""IDA"", ""IBA"", ""TAS"", ""IEA""], [], [], [], [], [], [], [], [], [], [], [""IDA"", ""IEA""], [], [], [""IBA"", ""IEA""], [], [], [], [], [], [], [], [], [""IDA"", ""IBA"", ""IEA""], [], [], [], [], [""IDA"", ""IBA"", ""TAS"", ""IEA""], [], [], [], [], [], [], [""IDA"", ""IEA""], [], [], [], [""IDA"", ""ISS"", ""TAS"", ""IEA""], [""IDA""], [], [], [], [""IBA"", ""IEA""], [], [], [], [""IDA"", ""IEA""], [], [], [], [], [], [], [], [], [], [], [""IDA"", ""IEA""], [""IDA""], [], [], [], [], [], [""IDA"", ""IBA"", ""IEA""], [], [], [], [], [], [], [], [], [], [], [], [], [], [], [], [], [""IDA"", ""IEA""], [""IDA"", ""IEA""], [], [], [], [], [], [], [], [], [], [], [""IDA"", ""IEA""], [], [], []]",spindle,GO:0005819,2.438693108467579e-12,"[""GO:0015630"", ""GO:0043232""]",0.19166666666666668,query_1,120,0.07540983606557378,True,GO:CC,305,358,11,Vorinostat,disease_up_drug_down,24137 | 7272 | 1894 | 5347 | 146909 | 56992 | 220134 | 9055 | 4085 | 55143 | 1063 | 6790 | 10460 | 22974 | 891 | 3833 | 259266 | 3835 | 701 | 9787 | 3297 | 10112 | 26586,TAS | IEA | IDA | IBA | ISS,3.0
"""A chromosome that encodes the nuclear genome and is found in the nucleus of a eukaryotic cell during the cell cycle phases when the nucleus is intact."" [GOC:dph, GOC:mah]",11154,34706,15,"[[], [""IPI"", ""ISS"", ""IEA""], [], [], [], [], [], [], [""ISO"", ""IEA""], [], [], [], [], [""IEA""], [], [], [], [], [], [], [], [], [], [""IDA"", ""IPI"", ""IBA"", ""IEA""], [""IDA"", ""ISS"", ""IBA"", ""IEA""], [], [], [], [], [], [], [""IPI"", ""ISS""], [], [], [], [], [], [], [], [], [], [], [], [], [], [], [], [], [], [], [], [], [""TAS""], [], [], [], [], [], [], [], [], [], [], [], [], [], [], [], [], [], [], [], [], [], [], [], [], [], [], [], [], [], [], [], [], [""IBA""], [], [], [], [""IDA"", ""IPI"", ""IBA"", ""IEA""], [], [""IPI"", ""ISS"", ""IBA"", ""IEA""], [], [""IDA"", ""IPI"", ""IBA"", ""IEA""], [], [], [], [], [], [], [], [], [""IBA""], [], [], [], [], [], [], [], [""IDA""], [], [], [], [], [""IDA""], [], [], [""IPI"", ""ISS""], []]",nuclear chromosome,GO:0000228,4.167923850965099e-09,"[""GO:0005694"", ""GO:0031981""]",0.125,query_1,120,0.09090909090909091,True,GO:CC,165,37,11,Vorinostat,disease_up_drug_down,4171 | 23397 | 5347 | 5427 | 5888 | 4176 | 6839 | 11169 | 5424 | 51659 | 23649 | 8914 | 23212 | 675 | 4174,IPI | ISS | IEA | ISO | IDA | IBA | TAS,4.0
"""A cellular component that consists of an indeterminate number of proteins or macromolecular complexes, organized into a regular, higher-order structure such as a polymer, sheet, network or a fiber."" [GOC:dos]",11154,37937,39,"[[""IDA"", ""IEA""], [], [""IEA""], [], [], [], [""TAS"", ""IEA""], [""IBA"", ""IEA""], [], [], [""IDA"", ""IPI"", ""IBA"", ""NAS"", ""IEA""], [], [], [""IDA"", ""IBA"", ""IEA""], [], [""IDA"", ""IBA"", ""IEA""], [""IDA"", ""IBA"", ""IEA""], [], [""IDA"", ""IBA"", ""NAS"", ""IEA""], [""IBA"", ""IEA""], [""IDA"", ""IPI"", ""IBA"", ""IEA""], [""TAS"", ""IEA""], [], [], [], [""IPI"", ""IEA""], [], [], [], [], [""IDA""], [], [""IDA"", ""IBA"", ""IEA""], [], [], [], [], [], [], [""IEA""], [], [""IDA""], [], [], [""IDA"", ""TAS"", ""IEA""], [""IDA"", ""IEA""], [], [], [], [""IDA"", ""IBA"", ""IEA""], [""IEA""], [], [], [""IDA""], [], [], [], [], [], [], [""IEA""], [""IDA""], [], [""IDA"", ""IPI"", ""IBA"", ""NAS"", ""IEA""], [], [""IBA"", ""IEA""], [], [], [], [""IDA"", ""IEA""], [""IDA"", ""IBA"", ""IEA""], [], [], [], [], [], [""IDA""], [], [], [], [""IDA"", ""IBA"", ""TAS"", ""IEA""], [""IDA"", ""IBA"", ""IEA""], [], [], [], [], [], [], [], [], [], [], [], [], [], [], [], [], [], [""IDA"", ""IBA""], [], [""IEA""], [], [], [""IDA"", ""IEA""], [""IBA"", ""IEA""], [], [], [], [""IPI"", ""IEA""], [], [], [], [], [""TAS""], [], [""IEA""], [""IEA""], [], []]",supramolecular complex,GO:0099080,6.795622172765613e-09,"[""GO:0110165""]",0.325,query_1,120,0.030854430379746837,True,GO:CC,1264,3268,11,Vorinostat,disease_up_drug_down,81620 | 84823 | 24137 | 7272 | 57405 | 5347 | 51512 | 146909 | 11130 | 56992 | 220134 | 9055 | 79019 | 55355 | 4085 | 54821 | 11339 | 1063 | 79228 | 6790 | 4001 | 79728 | 22974 | 891 | 10403 | 3833 | 259266 | 699 | 57109 | 3835 | 701 | 11338 | 3182 | 3297 | 10112 | 55839 | 10915 | 26586 | 9817,IDA | IEA | TAS | IBA | IPI | NAS,5.0
"""Catalysis of a reaction that alters the macromolecular conformation of a molecule."" [EC:5.6.-.-]",11154,9119,15,"[[], [""IBA"", ""IEA""], [], [], [], [], [""IBA"", ""TAS"", ""IEA""], [], [], [], [], [], [], [], [], [], [""IBA"", ""IEA""], [], [], [""ISS"", ""IBA"", ""IEA""], [], [], [], [], [""IDA"", ""IMP""], [], [""IBA"", ""IEA""], [], [], [], [], [""IDA"", ""IBA"", ""IEA""], [], [], [], [], [], [], [], [""IEA""], [], [], [], [], [], [], [], [], [], [], [], [], [], [], [], [], [], [], [], [], [], [], [], [], [], [""IBA"", ""NAS"", ""IEA""], [], [], [], [], [], [], [], [""TAS"", ""IEA""], [], [], [], [], [], [], [""IBA"", ""TAS"", ""IEA""], [], [], [], [], [], [], [], [], [], [""IDA"", ""IEA""], [], [], [], [], [], [], [], [], [], [], [], [], [], [], [""IBA"", ""IEA""], [], [""IDA"", ""IEA""], [], [], [], [], [], [], [], [], [], [], [""IBA"", ""IEA""], []]",macromolecular conformation isomerase activity,GO:0120543,1.879877405636666e-06,"[""GO:0016853""]",0.125,query_1,120,0.06912442396313365,True,GO:MF,217,9119,1,Vorinostat,disease_up_drug_down,4171 | 24137 | 146909 | 56992 | 5888 | 80179 | 4176 | 54821 | 3833 | 54606 | 3835 | 8438 | 10112 | 10721 | 4174,IBA | IEA | TAS | ISS | IDA | IMP | NAS,1.0
"""Catalytic activity that acts to modify a nucleic acid."" [GOC:pg]",11154,9383,20,"[[], [""IBA"", ""IEA""], [], [], [], [], [], [], [], [], [], [], [], [], [], [], [], [], [], [], [], [], [], [""TAS""], [""IDA"", ""IMP"", ""IBA"", ""IEA""], [], [], [], [], [], [], [""IDA"", ""IBA"", ""IEA""], [], [], [], [], [], [""IDA"", ""IMP"", ""IBA"", ""TAS"", ""IEA""], [], [""IDA"", ""IBA"", ""IEA""], [], [], [], [], [], [], [""IDA"", ""ISS"", ""IBA"", ""TAS"", ""IEA""], [""IEA""], [], [], [], [], [], [], [""IDA"", ""IBA"", ""NAS"", ""IEA""], [], [], [], [], [], [], [], [], [], [], [], [], [], [""IDA"", ""IBA"", ""IEA""], [], [], [], [], [""TAS"", ""IEA""], [], [], [""IDA"", ""IBA"", ""IEA""], [], [], [""IDA"", ""IMP"", ""IBA"", ""IEA""], [], [], [], [], [], [], [], [], [], [""IMP"", ""IBA"", ""TAS"", ""IEA""], [""IDA"", ""IBA"", ""IEA""], [], [], [], [], [], [], [], [""EXP"", ""IMP"", ""IBA"", ""IEA""], [], [], [], [], [], [], [], [], [""IDA"", ""IMP"", ""IBA"", ""TAS"", ""IEA""], [], [], [], [], [], [""IBA"", ""IEA""], [], [], [], [], [""IBA"", ""IEA""], [""IDA"", ""IBA"", ""TAS"", ""IEA""]]","catalytic activity, acting on a nucleic acid",GO:0140640,1.879877405636666e-06,"[""GO:0003824""]",0.16666666666666666,query_1,120,0.04878048780487805,True,GO:MF,410,9383,1,Vorinostat,disease_up_drug_down,4171 | 5427 | 5888 | 4176 | 2237 | 54821 | 55247 | 80324 | 51067 | 4234 | 54606 | 57109 | 4839 | 5424 | 8438 | 79922 | 10721 | 55226 | 4174 | 1786,IBA | IEA | TAS | IDA | IMP | ISS | NAS | EXP,2.0
"""Binding to a microtubule, a filament composed of tubulin monomers."" [GOC:krc]",11154,1486,13,"[[], [], [], [], [], [], [""IEA""], [], [], [], [], [], [], [""IDA""], [], [""IBA""], [""IBA"", ""IEA""], [], [], [""IBA"", ""IEA""], [""IDA"", ""IBA"", ""IEA""], [""IBA"", ""IEA""], [], [], [], [], [], [], [], [], [], [], [], [], [], [], [], [], [], [], [], [], [], [], [""IEA""], [], [], [], [], [], [], [], [], [], [], [], [], [], [], [], [], [], [], [""IMP""], [], [""IBA"", ""IEA""], [], [], [], [], [], [], [], [], [], [], [], [], [], [], [""IBA"", ""IEA""], [], [], [], [], [], [], [""IBA""], [], [], [], [], [], [], [], [], [], [], [], [], [], [], [], [], [], [""IBA"", ""IEA""], [], [], [], [], [], [], [], [], [], [], [], [], [], []]",microtubule binding,GO:0008017,8.002780614362247e-06,"[""GO:0015631""]",0.10833333333333334,query_1,120,0.07142857142857142,True,GO:MF,182,1486,4,Vorinostat,disease_up_drug_down,24137 | 5347 | 51512 | 146909 | 56992 | 220134 | 9055 | 1063 | 10403 | 3833 | 3835 | 9787 | 10112,IEA | IDA | IBA | IMP,3.0
"""Binding to ATP, adenosine 5'-triphosphate, a universally important coenzyme and enzyme regulator."" [ISBN:0198506732]",11154,1463,32,"[[], [""IEA""], [], [], [], [], [""IEA""], [""IEA""], [], [], [], [""IEA""], [], [""IMP"", ""IEA""], [""IEA""], [], [""IEA""], [], [], [""IEA""], [], [], [], [], [""IDA"", ""IEA""], [], [""IEA""], [""IEA""], [], [], [], [""IEA""], [], [], [""IEA""], [], [], [], [], [""IEA""], [], [], [], [""IEA""], [], [], [], [], [], [""IEA""], [], [""NAS"", ""IEA""], [], [], [""TAS"", ""IEA""], [], [], [""IEA""], [], [], [], [], [], [], [], [""NAS"", ""IEA""], [], [], [], [], [""IEA""], [], [], [""IEA""], [""IDA"", ""IEA""], [], [], [], [], [], [""IEA""], [""IEA""], [], [], [], [], [], [], [], [], [""IEA""], [], [], [], [], [], [], [""IEA""], [], [], [], [], [], [], [], [""IEA""], [], [""IEA""], [], [], [], [""IEA""], [], [""IEA""], [], [], [], [], [""IEA""], []]",ATP binding,GO:0005524,1.1142497409188073e-05,"[""GO:0032559"", ""GO:0035639""]",0.26666666666666666,query_1,120,0.02867383512544803,True,GO:MF,1116,1463,2,Vorinostat,disease_up_drug_down,4171 | 24137 | 7272 | 57761 | 5347 | 1019 | 146909 | 56992 | 5888 | 80179 | 10733 | 4176 | 4288 | 54821 | 11065 | 6790 | 9319 | 51067 | 7371 | 3833 | 699 | 54606 | 1841 | 3835 | 701 | 8438 | 9088 | 10112 | 10721 | 3654 | 55226 | 4174,IEA | IMP | IDA | NAS | TAS,4.0
"""Catalysis of the reaction: ATP + H2O = ADP + phosphate, in the presence of single-stranded DNA; drives the unwinding of a DNA helix."" [GOC:jl]",11154,3058,7,"[[], [""IBA"", ""IEA""], [], [], [], [], [], [], [], [], [], [], [], [], [], [], [], [], [], [], [], [], [], [], [""IDA"", ""IMP""], [], [], [], [], [], [], [""IBA"", ""IEA""], [], [], [], [], [], [], [], [""IEA""], [], [], [], [], [], [], [], [], [], [], [], [], [], [], [], [], [], [], [], [], [], [], [], [], [], [], [], [], [], [], [], [], [], [], [], [], [], [], [], [], [], [], [], [], [], [], [], [], [], [], [""IEA""], [], [], [], [], [], [], [], [], [], [], [], [], [], [], [], [], [""IDA""], [], [], [], [], [], [], [], [], [], [], [""IBA"", ""IEA""], []]",single-stranded DNA helicase activity,GO:0017116,2.349821143714498e-05,"[""GO:0003678""]",0.058333333333333334,query_1,120,0.15217391304347827,True,GO:MF,46,3058,1,Vorinostat,disease_up_drug_down,4171 | 5888 | 4176 | 54821 | 8438 | 10721 | 4174,IBA | IEA | IDA | IMP,5.0
Cell cycle,11154,39011,16,"[[""KEGG""], [""KEGG""], [], [], [], [""KEGG""], [], [""KEGG""], [], [], [], [], [], [""KEGG""], [""KEGG""], [], [], [], [], [], [], [], [], [], [], [], [], [], [""KEGG""], [], [], [""KEGG""], [""KEGG""], [], [], [], [], [], [], [], [], [], [], [], [], [], [], [], [], [], [], [""KEGG""], [], [], [], [], [], [], [], [], [], [""KEGG""], [], [""KEGG""], [], [], [], [], [], [], [""KEGG""], [], [], [], [], [], [], [], [], [], [], [""KEGG""], [], [], [], [], [], [], [], [], [], [], [], [], [], [], [], [""KEGG""], [], [], [], [], [], [], [], [], [], [], [], [], [], [], [], [], [], [], [], [], [""KEGG""], []]",Cell cycle,KEGG:04110,5.116858520286707e-11,"[""KEGG:00000""]",0.13333333333333333,query_1,120,0.12307692307692308,True,KEGG,130,273,43,Vorinostat,disease_up_drug_down,81620 | 4171 | 9133 | 7272 | 5347 | 1019 | 890 | 4176 | 4085 | 9319 | 891 | 10403 | 699 | 701 | 9088 | 4174,KEGG,1.0
DNA replication,11154,38957,7,"[[], [""KEGG""], [], [], [], [], [], [], [], [], [], [], [], [], [], [], [], [], [], [], [], [], [], [""KEGG""], [], [], [], [], [], [], [], [""KEGG""], [], [], [], [], [], [""KEGG""], [], [], [], [], [], [], [], [], [], [], [], [], [], [], [], [], [], [], [], [], [], [], [], [], [], [], [], [], [], [], [], [], [], [], [], [], [], [], [], [], [], [], [], [], [], [], [], [], [], [], [], [""KEGG""], [], [], [], [""KEGG""], [], [], [], [], [], [], [], [], [], [], [], [], [], [], [], [], [], [], [], [], [], [], [], [], [""KEGG""], []]",DNA replication,KEGG:03030,2.9875594957004273e-06,"[""KEGG:00000""]",0.058333333333333334,query_1,120,0.20588235294117646,True,KEGG,34,219,44,Vorinostat,disease_up_drug_down,4171 | 5427 | 4176 | 2237 | 5424 | 23649 | 4174,KEGG,2.0
Progesterone-mediated oocyte maturation,11154,39123,9,"[[], [], [], [], [], [""KEGG""], [], [], [], [], [], [], [], [""KEGG""], [], [], [], [], [], [], [], [], [], [], [], [], [], [], [""KEGG""], [], [], [], [""KEGG""], [], [], [], [], [], [], [], [], [], [], [], [], [], [], [], [], [""KEGG""], [], [], [], [], [], [], [], [], [], [], [], [""KEGG""], [], [], [], [], [], [], [], [], [""KEGG""], [], [], [], [], [], [], [], [], [], [""KEGG""], [], [], [], [], [], [], [], [], [], [], [], [], [], [], [], [], [""KEGG""], [], [], [], [], [], [], [], [], [], [], [], [], [], [], [], [], [], [], [], [], [], []]",Progesterone-mediated oocyte maturation,KEGG:04914,3.3256564783240935e-06,"[""KEGG:00000""]",0.075,query_1,120,0.12,True,KEGG,75,385,45,Vorinostat,disease_up_drug_down,9133 | 5347 | 890 | 4085 | 6790 | 891 | 699 | 3835 | 9088,KEGG,3.0
Homologous recombination,11154,38985,5,"[[], [], [], [], [], [], [], [], [], [], [], [], [], [], [], [], [], [], [], [], [], [], [], [], [""KEGG""], [], [], [], [], [], [], [], [], [], [], [], [], [], [], [], [], [], [], [], [], [], [], [], [], [], [], [], [], [""KEGG""], [], [], [], [], [], [], [], [], [], [], [], [], [], [], [], [], [], [], [], [], [], [], [], [], [], [], [], [], [], [], [], [], [], [], [], [""KEGG""], [""KEGG""], [], [], [], [], [], [], [], [], [], [], [], [], [], [], [], [], [], [], [], [], [], [], [], [], [""KEGG""], [], [], [], []]",Homologous recombination,KEGG:03440,0.000534272440410333,"[""KEGG:00000""]",0.041666666666666664,query_1,120,0.15625,True,KEGG,32,247,46,Vorinostat,disease_up_drug_down,5888 | 79728 | 5424 | 8438 | 675,KEGG,4.0
p53 signaling pathway,11154,39016,5,"[[], [], [], [], [], [""KEGG""], [], [], [], [], [], [], [], [], [""KEGG""], [""KEGG""], [], [], [], [], [], [], [], [], [], [], [], [], [], [], [], [], [], [], [], [], [""KEGG""], [], [], [], [], [], [], [], [], [], [], [], [], [], [], [], [], [], [], [], [], [], [], [], [], [""KEGG""], [], [], [], [], [], [], [], [], [], [], [], [], [], [], [], [], [], [], [], [], [], [], [], [], [], [], [], [], [], [], [], [], [], [], [], [], [], [], [], [], [], [], [], [], [], [], [], [], [], [], [], [], [], [], [], [], [], []]",p53 signaling pathway,KEGG:04115,0.008787987523699586,"[""KEGG:00000""]",0.041666666666666664,query_1,120,0.078125,True,KEGG,64,278,49,Vorinostat,disease_up_drug_down,9133 | 1019 | 51512 | 6241 | 891,KEGG,5.0
Cell Cycle,11154,39661,43,"[[""REAC""], [""REAC""], [], [], [""REAC""], [""REAC""], [], [], [""REAC""], [], [""REAC""], [], [], [""REAC""], [""REAC""], [""REAC""], [], [], [""REAC""], [], [""REAC""], [], [], [""REAC""], [""REAC""], [""REAC""], [], [""REAC""], [""REAC""], [], [""REAC""], [""REAC""], [""REAC""], [], [], [""REAC""], [""REAC""], [""REAC""], [], [""REAC""], [], [""REAC""], [], [""REAC""], [""REAC""], [], [], [], [""REAC""], [""REAC""], [""REAC""], [], [], [], [], [], [], [], [""REAC""], [], [""REAC""], [""REAC""], [], [""REAC""], [], [], [], [], [], [], [""REAC""], [], [], [], [], [], [], [], [], [], [], [""REAC""], [], [], [], [], [], [], [], [""REAC""], [], [""REAC""], [], [""REAC""], [], [], [], [""REAC""], [], [], [], [], [], [], [], [""REAC""], [], [], [], [""REAC""], [], [], [], [], [], [""REAC""], [], [], [""REAC""], []]",Cell Cycle,REAC:R-HSA-1640170,4.0039460693217916e-25,"[""REAC:0000000""]",0.35833333333333334,query_1,120,0.08514851485148515,True,REAC,505,337,55,Vorinostat,disease_up_drug_down,81620 | 4171 | 2305 | 9133 | 23397 | 57405 | 5347 | 1019 | 51512 | 11130 | 220134 | 5427 | 5888 | 79019 | 10733 | 890 | 55355 | 4176 | 4085 | 55143 | 6241 | 2237 | 54821 | 11339 | 11065 | 1063 | 5901 | 6790 | 4001 | 7298 | 22974 | 891 | 10403 | 699 | 701 | 5424 | 51659 | 23649 | 9088 | 10112 | 55839 | 675 | 4174,REAC,1.0
Resolution of Sister Chromatid Cohesion,11154,41487,15,"[[], [], [], [], [], [""REAC""], [], [], [], [], [""REAC""], [], [], [""REAC""], [], [], [], [], [""REAC""], [], [""REAC""], [], [], [], [], [""REAC""], [], [], [], [], [], [], [""REAC""], [], [], [""REAC""], [], [], [], [""REAC""], [], [], [], [], [""REAC""], [], [], [], [], [], [], [], [], [], [], [], [], [], [], [], [], [""REAC""], [], [""REAC""], [], [], [], [], [], [], [""REAC""], [], [], [], [], [], [], [], [], [], [], [""REAC""], [], [], [], [], [], [], [], [], [], [], [], [], [], [], [], [], [], [], [], [], [], [], [], [], [], [], [], [""REAC""], [], [], [], [], [], [], [], [], [], []]",Resolution of Sister Chromatid Cohesion,REAC:R-HSA-2500257,1.2478428540930035e-11,"[""REAC:R-HSA-68877""]",0.125,query_1,120,0.15306122448979592,True,REAC,98,2163,55,Vorinostat,disease_up_drug_down,9133 | 57405 | 5347 | 11130 | 220134 | 79019 | 4085 | 55143 | 54821 | 1063 | 891 | 10403 | 699 | 701 | 55839,REAC,2.0
Polo-like kinase mediated events,11154,41164,6,"[[], [], [], [], [""REAC""], [""REAC""], [], [], [], [], [], [], [], [""REAC""], [], [], [], [], [], [], [], [], [], [], [], [], [], [], [], [], [], [], [], [], [], [], [], [], [], [], [], [], [], [], [""REAC""], [], [], [], [], [], [], [], [], [], [], [], [], [], [], [], [], [""REAC""], [], [], [], [], [], [], [], [], [], [], [], [], [], [], [], [], [], [], [], [], [], [], [], [], [], [], [], [], [], [], [], [], [], [], [], [""REAC""], [], [], [], [], [], [], [], [], [], [], [], [], [], [], [], [], [], [], [], [], [], []]",Polo-like kinase mediated events,REAC:R-HSA-156711,6.928569077214474e-08,"[""REAC:R-HSA-69275""]",0.05,query_1,120,0.46153846153846156,True,REAC,13,1840,55,Vorinostat,disease_up_drug_down,2305 | 9133 | 5347 | 1063 | 891 | 9088,REAC,3.0
Synthesis of DNA,11154,41797,11,"[[""REAC""], [""REAC""], [], [], [], [], [], [], [], [], [], [], [], [], [], [], [], [], [], [], [], [], [], [""REAC""], [], [], [], [], [""REAC""], [], [], [""REAC""], [], [], [], [], [], [""REAC""], [], [], [], [], [], [""REAC""], [], [], [], [], [], [], [], [], [], [], [], [], [], [], [], [], [], [], [], [], [], [], [], [], [], [], [], [], [], [], [], [], [], [], [], [], [], [], [], [], [], [], [], [], [], [""REAC""], [], [""REAC""], [], [""REAC""], [], [], [], [], [], [], [], [], [], [], [], [], [], [], [], [], [], [], [], [], [], [], [], [], [""REAC""], []]",Synthesis of DNA,REAC:R-HSA-69239,3.976412739303694e-07,"[""REAC:R-HSA-69242"", ""REAC:R-HSA-69306""]",0.09166666666666666,query_1,120,0.10576923076923077,True,REAC,104,2473,55,Vorinostat,disease_up_drug_down,81620 | 4171 | 5427 | 890 | 4176 | 2237 | 11065 | 5424 | 51659 | 23649 | 4174,REAC,4.0
G1/S Transition,11154,40372,11,"[[""REAC""], [""REAC""], [], [], [], [], [], [], [], [], [], [], [], [], [""REAC""], [], [], [], [], [], [], [], [], [""REAC""], [], [], [], [], [""REAC""], [], [], [""REAC""], [], [], [], [], [""REAC""], [], [], [], [], [], [], [], [], [], [], [], [], [], [], [], [], [], [], [], [], [], [""REAC""], [], [], [""REAC""], [], [], [], [], [], [], [], [], [], [], [], [], [], [], [], [], [], [], [], [], [], [], [], [], [], [], [], [], [], [], [], [""REAC""], [], [], [], [], [], [], [], [], [], [], [], [], [], [], [], [], [], [], [], [], [], [], [], [], [""REAC""], []]",G1/S Transition,REAC:R-HSA-69206,1.3133611963019897e-06,"[""REAC:R-HSA-453279""]",0.09166666666666666,query_1,120,0.09243697478991597,True,REAC,119,1048,55,Vorinostat,disease_up_drug_down,81620 | 4171 | 1019 | 5427 | 890 | 4176 | 6241 | 7298 | 891 | 23649 | 4174,REAC,5.0
